/*
 * Copyright (C) 2016 MediaTek Inc.
 *
 * This program is free software: you can redistribute it and/or modify
 * it under the terms of the GNU General Public License version 2 as
 * published by the Free Software Foundation.
 *
 * This program is distributed in the hope that it will be useful,
 * but WITHOUT ANY WARRANTY; without even the implied warranty of
 * MERCHANTABILITY or FITNESS FOR A PARTICULAR PURPOSE. See the
 * GNU General Public License for more details.
 */

#if IS_ENABLED(CONFIG_DOVI_UT_SUPPORT)
#include <linux/types.h>

//5005 480p case

uint32_t idk_ut_5005_ipt_sdr_v_lut[] = {
	0x00000000, 0x87ff803e, 0x01ffe40f, 0x0000b000,
	0x00000000, 0x00000000, 0x00000000, 0x00000000,
	0x00000000, 0x87f6003e, 0x01fd840d, 0x0001b000,
	0x00000000, 0x00000000, 0x00000000, 0x00000000,
	0x00000000, 0x87ec803e, 0x01fb240b, 0x0002b000,
	0x00000000, 0x00000000, 0x00000000, 0x00000000,
	0x00000000, 0x87e3003e, 0x01f8c409, 0x0003b000,
	0x00000000, 0x00000000, 0x00000000, 0x00000000,
	0x00000000, 0x87da003e, 0x01f68407, 0x0004b000,
	0x00000000, 0x00000000, 0x00000000, 0x00000000,
	0x00000000, 0x87d0803e, 0x01f42405, 0x0005b000,
	0x00000000, 0x00000000, 0x00000000, 0x00000000,
	0x00000000, 0x87c7003e, 0x01f1c403, 0x0006b000,
	0x00000000, 0x00000000, 0x00000000, 0x00000000,
	0x00000000, 0x87bd803e, 0x01ef6401, 0x0007b000,
	0x00000000, 0x00000000, 0x00000000, 0x00000000,
	0x00000000, 0x87b4003e, 0x01ed03ff, 0x0008b000,
	0x00000000, 0x00000000, 0x00000000, 0x00000000,
	0x00000000, 0x87aa803e, 0x01eaa3fd, 0x0009b000,
	0x00000000, 0x00000000, 0x00000000, 0x00000000,
	0x00000000, 0x07a18040, 0x01e863fc, 0x000ab000,
	0x00000000, 0x00000000, 0x00000000, 0x00000000,
	0x00000000, 0xc7980043, 0x01e603fa, 0x000bb000,
	0x00000000, 0x00000000, 0x00000000, 0x00000000,
	0x00000000, 0x878e8046, 0x01e3a3f9, 0x000cb000,
	0x00000000, 0x00000000, 0x00000000, 0x00000000,
	0x00000000, 0x47850049, 0x01e143f8, 0x000db000,
	0x00000000, 0x00000000, 0x00000000, 0x00000000,
	0x00000000, 0x477b804d, 0x01dee3f7, 0x000eb000,
	0x00000000, 0x00000000, 0x00000000, 0x00000000,
	0x00000000, 0x47720051, 0x01dc83f6, 0x000fb000,
	0x00000000, 0x00000000, 0x00000000, 0x00000000,
	0x00000000, 0x47690055, 0x01da43f5, 0x0010b000,
	0x00000000, 0x00000000, 0x00000000, 0x00000000,
	0x00000000, 0x875f805a, 0x01d7e3f4, 0x0011b000,
	0x00000000, 0x00000000, 0x00000000, 0x00000000,
	0x00000000, 0xc756005f, 0x01d583f3, 0x0012b000,
	0x00000000, 0x00000000, 0x00000000, 0x00000000,
	0x00000000, 0x074c8064, 0x01d323f3, 0x0013b000,
	0x00000000, 0x00000000, 0x00000000, 0x00000000,
	0x00000000, 0x47430069, 0x01d0c3f2, 0x0014b000,
	0x00000000, 0x00000000, 0x00000000, 0x00000000,
	0x00000000, 0x8739806e, 0x01ce63f1, 0x0015b000,
	0x00000000, 0x00000000, 0x00000000, 0x00000000,
	0x00000000, 0x07300074, 0x01cc03f1, 0x0016b000,
	0x00000000, 0x00000000, 0x00000000, 0x00000000,
	0x00000000, 0x47270079, 0x01c9c3f0, 0x0017b000,
	0x00000000, 0x00000000, 0x00000000, 0x00000000,
	0x00000000, 0xc71d807f, 0x01c763ef, 0x0018b000,
	0x00000000, 0x00000000, 0x00000000, 0x00000000,
	0x00000000, 0x47140085, 0x01c503ef, 0x0019b000,
	0x00000000, 0x00000000, 0x00000000, 0x00000000,
	0x00000000, 0xc70a808b, 0x01c2a3ee, 0x001ab000,
	0x00000000, 0x00000000, 0x00000000, 0x00000000,
	0x00000000, 0x47010091, 0x01c043ee, 0x001bb000,
	0x00000000, 0x00000000, 0x00000000, 0x00000000,
	0x00000000, 0xc6f78097, 0x01bde3ed, 0x001cb000,
	0x00000000, 0x00000000, 0x00000000, 0x00000000,
	0x00000000, 0x46ee809d, 0x01bba3ed, 0x001db000,
	0x00000000, 0x00000000, 0x00000000, 0x00000000,
	0x00000000, 0xc6e500a3, 0x01b943ec, 0x001eb000,
	0x00000000, 0x00000000, 0x00000000, 0x00000000,
	0x00000000, 0x46db80a9, 0x01b6e3ec, 0x001fb000,
	0x00000000, 0x00000000, 0x00000000, 0x00000000,
	0x00000000, 0xc6d200af, 0x01b483eb, 0x0020b000,
	0x00000000, 0x00000000, 0x00000000, 0x00000000,
	0x00000000, 0x86c880b6, 0x01b223eb, 0x0021b000,
	0x00000000, 0x00000000, 0x00000000, 0x00000000,
	0x00000000, 0x06bf00bc, 0x01afc3eb, 0x0022b000,
	0x00000000, 0x00000000, 0x00000000, 0x00000000,
	0x00000000, 0xc6b600c3, 0x01ad83ea, 0x0023b000,
	0x00000000, 0x00000000, 0x00000000, 0x00000000,
	0x00000000, 0x46ac80c9, 0x01ab23ea, 0x0024b000,
	0x00000000, 0x00000000, 0x00000000, 0x00000000,
	0x00000000, 0x06a300d0, 0x01a8c3ea, 0x0025b000,
	0x00000000, 0x00000000, 0x00000000, 0x00000000,
	0x00000000, 0x869980d6, 0x01a663e9, 0x0026b000,
	0x00000000, 0x00000000, 0x00000000, 0x00000000,
	0x00000000, 0x469000dd, 0x01a403e9, 0x0027b000,
	0x00000000, 0x00000000, 0x00000000, 0x00000000,
	0x00000000, 0x068680e4, 0x01a1a3e9, 0x0028b000,
	0x00000000, 0x00000000, 0x00000000, 0x00000000,
	0x00000000, 0x867d00ea, 0x019f43e8, 0x0029b000,
	0x00000000, 0x00000000, 0x00000000, 0x00000000,
	0x00000000, 0x467400f1, 0x019d03e8, 0x002ab000,
	0x00000000, 0x00000000, 0x00000000, 0x00000000,
	0x00000000, 0x066a80f8, 0x019aa3e8, 0x002bb000,
	0x00000000, 0x00000000, 0x00000000, 0x00000000,
	0x00000000, 0xc66100ff, 0x019843e7, 0x002cb000,
	0x00000000, 0x00000000, 0x00000000, 0x00000000,
	0x00000000, 0x86578106, 0x0195e3e7, 0x002db000,
	0x00000000, 0x00000000, 0x00000000, 0x00000000,
	0x00000000, 0x064e010c, 0x019383e7, 0x002eb000,
	0x00000000, 0x00000000, 0x00000000, 0x00000000,
	0x00000000, 0xc6448113, 0x019123e6, 0x002fb000,
	0x00000000, 0x00000000, 0x00000000, 0x00000000,
	0x00000000, 0x863b811a, 0x018ee3e6, 0x0030b000,
	0x00000000, 0x00000000, 0x00000000, 0x00000000,
	0x00000000, 0x46320121, 0x018c83e6, 0x0031b000,
	0x00000000, 0x00000000, 0x00000000, 0x00000000,
	0x00000000, 0x06288128, 0x018a23e6, 0x0032b000,
	0x00000000, 0x00000000, 0x00000000, 0x00000000,
	0x00000000, 0xc61f012f, 0x0187c3e5, 0x0033b000,
	0x00000000, 0x00000000, 0x00000000, 0x00000000,
	0x00000000, 0x86158136, 0x018563e5, 0x0034b000,
	0x00000000, 0x00000000, 0x00000000, 0x00000000,
	0x00000000, 0x860c013e, 0x018303e5, 0x0035b000,
	0x00000000, 0x00000000, 0x00000000, 0x00000000,
	0x00000000, 0x46030145, 0x0180c3e5, 0x0036b000,
	0x00000000, 0x00000000, 0x00000000, 0x00000000,
	0x00000000, 0x05f9814c, 0x017e63e5, 0x0037b000,
	0x00000000, 0x00000000, 0x00000000, 0x00000000,
	0x00000000, 0xc5f00153, 0x017c03e4, 0x0038b000,
	0x00000000, 0x00000000, 0x00000000, 0x00000000,
	0x00000000, 0x85e6815a, 0x0179a3e4, 0x0039b000,
	0x00000000, 0x00000000, 0x00000000, 0x00000000,
	0x00000000, 0x45dd0161, 0x017743e4, 0x003ab000,
	0x00000000, 0x00000000, 0x00000000, 0x00000000,
	0x00000000, 0x45d38169, 0x0174e3e4, 0x003bb000,
	0x00000000, 0x00000000, 0x00000000, 0x00000000,
	0x00000000, 0x05ca8170, 0x0172a3e4, 0x003cb000,
	0x00000000, 0x00000000, 0x00000000, 0x00000000,
	0x00000000, 0xc5c10177, 0x017043e3, 0x003db000,
	0x00000000, 0x00000000, 0x00000000, 0x00000000,
	0x00000000, 0x85b7817e, 0x016de3e3, 0x003eb000,
	0x00000000, 0x00000000, 0x00000000, 0x00000000,
	0x00000000, 0x85ae0186, 0x016b83e3, 0x003fb000,
	0x00000000, 0x00000000, 0x00000000, 0x00000000,
	0x00000000, 0x45a4818d, 0x016923e3, 0x0040b000,
	0x00000000, 0x00000000, 0x00000000, 0x00000000,
	0x00000000, 0x459b0195, 0x0166c3e3, 0x0041b000,
	0x00000000, 0x00000000, 0x00000000, 0x00000000,
	0x00000000, 0x0591819c, 0x016463e3, 0x0042b000,
	0x00000000, 0x00000000, 0x00000000, 0x00000000,
	0x00000000, 0xc58881a3, 0x016223e2, 0x0043b000,
	0x00000000, 0x00000000, 0x00000000, 0x00000000,
	0x00000000, 0xc57f01ab, 0x015fc3e2, 0x0044b000,
	0x00000000, 0x00000000, 0x00000000, 0x00000000,
	0x00000000, 0x857581b2, 0x015d63e2, 0x0045b000,
	0x00000000, 0x00000000, 0x00000000, 0x00000000,
	0x00000000, 0x856c01ba, 0x015b03e2, 0x0046b000,
	0x00000000, 0x00000000, 0x00000000, 0x00000000,
	0x00000000, 0x456281c1, 0x0158a3e2, 0x0047b000,
	0x00000000, 0x00000000, 0x00000000, 0x00000000,
	0x00000000, 0x455901c9, 0x015643e2, 0x0048b000,
	0x00000000, 0x00000000, 0x00000000, 0x00000000,
	0x00000000, 0x055001d0, 0x015403e2, 0x0049b000,
	0x00000000, 0x00000000, 0x00000000, 0x00000000,
	0x00000000, 0x054681d8, 0x0151a3e2, 0x004ab000,
	0x00000000, 0x00000000, 0x00000000, 0x00000000,
	0x00000000, 0xc53d01df, 0x014f43e1, 0x004bb000,
	0x00000000, 0x00000000, 0x00000000, 0x00000000,
	0x00000000, 0xc53381e7, 0x014ce3e1, 0x004cb000,
	0x00000000, 0x00000000, 0x00000000, 0x00000000,
	0x00000000, 0x852a01ee, 0x014a83e1, 0x004db000,
	0x00000000, 0x00000000, 0x00000000, 0x00000000,
	0x00000000, 0x852081f6, 0x014823e1, 0x004eb000,
	0x00000000, 0x00000000, 0x00000000, 0x00000000,
	0x00000000, 0x851781fe, 0x0145e3e1, 0x004fb000,
	0x00000000, 0x00000000, 0x00000000, 0x00000000,
	0x00000000, 0x450e0205, 0x014383e1, 0x0050b000,
	0x00000000, 0x00000000, 0x00000000, 0x00000000,
	0x00000000, 0x4504820d, 0x014123e1, 0x0051b000,
	0x00000000, 0x00000000, 0x00000000, 0x00000000,
	0x00000000, 0x04fb0214, 0x013ec3e1, 0x0052b000,
	0x00000000, 0x00000000, 0x00000000, 0x00000000,
	0x00000000, 0x04f1821c, 0x013c63e1, 0x0053b000,
	0x00000000, 0x00000000, 0x00000000, 0x00000000,
	0x00000000, 0x04e80224, 0x013a03e1, 0x0054b000,
	0x00000000, 0x00000000, 0x00000000, 0x00000000,
	0x00000000, 0xc4de822b, 0x0137a3e0, 0x0055b000,
	0x00000000, 0x00000000, 0x00000000, 0x00000000,
	0x00000000, 0xc4d58233, 0x013563e0, 0x0056b000,
	0x00000000, 0x00000000, 0x00000000, 0x00000000,
	0x00000000, 0xc4cc023b, 0x013303e0, 0x0057b000,
	0x00000000, 0x00000000, 0x00000000, 0x00000000,
	0x00000000, 0xc4c28243, 0x0130a3e0, 0x0058b000,
	0x00000000, 0x00000000, 0x00000000, 0x00000000,
	0x00000000, 0x84b9024a, 0x012e43e0, 0x0059b000,
	0x00000000, 0x00000000, 0x00000000, 0x00000000,
	0x00000000, 0x84af8252, 0x012be3e0, 0x005ab000,
	0x00000000, 0x00000000, 0x00000000, 0x00000000,
	0x00000000, 0x84a6025a, 0x012983e0, 0x005bb000,
	0x00000000, 0x00000000, 0x00000000, 0x00000000,
	0x00000000, 0x449d0261, 0x012743e0, 0x005cb000,
	0x00000000, 0x00000000, 0x00000000, 0x00000000,
	0x00000000, 0x44938269, 0x0124e3e0, 0x005db000,
	0x00000000, 0x00000000, 0x00000000, 0x00000000,
	0x00000000, 0x448a0271, 0x012283e0, 0x005eb000,
	0x00000000, 0x00000000, 0x00000000, 0x00000000,
	0x00000000, 0x44808279, 0x012023e0, 0x005fb000,
	0x00000000, 0x00000000, 0x00000000, 0x00000000,
	0x00000000, 0x44770281, 0x011dc3e0, 0x0060b000,
	0x00000000, 0x00000000, 0x00000000, 0x00000000,
	0x00000000, 0x046d8288, 0x011b63e0, 0x0061b000,
	0x00000000, 0x00000000, 0x00000000, 0x00000000,
	0x00000000, 0x04648290, 0x011923e0, 0x0062b000,
	0x00000000, 0x00000000, 0x00000000, 0x00000000,
	0x00000000, 0x045b0298, 0x0116c3e0, 0x0063b000,
	0x00000000, 0x00000000, 0x00000000, 0x00000000,
	0x00000000, 0x045182a0, 0x011463e0, 0x0064b000,
	0x00000000, 0x00000000, 0x00000000, 0x00000000,
	0x00000000, 0x044802a8, 0x011203e0, 0x0065b000,
	0x00000000, 0x00000000, 0x00000000, 0x00000000,
	0x00000000, 0xc43e82af, 0x010fa3df, 0x0066b000,
	0x00000000, 0x00000000, 0x00000000, 0x00000000,
	0x00000000, 0xc43502b7, 0x010d43df, 0x0067b000,
	0x00000000, 0x00000000, 0x00000000, 0x00000000,
	0x00000000, 0xc42b82bf, 0x010ae3df, 0x0068b000,
	0x00000000, 0x00000000, 0x00000000, 0x00000000,
	0x00000000, 0xc42282c7, 0x0108a3df, 0x0069b000,
	0x00000000, 0x00000000, 0x00000000, 0x00000000,
	0x00000000, 0xc41902cf, 0x010643df, 0x006ab000,
	0x00000000, 0x00000000, 0x00000000, 0x00000000,
	0x00000000, 0x840f82d6, 0x0103e3df, 0x006bb000,
	0x00000000, 0x00000000, 0x00000000, 0x00000000,
	0x00000000, 0x840602de, 0x010183df, 0x006cb000,
	0x00000000, 0x00000000, 0x00000000, 0x00000000,
	0x00000000, 0x83fc82e6, 0x00ff23df, 0x006db000,
	0x00000000, 0x00000000, 0x00000000, 0x00000000,
	0x00000000, 0x83f302ee, 0x00fcc3df, 0x006eb000,
	0x00000000, 0x00000000, 0x00000000, 0x00000000,
	0x00000000, 0x83ea02f6, 0x00fa83df, 0x006fb000,
	0x00000000, 0x00000000, 0x00000000, 0x00000000,
	0x00000000, 0x83e082fe, 0x00f823df, 0x0070b000,
	0x00000000, 0x00000000, 0x00000000, 0x00000000,
	0x00000000, 0x43d70305, 0x00f5c3df, 0x0071b000,
	0x00000000, 0x00000000, 0x00000000, 0x00000000,
	0x00000000, 0x43cd830d, 0x00f363df, 0x0072b000,
	0x00000000, 0x00000000, 0x00000000, 0x00000000,
	0x00000000, 0x43c40315, 0x00f103df, 0x0073b000,
	0x00000000, 0x00000000, 0x00000000, 0x00000000,
	0x00000000, 0x43ba831d, 0x00eea3df, 0x0074b000,
	0x00000000, 0x00000000, 0x00000000, 0x00000000,
	0x00000000, 0x43b18325, 0x00ec63df, 0x0075b000,
	0x00000000, 0x00000000, 0x00000000, 0x00000000,
	0x00000000, 0x43a8032d, 0x00ea03df, 0x0076b000,
	0x00000000, 0x00000000, 0x00000000, 0x00000000,
	0x00000000, 0x039e8334, 0x00e7a3df, 0x0077b000,
	0x00000000, 0x00000000, 0x00000000, 0x00000000,
	0x00000000, 0x0395033c, 0x00e543df, 0x0078b000,
	0x00000000, 0x00000000, 0x00000000, 0x00000000,
	0x00000000, 0x038b8344, 0x00e2e3df, 0x0079b000,
	0x00000000, 0x00000000, 0x00000000, 0x00000000,
	0x00000000, 0x0382034c, 0x00e083df, 0x007ab000,
	0x00000000, 0x00000000, 0x00000000, 0x00000000,
	0x00000000, 0x03788354, 0x00de23df, 0x007bb000,
	0x00000000, 0x00000000, 0x00000000, 0x00000000,
	0x00000000, 0x036f835c, 0x00dbe3df, 0x007cb000,
	0x00000000, 0x00000000, 0x00000000, 0x00000000,
	0x00000000, 0xc3660363, 0x00d983de, 0x007db000,
	0x00000000, 0x00000000, 0x00000000, 0x00000000,
	0x00000000, 0xc35c836b, 0x00d723de, 0x007eb000,
	0x00000000, 0x00000000, 0x00000000, 0x00000000,
	0x00000000, 0xc3530373, 0x00d4c3de, 0x007fb000,
	0x00000000, 0x00000000, 0x00000000, 0x00000000,
	0x00000000, 0xc349837b, 0x00d263de, 0x0080b000,
	0x00000000, 0x00000000, 0x00000000, 0x00000000,
	0x00000000, 0x83400382, 0x00d003de, 0x0081b000,
	0x00000000, 0x00000000, 0x00000000, 0x00000000,
	0x00000000, 0x8337038a, 0x00cdc3de, 0x0082b000,
	0x00000000, 0x00000000, 0x00000000, 0x00000000,
	0x00000000, 0x832d8392, 0x00cb63de, 0x0083b000,
	0x00000000, 0x00000000, 0x00000000, 0x00000000,
	0x00000000, 0x8324039a, 0x00c903de, 0x0084b000,
	0x00000000, 0x00000000, 0x00000000, 0x00000000,
	0x00000000, 0x431a83a1, 0x00c6a3de, 0x0085b000,
	0x00000000, 0x00000000, 0x00000000, 0x00000000,
	0x00000000, 0x431103a9, 0x00c443de, 0x0086b000,
	0x00000000, 0x00000000, 0x00000000, 0x00000000,
	0x00000000, 0x430783b1, 0x00c1e3de, 0x0087b000,
	0x00000000, 0x00000000, 0x00000000, 0x00000000,
	0x00000000, 0x42fe83b9, 0x00bfa3de, 0x0088b000,
	0x00000000, 0x00000000, 0x00000000, 0x00000000,
	0x00000000, 0x02f503c0, 0x00bd43de, 0x0089b000,
	0x00000000, 0x00000000, 0x00000000, 0x00000000,
	0x00000000, 0x02eb83c8, 0x00bae3de, 0x008ab000,
	0x00000000, 0x00000000, 0x00000000, 0x00000000,
	0x00000000, 0x02e203d0, 0x00b883de, 0x008bb000,
	0x00000000, 0x00000000, 0x00000000, 0x00000000,
	0x00000000, 0xc2d883d7, 0x00b623dd, 0x008cb000,
	0x00000000, 0x00000000, 0x00000000, 0x00000000,
	0x00000000, 0xc2cf03df, 0x00b3c3dd, 0x008db000,
	0x00000000, 0x00000000, 0x00000000, 0x00000000,
	0x00000000, 0xc2c583e7, 0x00b163dd, 0x008eb000,
	0x00000000, 0x00000000, 0x00000000, 0x00000000,
	0x00000000, 0x82bc83ee, 0x00af23dd, 0x008fb000,
	0x00000000, 0x00000000, 0x00000000, 0x00000000,
	0x00000000, 0x82b303f6, 0x00acc3dd, 0x0090b000,
	0x00000000, 0x00000000, 0x00000000, 0x00000000,
	0x00000000, 0x82a983fe, 0x00aa63dd, 0x0091b000,
	0x00000000, 0x00000000, 0x00000000, 0x00000000,
	0x00000000, 0x42a00405, 0x00a803dd, 0x0092b000,
	0x00000000, 0x00000000, 0x00000000, 0x00000000,
	0x00000000, 0x4296840d, 0x00a5a3dd, 0x0093b000,
	0x00000000, 0x00000000, 0x00000000, 0x00000000,
	0x00000000, 0x028d0414, 0x00a343dd, 0x0094b000,
	0x00000000, 0x00000000, 0x00000000, 0x00000000,
	0x00000000, 0x0284041c, 0x00a103dd, 0x0095b000,
	0x00000000, 0x00000000, 0x00000000, 0x00000000,
	0x00000000, 0xc27a8423, 0x009ea3dc, 0x0096b000,
	0x00000000, 0x00000000, 0x00000000, 0x00000000,
	0x00000000, 0xc271042b, 0x009c43dc, 0x0097b000,
	0x00000000, 0x00000000, 0x00000000, 0x00000000,
	0x00000000, 0x82678432, 0x0099e3dc, 0x0098b000,
	0x00000000, 0x00000000, 0x00000000, 0x00000000,
	0x00000000, 0x825e043a, 0x009783dc, 0x0099b000,
	0x00000000, 0x00000000, 0x00000000, 0x00000000,
	0x00000000, 0x42548441, 0x009523dc, 0x009ab000,
	0x00000000, 0x00000000, 0x00000000, 0x00000000,
	0x00000000, 0x424b8449, 0x0092e3dc, 0x009bb000,
	0x00000000, 0x00000000, 0x00000000, 0x00000000,
	0x00000000, 0x02420450, 0x009083dc, 0x009cb000,
	0x00000000, 0x00000000, 0x00000000, 0x00000000,
	0x00000000, 0x02388458, 0x008e23dc, 0x009db000,
	0x00000000, 0x00000000, 0x00000000, 0x00000000,
	0x00000000, 0xc22f045f, 0x008bc3db, 0x009eb000,
	0x00000000, 0x00000000, 0x00000000, 0x00000000,
	0x00000000, 0x82258466, 0x008963db, 0x009fb000,
	0x00000000, 0x00000000, 0x00000000, 0x00000000,
	0x00000000, 0x821c046e, 0x008703db, 0x00a0b000,
	0x00000000, 0x00000000, 0x00000000, 0x00000000,
	0x00000000, 0x42128475, 0x0084a3db, 0x00a1b000,
	0x00000000, 0x00000000, 0x00000000, 0x00000000,
	0x00000000, 0x0209847c, 0x008263db, 0x00a2b000,
	0x00000000, 0x00000000, 0x00000000, 0x00000000,
	0x00000000, 0x02000484, 0x008003db, 0x00a3b000,
	0x00000000, 0x00000000, 0x00000000, 0x00000000,
	0x00000000, 0xc1f6848b, 0x007da3da, 0x00a4b000,
	0x00000000, 0x00000000, 0x00000000, 0x00000000,
	0x00000000, 0x81ed0492, 0x007b43da, 0x00a5b000,
	0x00000000, 0x00000000, 0x00000000, 0x00000000,
	0x00000000, 0x41e38499, 0x0078e3da, 0x00a6b000,
	0x00000000, 0x00000000, 0x00000000, 0x00000000,
	0x00000000, 0x01da04a0, 0x007683da, 0x00a7b000,
	0x00000000, 0x00000000, 0x00000000, 0x00000000,
	0x00000000, 0x01d104a8, 0x007443da, 0x00a8b000,
	0x00000000, 0x00000000, 0x00000000, 0x00000000,
	0x00000000, 0xc1c784af, 0x0071e3d9, 0x00a9b000,
	0x00000000, 0x00000000, 0x00000000, 0x00000000,
	0x00000000, 0x81be04b6, 0x006f83d9, 0x00aab000,
	0x00000000, 0x00000000, 0x00000000, 0x00000000,
	0x00000000, 0x41b484bd, 0x006d23d9, 0x00abb000,
	0x00000000, 0x00000000, 0x00000000, 0x00000000,
	0x00000000, 0x01ab04c4, 0x006ac3d9, 0x00acb000,
	0x00000000, 0x00000000, 0x00000000, 0x00000000,
	0x00000000, 0xc1a184cb, 0x006863d8, 0x00adb000,
	0x00000000, 0x00000000, 0x00000000, 0x00000000,
	0x00000000, 0x819884d2, 0x006623d8, 0x00aeb000,
	0x00000000, 0x00000000, 0x00000000, 0x00000000,
	0x00000000, 0x418f04d9, 0x0063c3d8, 0x00afb000,
	0x00000000, 0x00000000, 0x00000000, 0x00000000,
	0x00000000, 0x018584e0, 0x006163d8, 0x00b0b000,
	0x00000000, 0x00000000, 0x00000000, 0x00000000,
	0x00000000, 0xc17c04e7, 0x005f03d7, 0x00b1b000,
	0x00000000, 0x00000000, 0x00000000, 0x00000000,
	0x00000000, 0x817284ee, 0x005ca3d7, 0x00b2b000,
	0x00000000, 0x00000000, 0x00000000, 0x00000000,
	0x00000000, 0x416904f5, 0x005a43d7, 0x00b3b000,
	0x00000000, 0x00000000, 0x00000000, 0x00000000,
	0x00000000, 0x016004fc, 0x005803d7, 0x00b4b000,
	0x00000000, 0x00000000, 0x00000000, 0x00000000,
	0x00000000, 0x81568502, 0x0055a3d6, 0x00b5b000,
	0x00000000, 0x00000000, 0x00000000, 0x00000000,
	0x00000000, 0x414d0509, 0x005343d6, 0x00b6b000,
	0x00000000, 0x00000000, 0x00000000, 0x00000000,
	0x00000000, 0x01438510, 0x0050e3d6, 0x00b7b000,
	0x00000000, 0x00000000, 0x00000000, 0x00000000,
	0x00000000, 0xc13a0517, 0x004e83d5, 0x00b8b000,
	0x00000000, 0x00000000, 0x00000000, 0x00000000,
	0x00000000, 0x8130851e, 0x004c23d5, 0x00b9b000,
	0x00000000, 0x00000000, 0x00000000, 0x00000000,
	0x00000000, 0x01270524, 0x0049c3d5, 0x00bab000,
	0x00000000, 0x00000000, 0x00000000, 0x00000000,
	0x00000000, 0xc11e052b, 0x004783d4, 0x00bbb000,
	0x00000000, 0x00000000, 0x00000000, 0x00000000,
	0x00000000, 0x41148531, 0x004523d4, 0x00bcb000,
	0x00000000, 0x00000000, 0x00000000, 0x00000000,
	0x00000000, 0x010b0538, 0x0042c3d4, 0x00bdb000,
	0x00000000, 0x00000000, 0x00000000, 0x00000000,
	0x00000000, 0xc101853f, 0x004063d3, 0x00beb000,
	0x00000000, 0x00000000, 0x00000000, 0x00000000,
	0x00000000, 0x40f80545, 0x003e03d3, 0x00bfb000,
	0x00000000, 0x00000000, 0x00000000, 0x00000000,
	0x00000000, 0x00ee854c, 0x003ba3d3, 0x00c0b000,
	0x00000000, 0x00000000, 0x00000000, 0x00000000,
	0x00000000, 0x80e58552, 0x003963d2, 0x00c1b000,
	0x00000000, 0x00000000, 0x00000000, 0x00000000,
	0x00000000, 0x40dc0559, 0x003703d2, 0x00c2b000,
	0x00000000, 0x00000000, 0x00000000, 0x00000000,
	0x00000000, 0xc0d2855f, 0x0034a3d1, 0x00c3b000,
	0x00000000, 0x00000000, 0x00000000, 0x00000000,
	0x00000000, 0x40c90565, 0x003243d1, 0x00c4b000,
	0x00000000, 0x00000000, 0x00000000, 0x00000000,
	0x00000000, 0x00bf856c, 0x002fe3d1, 0x00c5b000,
	0x00000000, 0x00000000, 0x00000000, 0x00000000,
	0x00000000, 0x80b60572, 0x002d83d0, 0x00c6b000,
	0x00000000, 0x00000000, 0x00000000, 0x00000000,
	0x00000000, 0x00ad0578, 0x002b43d0, 0x00c7b000,
	0x00000000, 0x00000000, 0x00000000, 0x00000000,
	0x00000000, 0xc0a3857f, 0x0028e3cf, 0x00c8b000,
	0x00000000, 0x00000000, 0x00000000, 0x00000000,
	0x00000000, 0x409a0585, 0x002683cf, 0x00c9b000,
	0x00000000, 0x00000000, 0x00000000, 0x00000000,
	0x00000000, 0xc090858b, 0x002423ce, 0x00cab000,
	0x00000000, 0x00000000, 0x00000000, 0x00000000,
	0x00000000, 0x40870591, 0x0021c3ce, 0x00cbb000,
	0x00000000, 0x00000000, 0x00000000, 0x00000000,
	0x00000000, 0xc07d8597, 0x001f63cd, 0x00ccb000,
	0x00000000, 0x00000000, 0x00000000, 0x00000000,
	0x00000000, 0x8074059e, 0x001d03cd, 0x00cdb000,
	0x00000000, 0x00000000, 0x00000000, 0x00000000,
	0x00000000, 0x006b05a4, 0x001ac3cd, 0x00ceb000,
	0x00000000, 0x00000000, 0x00000000, 0x00000000,
	0x00000000, 0x806185aa, 0x001863cc, 0x00cfb000,
	0x00000000, 0x00000000, 0x00000000, 0x00000000,
	0x00000000, 0x005805b0, 0x001603cc, 0x00d0b000,
	0x00000000, 0x00000000, 0x00000000, 0x00000000,
	0x00000000, 0x804e85b6, 0x0013a3cb, 0x00d1b000,
	0x00000000, 0x00000000, 0x00000000, 0x00000000,
	0x00000000, 0x004505bc, 0x001143cb, 0x00d2b000,
	0x00000000, 0x00000000, 0x00000000, 0x00000000,
	0x00000000, 0x403b85c1, 0x000ee3ca, 0x00d3b000,
	0x00000000, 0x00000000, 0x00000000, 0x00000000,
	0x00000000, 0xc03285c7, 0x000ca3c9, 0x00d4b000,
	0x00000000, 0x00000000, 0x00000000, 0x00000000,
	0x00000000, 0x402905cd, 0x000a43c9, 0x00d5b000,
	0x00000000, 0x00000000, 0x00000000, 0x00000000,
	0x00000000, 0xc01f85d3, 0x0007e3c8, 0x00d6b000,
	0x00000000, 0x00000000, 0x00000000, 0x00000000,
	0x00000000, 0x401605d9, 0x000583c8, 0x00d7b000,
	0x00000000, 0x00000000, 0x00000000, 0x00000000,
	0x00000000, 0x800c85de, 0x000323c7, 0x00d8b000,
	0x00000000, 0x00000000, 0x00000000, 0x00000000,
	0x00000000, 0x000305e4, 0x0000c3c7, 0x00d9b000,
	0x00000000, 0x00000000, 0x00000000, 0x00000000,
	0x00000000, 0x800005ea, 0x000003c6, 0x00dab000,
	0x00000000, 0x00000000, 0x00000000, 0x00000000,
	0x00000000, 0xc00005ef, 0x000003c5, 0x00dbb000,
	0x00000000, 0x00000000, 0x00000000, 0x00000000,
	0x00000000, 0x400005f5, 0x000003c5, 0x00dcb000,
	0x00000000, 0x00000000, 0x00000000, 0x00000000,
	0x00000000, 0x800005fa, 0x000003c4, 0x00ddb000,
	0x00000000, 0x00000000, 0x00000000, 0x00000000,
	0x00000000, 0x00000600, 0x000003c4, 0x00deb000,
	0x00000000, 0x00000000, 0x00000000, 0x00000000,
	0x00000000, 0x40000605, 0x000003c3, 0x00dfb000,
	0x00000000, 0x00000000, 0x00000000, 0x00000000,
	0x00000000, 0xc000060b, 0x000003c2, 0x00e0b000,
	0x00000000, 0x00000000, 0x00000000, 0x00000000,
	0x00000000, 0x00000610, 0x000003c2, 0x00e1b000,
	0x00000000, 0x00000000, 0x00000000, 0x00000000,
	0x00000000, 0x80000616, 0x000003c1, 0x00e2b000,
	0x00000000, 0x00000000, 0x00000000, 0x00000000,
	0x00000000, 0xc000061b, 0x000003c0, 0x00e3b000,
	0x00000000, 0x00000000, 0x00000000, 0x00000000,
	0x00000000, 0x00000620, 0x000003c0, 0x00e4b000,
	0x00000000, 0x00000000, 0x00000000, 0x00000000,
	0x00000000, 0x80000626, 0x000003bf, 0x00e5b000,
	0x00000000, 0x00000000, 0x00000000, 0x00000000,
	0x00000000, 0xc000062b, 0x000003be, 0x00e6b000,
	0x00000000, 0x00000000, 0x00000000, 0x00000000,
	0x00000000, 0x00000630, 0x000003be, 0x00e7b000,
	0x00000000, 0x00000000, 0x00000000, 0x00000000,
	0x00000000, 0x40000635, 0x000003bd, 0x00e8b000,
	0x00000000, 0x00000000, 0x00000000, 0x00000000,
	0x00000000, 0x8000063a, 0x000003bc, 0x00e9b000,
	0x00000000, 0x00000000, 0x00000000, 0x00000000,
	0x00000000, 0xc000063f, 0x000003bb, 0x00eab000,
	0x00000000, 0x00000000, 0x00000000, 0x00000000,
	0x00000000, 0x40000645, 0x000003bb, 0x00ebb000,
	0x00000000, 0x00000000, 0x00000000, 0x00000000,
	0x00000000, 0x8000064a, 0x000003ba, 0x00ecb000,
	0x00000000, 0x00000000, 0x00000000, 0x00000000,
	0x00000000, 0xc000064f, 0x000003b9, 0x00edb000,
	0x00000000, 0x00000000, 0x00000000, 0x00000000,
	0x00000000, 0xc0000653, 0x000003b8, 0x00eeb000,
	0x00000000, 0x00000000, 0x00000000, 0x00000000,
	0x00000000, 0x00000658, 0x000003b8, 0x00efb000,
	0x00000000, 0x00000000, 0x00000000, 0x00000000,
	0x00000000, 0x4000065d, 0x000003b7, 0x00f0b000,
	0x00000000, 0x00000000, 0x00000000, 0x00000000,
	0x00000000, 0x80000662, 0x000003b6, 0x00f1b000,
	0x00000000, 0x00000000, 0x00000000, 0x00000000,
	0x00000000, 0xc0000667, 0x000003b5, 0x00f2b000,
	0x00000000, 0x00000000, 0x00000000, 0x00000000,
	0x00000000, 0x0000066c, 0x000003b5, 0x00f3b000,
	0x00000000, 0x00000000, 0x00000000, 0x00000000,
	0x00000000, 0x00000670, 0x000003b4, 0x00f4b000,
	0x00000000, 0x00000000, 0x00000000, 0x00000000,
	0x00000000, 0x40000675, 0x000003b3, 0x00f5b000,
	0x00000000, 0x00000000, 0x00000000, 0x00000000,
	0x00000000, 0x8000067a, 0x000003b2, 0x00f6b000,
	0x00000000, 0x00000000, 0x00000000, 0x00000000,
	0x00000000, 0xc000067f, 0x000003b1, 0x00f7b000,
	0x00000000, 0x00000000, 0x00000000, 0x00000000,
	0x00000000, 0xc0000683, 0x000003b0, 0x00f8b000,
	0x00000000, 0x00000000, 0x00000000, 0x00000000,
	0x00000000, 0x00000688, 0x000003b0, 0x00f9b000,
	0x00000000, 0x00000000, 0x00000000, 0x00000000,
	0x00000000, 0x0000068c, 0x000003af, 0x00fab000,
	0x00000000, 0x00000000, 0x00000000, 0x00000000,
	0x00000000, 0x40000691, 0x000003ae, 0x00fbb000,
	0x00000000, 0x00000000, 0x00000000, 0x00000000,
	0x00000000, 0x40000695, 0x000003ad, 0x00fcb000,
	0x00000000, 0x00000000, 0x00000000, 0x00000000,
	0x00000000, 0x8000069a, 0x000003ac, 0x00fdb000,
	0x00000000, 0x00000000, 0x00000000, 0x00000000,
	0x00000000, 0x8000069e, 0x000003ab, 0x00feb000,
	0x00000000, 0x00000000, 0x00000000, 0x00000000,
	0x00000000, 0x800006a2, 0x000003aa, 0x00ffb000,
	0x00000000, 0x00000000, 0x00000000, 0x00000000,
	0x00000000, 0xc00006a7, 0x000003a9, 0x0100a000,
	0x00000000, 0x00000000, 0x00000000, 0x00000000,
	0x00000000, 0xc00006ab, 0x000003a8, 0x0101a000,
	0x00000000, 0x00000000, 0x00000000, 0x00000000,
	0x00000000, 0xc00006af, 0x000003a7, 0x0102a000,
	0x00000000, 0x00000000, 0x00000000, 0x00000000,
	0x00000000, 0x000006b4, 0x000003a7, 0x0103a000,
	0x00000000, 0x00000000, 0x00000000, 0x00000000,
	0x00000000, 0x000006b8, 0x000003a6, 0x0104a000,
	0x00000000, 0x00000000, 0x00000000, 0x00000000,
	0x00000000, 0x000006bc, 0x000003a5, 0x0105a000,
	0x00000000, 0x00000000, 0x00000000, 0x00000000,
	0x00000000, 0x000006c0, 0x000003a4, 0x0106a000,
	0x00000000, 0x00000000, 0x00000000, 0x00000000,
	0x00000000, 0x000006c4, 0x000003a3, 0x0107a000,
	0x00000000, 0x00000000, 0x00000000, 0x00000000,
	0x00000000, 0x000006c8, 0x000003a2, 0x0108a000,
	0x00000000, 0x00000000, 0x00000000, 0x00000000,
	0x00000000, 0x000006cc, 0x000003a1, 0x0109a000,
	0x00000000, 0x00000000, 0x00000000, 0x00000000,
	0x00000000, 0x000006d0, 0x000003a0, 0x010aa000,
	0x00000000, 0x00000000, 0x00000000, 0x00000000,
	0x00000000, 0x000006d4, 0x0000039f, 0x010ba000,
	0x00000000, 0x00000000, 0x00000000, 0x00000000,
	0x00000000, 0x000006d8, 0x0000039e, 0x010ca000,
	0x00000000, 0x00000000, 0x00000000, 0x00000000,
	0x00000000, 0x000006dc, 0x0000039d, 0x010da000,
	0x00000000, 0x00000000, 0x00000000, 0x00000000,
	0x00000000, 0x000006e0, 0x0000039c, 0x010ea000,
	0x00000000, 0x00000000, 0x00000000, 0x00000000,
	0x00000000, 0x000006e4, 0x0000039b, 0x010fa000,
	0x00000000, 0x00000000, 0x00000000, 0x00000000,
	0x00000000, 0x000006e8, 0x0000039a, 0x0110a000,
	0x00000000, 0x00000000, 0x00000000, 0x00000000,
	0x00000000, 0xc00006eb, 0x00000398, 0x0111a000,
	0x00000000, 0x00000000, 0x00000000, 0x00000000,
	0x00000000, 0xc00006ef, 0x00000397, 0x0112a000,
	0x00000000, 0x00000000, 0x00000000, 0x00000000,
	0x00000000, 0xc00006f3, 0x00000396, 0x0113a000,
	0x00000000, 0x00000000, 0x00000000, 0x00000000,
	0x00000000, 0xc00006f7, 0x00000395, 0x0114a000,
	0x00000000, 0x00000000, 0x00000000, 0x00000000,
	0x00000000, 0x800006fa, 0x00000394, 0x0115a000,
	0x00000000, 0x00000000, 0x00000000, 0x00000000,
	0x00000000, 0x800006fe, 0x00000393, 0x0116a000,
	0x00000000, 0x00000000, 0x00000000, 0x00000000,
	0x00000000, 0x40000701, 0x00000392, 0x0117a000,
	0x00000000, 0x00000000, 0x00000000, 0x00000000,
	0x00000000, 0x40000705, 0x00000391, 0x0118a000,
	0x00000000, 0x00000000, 0x00000000, 0x00000000,
	0x00000000, 0x40000709, 0x00000390, 0x0119a000,
	0x00000000, 0x00000000, 0x00000000, 0x00000000,
	0x00000000, 0x0000070c, 0x0000038f, 0x011aa000,
	0x00000000, 0x00000000, 0x00000000, 0x00000000,
	0x00000000, 0x00000710, 0x0000038e, 0x011ba000,
	0x00000000, 0x00000000, 0x00000000, 0x00000000,
	0x00000000, 0xc0000713, 0x0000038c, 0x011ca000,
	0x00000000, 0x00000000, 0x00000000, 0x00000000,
	0x00000000, 0x80000716, 0x0000038b, 0x011da000,
	0x00000000, 0x00000000, 0x00000000, 0x00000000,
	0x00000000, 0x8000071a, 0x0000038a, 0x011ea000,
	0x00000000, 0x00000000, 0x00000000, 0x00000000,
	0x00000000, 0x4000071d, 0x00000389, 0x011fa000,
	0x00000000, 0x00000000, 0x00000000, 0x00000000,
	0x00000000, 0x40000721, 0x00000388, 0x0120a000,
	0x00000000, 0x00000000, 0x00000000, 0x00000000,
	0x00000000, 0x00000724, 0x00000387, 0x0121a000,
	0x00000000, 0x00000000, 0x00000000, 0x00000000,
	0x00000000, 0xc0000727, 0x00000385, 0x0122a000,
	0x00000000, 0x00000000, 0x00000000, 0x00000000,
	0x00000000, 0x8000072a, 0x00000384, 0x0123a000,
	0x00000000, 0x00000000, 0x00000000, 0x00000000,
	0x00000000, 0x8000072e, 0x00000383, 0x0124a000,
	0x00000000, 0x00000000, 0x00000000, 0x00000000,
	0x00000000, 0x40000731, 0x00000382, 0x0125a000,
	0x00000000, 0x00000000, 0x00000000, 0x00000000,
	0x00000000, 0x00000734, 0x00000381, 0x0126a000,
	0x00000000, 0x00000000, 0x00000000, 0x00000000,
	0x00000000, 0xc0000737, 0x0000037f, 0x0127a000,
	0x00000000, 0x00000000, 0x00000000, 0x00000000,
	0x00000000, 0x8000073a, 0x0000037e, 0x0128a000,
	0x00000000, 0x00000000, 0x00000000, 0x00000000,
	0x00000000, 0x4000073d, 0x0000037d, 0x0129a000,
	0x00000000, 0x00000000, 0x00000000, 0x00000000,
	0x00000000, 0x00000740, 0x0000037c, 0x012aa000,
	0x00000000, 0x00000000, 0x00000000, 0x00000000,
	0x00000000, 0xc0000743, 0x0000037a, 0x012ba000,
	0x00000000, 0x00000000, 0x00000000, 0x00000000,
	0x00000000, 0x80000746, 0x00000379, 0x012ca000,
	0x00000000, 0x00000000, 0x00000000, 0x00000000,
	0x00000000, 0x40000749, 0x00000378, 0x012da000,
	0x00000000, 0x00000000, 0x00000000, 0x00000000,
	0x00000000, 0x0000074c, 0x00000377, 0x012ea000,
	0x00000000, 0x00000000, 0x00000000, 0x00000000,
	0x00000000, 0xc000074f, 0x00000375, 0x012fa000,
	0x00000000, 0x00000000, 0x00000000, 0x00000000,
	0x00000000, 0x80000752, 0x00000374, 0x0130a000,
	0x00000000, 0x00000000, 0x00000000, 0x00000000,
	0x00000000, 0x40000755, 0x00000373, 0x0131a000,
	0x00000000, 0x00000000, 0x00000000, 0x00000000,
	0x00000000, 0x00000758, 0x00000372, 0x0132a000,
	0x00000000, 0x00000000, 0x00000000, 0x00000000,
	0x00000000, 0xc000075b, 0x00000370, 0x0133a000,
	0x00000000, 0x00000000, 0x00000000, 0x00000000,
	0x00000000, 0x4000075d, 0x0000036f, 0x0134a000,
	0x00000000, 0x00000000, 0x00000000, 0x00000000,
	0x00000000, 0x00000760, 0x0000036e, 0x0135a000,
	0x00000000, 0x00000000, 0x00000000, 0x00000000,
	0x00000000, 0xc0000763, 0x0000036c, 0x0136a000,
	0x00000000, 0x00000000, 0x00000000, 0x00000000,
	0x00000000, 0x80000766, 0x0000036b, 0x0137a000,
	0x00000000, 0x00000000, 0x00000000, 0x00000000,
	0x00000000, 0x00000768, 0x0000036a, 0x0138a000,
	0x00000000, 0x00000000, 0x00000000, 0x00000000,
	0x00000000, 0xc000076b, 0x00000368, 0x0139a000,
	0x00000000, 0x00000000, 0x00000000, 0x00000000,
	0x00000000, 0x8000076e, 0x00000367, 0x013aa000,
	0x00000000, 0x00000000, 0x00000000, 0x00000000,
	0x00000000, 0x00000770, 0x00000366, 0x013ba000,
	0x00000000, 0x00000000, 0x00000000, 0x00000000,
	0x00000000, 0xc0000773, 0x00000364, 0x013ca000,
	0x00000000, 0x00000000, 0x00000000, 0x00000000,
	0x00000000, 0x40000775, 0x00000363, 0x013da000,
	0x00000000, 0x00000000, 0x00000000, 0x00000000,
	0x00000000, 0x00000778, 0x00000362, 0x013ea000,
	0x00000000, 0x00000000, 0x00000000, 0x00000000,
	0x00000000, 0x8000077a, 0x00000360, 0x013fa000,
	0x00000000, 0x00000000, 0x00000000, 0x00000000,
	0x00000000, 0x4000077d, 0x0000035f, 0x0140a000,
	0x00000000, 0x00000000, 0x00000000, 0x00000000,
	0x00000000, 0xc000077f, 0x0000035d, 0x0141a000,
	0x00000000, 0x00000000, 0x00000000, 0x00000000,
	0x00000000, 0x80000782, 0x0000035c, 0x0142a000,
	0x00000000, 0x00000000, 0x00000000, 0x00000000,
	0x00000000, 0x00000784, 0x0000035b, 0x0143a000,
	0x00000000, 0x00000000, 0x00000000, 0x00000000,
	0x00000000, 0xc0000787, 0x00000359, 0x0144a000,
	0x00000000, 0x00000000, 0x00000000, 0x00000000,
	0x00000000, 0x40000789, 0x00000358, 0x0145a000,
	0x00000000, 0x00000000, 0x00000000, 0x00000000,
	0x00000000, 0xc000078b, 0x00000356, 0x0146a000,
	0x00000000, 0x00000000, 0x00000000, 0x00000000,
	0x00000000, 0x8000078e, 0x00000355, 0x0147a000,
	0x00000000, 0x00000000, 0x00000000, 0x00000000,
	0x00000000, 0x00000790, 0x00000354, 0x0148a000,
	0x00000000, 0x00000000, 0x00000000, 0x00000000,
	0x00000000, 0x80000792, 0x00000352, 0x0149a000,
	0x00000000, 0x00000000, 0x00000000, 0x00000000,
	0x00000000, 0x40000795, 0x00000351, 0x014aa000,
	0x00000000, 0x00000000, 0x00000000, 0x00000000,
	0x00000000, 0xc0000797, 0x0000034f, 0x014ba000,
	0x00000000, 0x00000000, 0x00000000, 0x00000000,
	0x00000000, 0x40000799, 0x0000034e, 0x014ca000,
	0x00000000, 0x00000000, 0x00000000, 0x00000000,
	0x00000000, 0xc000079b, 0x0000034c, 0x014da000,
	0x00000000, 0x00000000, 0x00000000, 0x00000000,
	0x00000000, 0x8000079e, 0x0000034b, 0x014ea000,
	0x00000000, 0x00000000, 0x00000000, 0x00000000,
	0x00000000, 0x000007a0, 0x0000034a, 0x014fa000,
	0x00000000, 0x00000000, 0x00000000, 0x00000000,
	0x00000000, 0x800007a2, 0x00000348, 0x0150a000,
	0x00000000, 0x00000000, 0x00000000, 0x00000000,
	0x00000000, 0x000007a4, 0x00000347, 0x0151a000,
	0x00000000, 0x00000000, 0x00000000, 0x00000000,
	0x00000000, 0x800007a6, 0x00000345, 0x0152a000,
	0x00000000, 0x00000000, 0x00000000, 0x00000000,
	0x00000000, 0x000007a8, 0x00000344, 0x0153a000,
	0x00000000, 0x00000000, 0x00000000, 0x00000000,
	0x00000000, 0x800007aa, 0x00000342, 0x0154a000,
	0x00000000, 0x00000000, 0x00000000, 0x00000000,
	0x00000000, 0x400007ad, 0x00000341, 0x0155a000,
	0x00000000, 0x00000000, 0x00000000, 0x00000000,
	0x00000000, 0xc00007af, 0x0000033f, 0x0156a000,
	0x00000000, 0x00000000, 0x00000000, 0x00000000,
	0x00000000, 0x400007b1, 0x0000033e, 0x0157a000,
	0x00000000, 0x00000000, 0x00000000, 0x00000000,
	0x00000000, 0xc00007b3, 0x0000033c, 0x0158a000,
	0x00000000, 0x00000000, 0x00000000, 0x00000000,
	0x00000000, 0x400007b5, 0x0000033b, 0x0159a000,
	0x00000000, 0x00000000, 0x00000000, 0x00000000,
	0x00000000, 0xc00007b7, 0x00000339, 0x015aa000,
	0x00000000, 0x00000000, 0x00000000, 0x00000000,
	0x00000000, 0x000007b8, 0x00000338, 0x015ba000,
	0x00000000, 0x00000000, 0x00000000, 0x00000000,
	0x00000000, 0x800007ba, 0x00000336, 0x015ca000,
	0x00000000, 0x00000000, 0x00000000, 0x00000000,
	0x00000000, 0x000007bc, 0x00000335, 0x015da000,
	0x00000000, 0x00000000, 0x00000000, 0x00000000,
	0x00000000, 0x800007be, 0x00000333, 0x015ea000,
	0x00000000, 0x00000000, 0x00000000, 0x00000000,
	0x00000000, 0x000007c0, 0x00000332, 0x015fa000,
	0x00000000, 0x00000000, 0x00000000, 0x00000000,
	0x00000000, 0x800007c2, 0x00000330, 0x0160a000,
	0x00000000, 0x00000000, 0x00000000, 0x00000000,
	0x00000000, 0x000007c4, 0x0000032f, 0x0161a000,
	0x00000000, 0x00000000, 0x00000000, 0x00000000,
	0x00000000, 0x800007c6, 0x0000032d, 0x0162a000,
	0x00000000, 0x00000000, 0x00000000, 0x00000000,
	0x00000000, 0xc00007c7, 0x0000032b, 0x0163a000,
	0x00000000, 0x00000000, 0x00000000, 0x00000000,
	0x00000000, 0x400007c9, 0x0000032a, 0x0164a000,
	0x00000000, 0x00000000, 0x00000000, 0x00000000,
	0x00000000, 0xc00007cb, 0x00000328, 0x0165a000,
	0x00000000, 0x00000000, 0x00000000, 0x00000000,
	0x00000000, 0x400007cd, 0x00000327, 0x0166a000,
	0x00000000, 0x00000000, 0x00000000, 0x00000000,
	0x00000000, 0xc00007cf, 0x00000325, 0x0167a000,
	0x00000000, 0x00000000, 0x00000000, 0x00000000,
	0x00000000, 0x000007d0, 0x00000324, 0x0168a000,
	0x00000000, 0x00000000, 0x00000000, 0x00000000,
	0x00000000, 0x800007d2, 0x00000322, 0x0169a000,
	0x00000000, 0x00000000, 0x00000000, 0x00000000,
	0x00000000, 0x000007d4, 0x00000321, 0x016aa000,
	0x00000000, 0x00000000, 0x00000000, 0x00000000,
	0x00000000, 0x400007d5, 0x0000031f, 0x016ba000,
	0x00000000, 0x00000000, 0x00000000, 0x00000000,
	0x00000000, 0xc00007d7, 0x0000031d, 0x016ca000,
	0x00000000, 0x00000000, 0x00000000, 0x00000000,
	0x00000000, 0x400007d9, 0x0000031c, 0x016da000,
	0x00000000, 0x00000000, 0x00000000, 0x00000000,
	0x00000000, 0x800007da, 0x0000031a, 0x016ea000,
	0x00000000, 0x00000000, 0x00000000, 0x00000000,
	0x00000000, 0x000007dc, 0x00000319, 0x016fa000,
	0x00000000, 0x00000000, 0x00000000, 0x00000000,
	0x00000000, 0x800007de, 0x00000317, 0x0170a000,
	0x00000000, 0x00000000, 0x00000000, 0x00000000,
	0x00000000, 0xc00007df, 0x00000315, 0x0171a000,
	0x00000000, 0x00000000, 0x00000000, 0x00000000,
	0x00000000, 0x400007e1, 0x00000314, 0x0172a000,
	0x00000000, 0x00000000, 0x00000000, 0x00000000,
	0x00000000, 0x800007e2, 0x00000312, 0x0173a000,
	0x00000000, 0x00000000, 0x00000000, 0x00000000,
	0x00000000, 0x000007e4, 0x00000311, 0x0174a000,
	0x00000000, 0x00000000, 0x00000000, 0x00000000,
	0x00000000, 0x400007e5, 0x0000030f, 0x0175a000,
	0x00000000, 0x00000000, 0x00000000, 0x00000000,
	0x00000000, 0xc00007e7, 0x0000030d, 0x0176a000,
	0x00000000, 0x00000000, 0x00000000, 0x00000000,
	0x00000000, 0x000007e8, 0x0000030c, 0x0177a000,
	0x00000000, 0x00000000, 0x00000000, 0x00000000,
	0x00000000, 0x800007ea, 0x0000030a, 0x0178a000,
	0x00000000, 0x00000000, 0x00000000, 0x00000000,
	0x00000000, 0xc00007eb, 0x00000308, 0x0179a000,
	0x00000000, 0x00000000, 0x00000000, 0x00000000,
	0x00000000, 0x400007ed, 0x00000307, 0x017aa000,
	0x00000000, 0x00000000, 0x00000000, 0x00000000,
	0x00000000, 0x800007ee, 0x00000305, 0x017ba000,
	0x00000000, 0x00000000, 0x00000000, 0x00000000,
	0x00000000, 0x000007f0, 0x00000304, 0x017ca000,
	0x00000000, 0x00000000, 0x00000000, 0x00000000,
	0x00000000, 0x400007f1, 0x00000302, 0x017da000,
	0x00000000, 0x00000000, 0x00000000, 0x00000000,
	0x00000000, 0xc00007f3, 0x00000300, 0x017ea000,
	0x00000000, 0x00000000, 0x00000000, 0x00000000,
	0x00000000, 0x000007f4, 0x000002ff, 0x017fa000,
	0x00000000, 0x00000000, 0x00000000, 0x00000000,
	0x00000000, 0x400007f5, 0x000002fd, 0x0180a000,
	0x00000000, 0x00000000, 0x00000000, 0x00000000,
	0x00000000, 0xc00007f7, 0x000002fb, 0x0181a000,
	0x00000000, 0x00000000, 0x00000000, 0x00000000,
	0x00000000, 0x000007f8, 0x000002fa, 0x0182a000,
	0x00000000, 0x00000000, 0x00000000, 0x00000000,
	0x00000000, 0x400007f9, 0x000002f8, 0x0183a000,
	0x00000000, 0x00000000, 0x00000000, 0x00000000,
	0x00000000, 0xc00007fb, 0x000002f6, 0x0184a000,
	0x00000000, 0x00000000, 0x00000000, 0x00000000,
	0x00000000, 0x000007fc, 0x000002f5, 0x0185a000,
	0x00000000, 0x00000000, 0x00000000, 0x00000000,
	0x00000000, 0x400007fd, 0x000002f3, 0x0186a000,
	0x00000000, 0x00000000, 0x00000000, 0x00000000,
	0x00000000, 0xc00007ff, 0x000002f1, 0x0187a000,
	0x00000000, 0x00000000, 0x00000000, 0x00000000,
	0x00000000, 0x00000800, 0x000002f0, 0x0188a000,
	0x00000000, 0x00000000, 0x00000000, 0x00000000,
	0x00000000, 0x40000801, 0x000002ee, 0x0189a000,
	0x00000000, 0x00000000, 0x00000000, 0x00000000,
	0x00000000, 0x80000802, 0x000002ec, 0x018aa000,
	0x00000000, 0x00000000, 0x00000000, 0x00000000,
	0x00000000, 0x00000804, 0x000002eb, 0x018ba000,
	0x00000000, 0x00000000, 0x00000000, 0x00000000,
	0x00000000, 0x40000805, 0x000002e9, 0x018ca000,
	0x00000000, 0x00000000, 0x00000000, 0x00000000,
	0x00000000, 0x80000806, 0x000002e7, 0x018da000,
	0x00000000, 0x00000000, 0x00000000, 0x00000000,
	0x00000000, 0xc0000807, 0x000002e5, 0x018ea000,
	0x00000000, 0x00000000, 0x00000000, 0x00000000,
	0x00000000, 0x40000809, 0x000002e4, 0x018fa000,
	0x00000000, 0x00000000, 0x00000000, 0x00000000,
	0x00000000, 0x8000080a, 0x000002e2, 0x0190a000,
	0x00000000, 0x00000000, 0x00000000, 0x00000000,
	0x00000000, 0xc000080b, 0x000002e0, 0x0191a000,
	0x00000000, 0x00000000, 0x00000000, 0x00000000,
	0x00000000, 0x0000080c, 0x000002df, 0x0192a000,
	0x00000000, 0x00000000, 0x00000000, 0x00000000,
	0x00000000, 0x4000080d, 0x000002dd, 0x0193a000,
	0x00000000, 0x00000000, 0x00000000, 0x00000000,
	0x00000000, 0x8000080e, 0x000002db, 0x0194a000,
	0x00000000, 0x00000000, 0x00000000, 0x00000000,
	0x00000000, 0x00000810, 0x000002da, 0x0195a000,
	0x00000000, 0x00000000, 0x00000000, 0x00000000,
	0x00000000, 0x40000811, 0x000002d8, 0x0196a000,
	0x00000000, 0x00000000, 0x00000000, 0x00000000,
	0x00000000, 0x80000812, 0x000002d6, 0x0197a000,
	0x00000000, 0x00000000, 0x00000000, 0x00000000,
	0x00000000, 0xc0000813, 0x000002d4, 0x0198a000,
	0x00000000, 0x00000000, 0x00000000, 0x00000000,
	0x00000000, 0x00000814, 0x000002d3, 0x0199a000,
	0x00000000, 0x00000000, 0x00000000, 0x00000000,
	0x00000000, 0x40000815, 0x000002d1, 0x019aa000,
	0x00000000, 0x00000000, 0x00000000, 0x00000000,
	0x00000000, 0x80000816, 0x000002cf, 0x019ba000,
	0x00000000, 0x00000000, 0x00000000, 0x00000000,
	0x00000000, 0xc0000817, 0x000002cd, 0x019ca000,
	0x00000000, 0x00000000, 0x00000000, 0x00000000,
	0x00000000, 0x00000818, 0x000002cc, 0x019da000,
	0x00000000, 0x00000000, 0x00000000, 0x00000000,
	0x00000000, 0x40000819, 0x000002ca, 0x019ea000,
	0x00000000, 0x00000000, 0x00000000, 0x00000000,
	0x00000000, 0x8000081a, 0x000002c8, 0x019fa000,
	0x00000000, 0x00000000, 0x00000000, 0x00000000,
	0x00000000, 0xc000081b, 0x000002c6, 0x01a0a000,
	0x00000000, 0x00000000, 0x00000000, 0x00000000,
	0x00000000, 0x0000081c, 0x000002c5, 0x01a1a000,
	0x00000000, 0x00000000, 0x00000000, 0x00000000,
	0x00000000, 0x8000081e, 0x000002c3, 0x01a2a000,
	0x00000000, 0x00000000, 0x00000000, 0x00000000,
	0x00000000, 0xc000081f, 0x000002c1, 0x01a3a000,
	0x00000000, 0x00000000, 0x00000000, 0x00000000,
	0x00000000, 0xc000081f, 0x000002bf, 0x01a4a000,
	0x00000000, 0x00000000, 0x00000000, 0x00000000,
	0x00000000, 0x00000820, 0x000002be, 0x01a5a000,
	0x00000000, 0x00000000, 0x00000000, 0x00000000,
	0x00000000, 0x40000821, 0x000002bc, 0x01a6a000,
	0x00000000, 0x00000000, 0x00000000, 0x00000000,
	0x00000000, 0x40000821, 0x000002ba, 0x01a7a000,
	0x00000000, 0x00000000, 0x00000000, 0x00000000,
	0x00000000, 0x40000821, 0x000002b8, 0x01a8a000,
	0x00000000, 0x00000000, 0x00000000, 0x00000000,
	0x00000000, 0x40000821, 0x000002b6, 0x01a9a000,
	0x00000000, 0x00000000, 0x00000000, 0x00000000,
	0x00000000, 0x40000821, 0x000002b4, 0x01aaa000,
	0x00000000, 0x00000000, 0x00000000, 0x00000000,
	0x00000000, 0x40000821, 0x000002b2, 0x01aba000,
	0x00000000, 0x00000000, 0x00000000, 0x00000000,
	0x00000000, 0x40000821, 0x000002b0, 0x01aca000,
	0x00000000, 0x00000000, 0x00000000, 0x00000000,
	0x00000000, 0x40000821, 0x000002ae, 0x01ada000,
	0x00000000, 0x00000000, 0x00000000, 0x00000000,
	0x00000000, 0x40000821, 0x000002ac, 0x01aea000,
	0x00000000, 0x00000000, 0x00000000, 0x00000000,
	0x00000000, 0x40000821, 0x000002aa, 0x01afa000,
	0x00000000, 0x00000000, 0x00000000, 0x00000000,
	0x00000000, 0x40000821, 0x000002a8, 0x01b0a000,
	0x00000000, 0x00000000, 0x00000000, 0x00000000,
	0x00000000, 0x40000821, 0x000002a6, 0x01b1a000,
	0x00000000, 0x00000000, 0x00000000, 0x00000000,
	0x00000000, 0x40000821, 0x000002a4, 0x01b2a000,
	0x00000000, 0x00000000, 0x00000000, 0x00000000,
	0x00000000, 0x40000821, 0x000002a2, 0x01b3a000,
	0x00000000, 0x00000000, 0x00000000, 0x00000000,
	0x00000000, 0x40000821, 0x000002a0, 0x01b4a000,
	0x00000000, 0x00000000, 0x00000000, 0x00000000,
	0x00000000, 0x40000821, 0x0000029e, 0x01b5a000,
	0x00000000, 0x00000000, 0x00000000, 0x00000000,
	0x00000000, 0x40000821, 0x0000029c, 0x01b6a000,
	0x00000000, 0x00000000, 0x00000000, 0x00000000,
	0x00000000, 0x40000821, 0x0000029a, 0x01b7a000,
	0x00000000, 0x00000000, 0x00000000, 0x00000000,
	0x00000000, 0x40000821, 0x00000298, 0x01b8a000,
	0x00000000, 0x00000000, 0x00000000, 0x00000000,
	0x00000000, 0x40000821, 0x00000296, 0x01b9a000,
	0x00000000, 0x00000000, 0x00000000, 0x00000000,
	0x00000000, 0x40000821, 0x00000294, 0x01baa000,
	0x00000000, 0x00000000, 0x00000000, 0x00000000,
	0x00000000, 0x40000821, 0x00000292, 0x01bba000,
	0x00000000, 0x00000000, 0x00000000, 0x00000000,
	0x00000000, 0x40000821, 0x00000290, 0x01bca000,
	0x00000000, 0x00000000, 0x00000000, 0x00000000,
	0x00000000, 0x40000821, 0x0000028e, 0x01bda000,
	0x00000000, 0x00000000, 0x00000000, 0x00000000,
	0x00000000, 0x40000821, 0x0000028c, 0x01bea000,
	0x00000000, 0x00000000, 0x00000000, 0x00000000,
	0x00000000, 0x40000821, 0x0000028a, 0x01bfa000,
	0x00000000, 0x00000000, 0x00000000, 0x00000000,
	0x00000000, 0x40000821, 0x00000288, 0x01c0a000,
	0x00000000, 0x00000000, 0x00000000, 0x00000000,
	0x00000000, 0x40000821, 0x00000286, 0x01c1a000,
	0x00000000, 0x00000000, 0x00000000, 0x00000000,
	0x00000000, 0x40000821, 0x00000284, 0x01c2a000,
	0x00000000, 0x00000000, 0x00000000, 0x00000000,
	0x00000000, 0x40000821, 0x00000282, 0x01c3a000,
	0x00000000, 0x00000000, 0x00000000, 0x00000000,
	0x00000000, 0x40000821, 0x00000280, 0x01c4a000,
	0x00000000, 0x00000000, 0x00000000, 0x00000000,
	0x00000000, 0x40000821, 0x0000027e, 0x01c5a000,
	0x00000000, 0x00000000, 0x00000000, 0x00000000,
	0x00000000, 0x40000821, 0x0000027c, 0x01c6a000,
	0x00000000, 0x00000000, 0x00000000, 0x00000000,
	0x00000000, 0x40000821, 0x0000027a, 0x01c7a000,
	0x00000000, 0x00000000, 0x00000000, 0x00000000,
	0x00000000, 0x40000821, 0x00000278, 0x01c8a000,
	0x00000000, 0x00000000, 0x00000000, 0x00000000,
	0x00000000, 0x40000821, 0x00000276, 0x01c9a000,
	0x00000000, 0x00000000, 0x00000000, 0x00000000,
	0x00000000, 0x40000821, 0x00000274, 0x01caa000,
	0x00000000, 0x00000000, 0x00000000, 0x00000000,
	0x00000000, 0x40000821, 0x00000272, 0x01cba000,
	0x00000000, 0x00000000, 0x00000000, 0x00000000,
	0x00000000, 0x40000821, 0x00000270, 0x01cca000,
	0x00000000, 0x00000000, 0x00000000, 0x00000000,
	0x00000000, 0x40000821, 0x0000026e, 0x01cda000,
	0x00000000, 0x00000000, 0x00000000, 0x00000000,
	0x00000000, 0x40000821, 0x0000026c, 0x01cea000,
	0x00000000, 0x00000000, 0x00000000, 0x00000000,
	0x00000000, 0x40000821, 0x0000026a, 0x01cfa000,
	0x00000000, 0x00000000, 0x00000000, 0x00000000,
	0x00000000, 0x40000821, 0x00000268, 0x01d0a000,
	0x00000000, 0x00000000, 0x00000000, 0x00000000,
	0x00000000, 0x40000821, 0x00000266, 0x01d1a000,
	0x00000000, 0x00000000, 0x00000000, 0x00000000,
	0x00000000, 0x40000821, 0x00000264, 0x01d2a000,
	0x00000000, 0x00000000, 0x00000000, 0x00000000,
	0x00000000, 0x40000821, 0x00000262, 0x01d3a000,
	0x00000000, 0x00000000, 0x00000000, 0x00000000,
	0x00000000, 0x40000821, 0x00000260, 0x01d4a000,
	0x00000000, 0x00000000, 0x00000000, 0x00000000,
	0x00000000, 0x40000821, 0x0000025e, 0x01d5a000,
	0x00000000, 0x00000000, 0x00000000, 0x00000000,
	0x00000000, 0x40000821, 0x0000025c, 0x01d6a000,
	0x00000000, 0x00000000, 0x00000000, 0x00000000,
	0x00000000, 0x40000821, 0x0000025a, 0x01d7a000,
	0x00000000, 0x00000000, 0x00000000, 0x00000000,
	0x00000000, 0x40000821, 0x00000258, 0x01d8a000,
	0x00000000, 0x00000000, 0x00000000, 0x00000000,
	0x00000000, 0x40000821, 0x00000256, 0x01d9a000,
	0x00000000, 0x00000000, 0x00000000, 0x00000000,
	0x00000000, 0x40000821, 0x00000254, 0x01daa000,
	0x00000000, 0x00000000, 0x00000000, 0x00000000,
	0x00000000, 0x40000821, 0x00000252, 0x01dba000,
	0x00000000, 0x00000000, 0x00000000, 0x00000000,
	0x00000000, 0x40000821, 0x00000250, 0x01dca000,
	0x00000000, 0x00000000, 0x00000000, 0x00000000,
	0x00000000, 0x40000821, 0x0000024e, 0x01dda000,
	0x00000000, 0x00000000, 0x00000000, 0x00000000,
	0x00000000, 0x40000821, 0x0000024c, 0x01dea000,
	0x00000000, 0x00000000, 0x00000000, 0x00000000,
	0x00000000, 0x40000821, 0x0000024a, 0x01dfa000,
	0x00000000, 0x00000000, 0x00000000, 0x00000000,
	0x00000000, 0x40000821, 0x00000248, 0x01e0a000,
	0x00000000, 0x00000000, 0x00000000, 0x00000000,
	0x00000000, 0x40000821, 0x00000246, 0x01e1a000,
	0x00000000, 0x00000000, 0x00000000, 0x00000000,
	0x00000000, 0x40000821, 0x00000244, 0x01e2a000,
	0x00000000, 0x00000000, 0x00000000, 0x00000000,
	0x00000000, 0x40000821, 0x00000242, 0x01e3a000,
	0x00000000, 0x00000000, 0x00000000, 0x00000000,
	0x00000000, 0x40000821, 0x00000240, 0x01e4a000,
	0x00000000, 0x00000000, 0x00000000, 0x00000000,
	0x00000000, 0x40000821, 0x0000023e, 0x01e5a000,
	0x00000000, 0x00000000, 0x00000000, 0x00000000,
	0x00000000, 0x40000821, 0x0000023c, 0x01e6a000,
	0x00000000, 0x00000000, 0x00000000, 0x00000000,
	0x00000000, 0x40000821, 0x0000023a, 0x01e7a000,
	0x00000000, 0x00000000, 0x00000000, 0x00000000,
	0x00000000, 0x40000821, 0x00000238, 0x01e8a000,
	0x00000000, 0x00000000, 0x00000000, 0x00000000,
	0x00000000, 0x40000821, 0x00000236, 0x01e9a000,
	0x00000000, 0x00000000, 0x00000000, 0x00000000,
	0x00000000, 0x40000821, 0x00000234, 0x01eaa000,
	0x00000000, 0x00000000, 0x00000000, 0x00000000,
	0x00000000, 0x40000821, 0x00000232, 0x01eba000,
	0x00000000, 0x00000000, 0x00000000, 0x00000000,
	0x00000000, 0x40000821, 0x00000230, 0x01eca000,
	0x00000000, 0x00000000, 0x00000000, 0x00000000,
	0x00000000, 0x40000821, 0x0000022e, 0x01eda000,
	0x00000000, 0x00000000, 0x00000000, 0x00000000,
	0x00000000, 0x40000821, 0x0000022c, 0x01eea000,
	0x00000000, 0x00000000, 0x00000000, 0x00000000,
	0x00000000, 0x40000821, 0x0000022a, 0x01efa000,
	0x00000000, 0x00000000, 0x00000000, 0x00000000,
	0x00000000, 0x40000821, 0x00000228, 0x01f0a000,
	0x00000000, 0x00000000, 0x00000000, 0x00000000,
	0x00000000, 0x40000821, 0x00000226, 0x01f1a000,
	0x00000000, 0x00000000, 0x00000000, 0x00000000,
	0x00000000, 0x40000821, 0x00000224, 0x01f2a000,
	0x00000000, 0x00000000, 0x00000000, 0x00000000,
	0x00000000, 0x40000821, 0x00000222, 0x01f3a000,
	0x00000000, 0x00000000, 0x00000000, 0x00000000,
	0x00000000, 0x40000821, 0x00000220, 0x01f4a000,
	0x00000000, 0x00000000, 0x00000000, 0x00000000,
	0x00000000, 0x40000821, 0x0000021e, 0x01f5a000,
	0x00000000, 0x00000000, 0x00000000, 0x00000000,
	0x00000000, 0x40000821, 0x0000021c, 0x01f6a000,
	0x00000000, 0x00000000, 0x00000000, 0x00000000,
	0x00000000, 0x40000821, 0x0000021a, 0x01f7a000,
	0x00000000, 0x00000000, 0x00000000, 0x00000000,
	0x00000000, 0x40000821, 0x00000218, 0x01f8a000,
	0x00000000, 0x00000000, 0x00000000, 0x00000000,
	0x00000000, 0x40000821, 0x00000216, 0x01f9a000,
	0x00000000, 0x00000000, 0x00000000, 0x00000000,
	0x00000000, 0x40000821, 0x00000214, 0x01faa000,
	0x00000000, 0x00000000, 0x00000000, 0x00000000,
	0x00000000, 0x40000821, 0x00000212, 0x01fba000,
	0x00000000, 0x00000000, 0x00000000, 0x00000000,
	0x00000000, 0x40000821, 0x00000210, 0x01fca000,
	0x00000000, 0x00000000, 0x00000000, 0x00000000,
	0x00000000, 0x40000821, 0x0000020e, 0x01fda000,
	0x00000000, 0x00000000, 0x00000000, 0x00000000,
	0x00000000, 0x40000821, 0x0000020c, 0x01fea000,
	0x00000000, 0x00000000, 0x00000000, 0x00000000,
	0x00000000, 0x40000821, 0x0000020a, 0x01ffa000,
	0x00000000, 0x00000000, 0x00000000, 0x00000000
};

uint32_t idk_ut_5005_sdr_sdr_g_lut[] = {
	0x00000511, 0xc7ff8000, 0x01ffe3ff, 0x0000b000,
	0x00000000, 0x00000000, 0x00000000, 0x00000000,
	0x0000105e, 0xc7ff8008, 0x01ffe3ff, 0x0001b000,
	0x00000000, 0x00000000, 0x00000000, 0x00000000,
	0x000023e7, 0xc7ff8010, 0x01ffe3ff, 0x0002b000,
	0x00000000, 0x00000000, 0x00000000, 0x00000000,
	0x000040c1, 0xc7ff8018, 0x01ffe3ff, 0x0003b000,
	0x00000000, 0x00000000, 0x00000000, 0x00000000,
	0x000067e2, 0xc7ff8020, 0x01ffe3ff, 0x0004b000,
	0x00000000, 0x00000000, 0x00000000, 0x00000000,
	0x00009a61, 0xc7ff8028, 0x01ffe3ff, 0x0005b000,
	0x00000000, 0x00000000, 0x00000000, 0x00000000,
	0x0000d862, 0xc7ff8030, 0x01ffe3ff, 0x0006b000,
	0x00000000, 0x00000000, 0x00000000, 0x00000000,
	0x0001233e, 0xc7ff8038, 0x01ffe3ff, 0x0007b000,
	0x00000000, 0x00000000, 0x00000000, 0x00000000,
	0x00017cb2, 0xc7ff8040, 0x01ffe3ff, 0x0008b000,
	0x00000000, 0x00000000, 0x00000000, 0x00000000,
	0x0001e231, 0xc7ff8048, 0x01ffe3ff, 0x0009b000,
	0x00000000, 0x00000000, 0x00000000, 0x00000000,
	0x000257d8, 0xc7ff8050, 0x01ffe3ff, 0x000ab000,
	0x00000000, 0x00000000, 0x00000000, 0x00000000,
	0x0002db3d, 0xc7ff8058, 0x01ffe3ff, 0x000bb000,
	0x00000000, 0x00000000, 0x00000000, 0x00000000,
	0x00036f76, 0xc7ff8060, 0x01ffe3ff, 0x000cb000,
	0x00000000, 0x00000000, 0x00000000, 0x00000000,
	0x00040edc, 0xc7ff8068, 0x01ffe3ff, 0x000db000,
	0x00000000, 0x00000000, 0x00000000, 0x00000000,
	0x0004c2df, 0xc7ff8070, 0x01ffe3ff, 0x000eb000,
	0x00000000, 0x00000000, 0x00000000, 0x00000000,
	0x00058942, 0xc7ff8078, 0x01ffe3ff, 0x000fb000,
	0x00000000, 0x00000000, 0x00000000, 0x00000000,
	0x00065d81, 0xc7ff8080, 0x01ffe3ff, 0x0010b000,
	0x00000000, 0x00000000, 0x00000000, 0x00000000,
	0x000744ef, 0xc7ff8088, 0x01ffe3ff, 0x0011b000,
	0x00000000, 0x00000000, 0x00000000, 0x00000000,
	0x00083eea, 0xc7ff8090, 0x01ffe3ff, 0x0012b000,
	0x00000000, 0x00000000, 0x00000000, 0x00000000,
	0x00094fbf, 0xc7ff8098, 0x01ffe3ff, 0x0013b000,
	0x00000000, 0x00000000, 0x00000000, 0x00000000,
	0x000a65b0, 0xc7ff80a0, 0x01ffe3ff, 0x0014b000,
	0x00000000, 0x00000000, 0x00000000, 0x00000000,
	0x000b9c0b, 0xc7ff80a8, 0x01ffe3ff, 0x0015b000,
	0x00000000, 0x00000000, 0x00000000, 0x00000000,
	0x000ce043, 0xc7ff80b0, 0x01ffe3ff, 0x0016b000,
	0x00000000, 0x00000000, 0x00000000, 0x00000000,
	0x000e3f9a, 0xc7ff80b8, 0x01ffe3ff, 0x0017b000,
	0x00000000, 0x00000000, 0x00000000, 0x00000000,
	0x000fa940, 0xc7ff80c0, 0x01ffe3ff, 0x0018b000,
	0x00000000, 0x00000000, 0x00000000, 0x00000000,
	0x00112cda, 0xc7ff80c8, 0x01ffe3ff, 0x0019b000,
	0x00000000, 0x00000000, 0x00000000, 0x00000000,
	0x0012cb17, 0xc7ff80d0, 0x01ffe3ff, 0x001ab000,
	0x00000000, 0x00000000, 0x00000000, 0x00000000,
	0x00146ce8, 0xc7ff80d8, 0x01ffe3ff, 0x001bb000,
	0x00000000, 0x00000000, 0x00000000, 0x00000000,
	0x00163304, 0xc7ff80e0, 0x01ffe3ff, 0x001cb000,
	0x00000000, 0x00000000, 0x00000000, 0x00000000,
	0x001812ae, 0xc7ff80e8, 0x01ffe3ff, 0x001db000,
	0x00000000, 0x00000000, 0x00000000, 0x00000000,
	0x0019fcd0, 0xc7ff80f0, 0x01ffe3ff, 0x001eb000,
	0x00000000, 0x00000000, 0x00000000, 0x00000000,
	0x001bfdcb, 0xc7ff80f8, 0x01ffe3ff, 0x001fb000,
	0x00000000, 0x00000000, 0x00000000, 0x00000000,
	0x001e2650, 0xc7ff8100, 0x01ffe3ff, 0x0020b000,
	0x00000000, 0x00000000, 0x00000000, 0x00000000,
	0x00205418, 0xc7ff8108, 0x01ffe3ff, 0x0021b000,
	0x00000000, 0x00000000, 0x00000000, 0x00000000,
	0x0022963b, 0xc7ff8110, 0x01ffe3ff, 0x0022b000,
	0x00000000, 0x00000000, 0x00000000, 0x00000000,
	0x002500bf, 0xc7ff8118, 0x01ffe3ff, 0x0023b000,
	0x00000000, 0x00000000, 0x00000000, 0x00000000,
	0x002768f3, 0xc7ff8120, 0x01ffe3ff, 0x0024b000,
	0x00000000, 0x00000000, 0x00000000, 0x00000000,
	0x0029f924, 0xc7ff8128, 0x01ffe3ff, 0x0025b000,
	0x00000000, 0x00000000, 0x00000000, 0x00000000,
	0x002c9a69, 0xc7ff8130, 0x01ffe3ff, 0x0026b000,
	0x00000000, 0x00000000, 0x00000000, 0x00000000,
	0x002f6604, 0xc7ff8138, 0x01ffe3ff, 0x0027b000,
	0x00000000, 0x00000000, 0x00000000, 0x00000000,
	0x00324142, 0xc7ff8140, 0x01ffe3ff, 0x0028b000,
	0x00000000, 0x00000000, 0x00000000, 0x00000000,
	0x003529f7, 0xc7ff8148, 0x01ffe3ff, 0x0029b000,
	0x00000000, 0x00000000, 0x00000000, 0x00000000,
	0x00381d43, 0xc7ff8150, 0x01ffe3ff, 0x002ab000,
	0x00000000, 0x00000000, 0x00000000, 0x00000000,
	0x003b3aa6, 0xc7ff8158, 0x01ffe3ff, 0x002bb000,
	0x00000000, 0x00000000, 0x00000000, 0x00000000,
	0x003e844c, 0xc7ff8160, 0x01ffe3ff, 0x002cb000,
	0x00000000, 0x00000000, 0x00000000, 0x00000000,
	0x0041fc9c, 0xc7ff8168, 0x01ffe3ff, 0x002db000,
	0x00000000, 0x00000000, 0x00000000, 0x00000000,
	0x00455622, 0xc7ff8170, 0x01ffe3ff, 0x002eb000,
	0x00000000, 0x00000000, 0x00000000, 0x00000000,
	0x0048db32, 0xc7ff8178, 0x01ffe3ff, 0x002fb000,
	0x00000000, 0x00000000, 0x00000000, 0x00000000,
	0x004c8e33, 0xc7ff8180, 0x01ffe3ff, 0x0030b000,
	0x00000000, 0x00000000, 0x00000000, 0x00000000,
	0x005042a5, 0xc7ff8188, 0x01ffe3ff, 0x0031b000,
	0x00000000, 0x00000000, 0x00000000, 0x00000000,
	0x00542547, 0xc7ff8190, 0x01ffe3ff, 0x0032b000,
	0x00000000, 0x00000000, 0x00000000, 0x00000000,
	0x005837c7, 0xc7ff8198, 0x01ffe3ff, 0x0033b000,
	0x00000000, 0x00000000, 0x00000000, 0x00000000,
	0x005c47a1, 0xc7ff81a0, 0x01ffe3ff, 0x0034b000,
	0x00000000, 0x00000000, 0x00000000, 0x00000000,
	0x00608759, 0xc7ff81a8, 0x01ffe3ff, 0x0035b000,
	0x00000000, 0x00000000, 0x00000000, 0x00000000,
	0x0064bf21, 0xc7ff81b0, 0x01ffe3ff, 0x0036b000,
	0x00000000, 0x00000000, 0x00000000, 0x00000000,
	0x0069260f, 0xc7ff81b8, 0x01ffe3ff, 0x0037b000,
	0x00000000, 0x00000000, 0x00000000, 0x00000000,
	0x006dbe4c, 0xc7ff81c0, 0x01ffe3ff, 0x0038b000,
	0x00000000, 0x00000000, 0x00000000, 0x00000000,
	0x007247dd, 0xc7ff81c8, 0x01ffe3ff, 0x0039b000,
	0x00000000, 0x00000000, 0x00000000, 0x00000000,
	0x00774617, 0xc7ff81d0, 0x01ffe3ff, 0x003ab000,
	0x00000000, 0x00000000, 0x00000000, 0x00000000,
	0x007bed00, 0xc7ff81d8, 0x01ffe3ff, 0x003bb000,
	0x00000000, 0x00000000, 0x00000000, 0x00000000,
	0x0080c293, 0xc7ff81e0, 0x01ffe3ff, 0x003cb000,
	0x00000000, 0x00000000, 0x00000000, 0x00000000,
	0x00861579, 0xc7ff81e8, 0x01ffe3ff, 0x003db000,
	0x00000000, 0x00000000, 0x00000000, 0x00000000,
	0x008b5051, 0xc7ff81f0, 0x01ffe3ff, 0x003eb000,
	0x00000000, 0x00000000, 0x00000000, 0x00000000,
	0x00906c21, 0xc7ff81f8, 0x01ffe3ff, 0x003fb000,
	0x00000000, 0x00000000, 0x00000000, 0x00000000,
	0x00960e2a, 0xc7ff8200, 0x01ffe3ff, 0x0040b000,
	0x00000000, 0x00000000, 0x00000000, 0x00000000,
	0x009b8ec4, 0xc7ff8208, 0x01ffe3ff, 0x0041b000,
	0x00000000, 0x00000000, 0x00000000, 0x00000000,
	0x00a14314, 0xc7ff8210, 0x01ffe3ff, 0x0042b000,
	0x00000000, 0x00000000, 0x00000000, 0x00000000,
	0x00a72ccc, 0xc7ff8218, 0x01ffe3ff, 0x0043b000,
	0x00000000, 0x00000000, 0x00000000, 0x00000000,
	0x00acea7e, 0xc7ff8220, 0x01ffe3ff, 0x0044b000,
	0x00000000, 0x00000000, 0x00000000, 0x00000000,
	0x00b2da76, 0xc7ff8228, 0x01ffe3ff, 0x0045b000,
	0x00000000, 0x00000000, 0x00000000, 0x00000000,
	0x00b8fede, 0xc7ff8230, 0x01ffe3ff, 0x0046b000,
	0x00000000, 0x00000000, 0x00000000, 0x00000000,
	0x00bf58ea, 0xc7ff8238, 0x01ffe3ff, 0x0047b000,
	0x00000000, 0x00000000, 0x00000000, 0x00000000,
	0x00c5eb02, 0xc7ff8240, 0x01ffe3ff, 0x0048b000,
	0x00000000, 0x00000000, 0x00000000, 0x00000000,
	0x00cc4135, 0xc7ff8248, 0x01ffe3ff, 0x0049b000,
	0x00000000, 0x00000000, 0x00000000, 0x00000000,
	0x00d2cb1f, 0xc7ff8250, 0x01ffe3ff, 0x004ab000,
	0x00000000, 0x00000000, 0x00000000, 0x00000000,
	0x00d98aad, 0xc7ff8258, 0x01ffe3ff, 0x004bb000,
	0x00000000, 0x00000000, 0x00000000, 0x00000000,
	0x00e08151, 0xc7ff8260, 0x01ffe3ff, 0x004cb000,
	0x00000000, 0x00000000, 0x00000000, 0x00000000,
	0x00e7b171, 0xc7ff8268, 0x01ffe3ff, 0x004db000,
	0x00000000, 0x00000000, 0x00000000, 0x00000000,
	0x00ef1c43, 0xc7ff8270, 0x01ffe3ff, 0x004eb000,
	0x00000000, 0x00000000, 0x00000000, 0x00000000,
	0x00f635c7, 0xc7ff8278, 0x01ffe3ff, 0x004fb000,
	0x00000000, 0x00000000, 0x00000000, 0x00000000,
	0x00fd852d, 0xc7ff8280, 0x01ffe3ff, 0x0050b000,
	0x00000000, 0x00000000, 0x00000000, 0x00000000,
	0x01050c61, 0xc7ff8288, 0x01ffe3ff, 0x0051b000,
	0x00000000, 0x00000000, 0x00000000, 0x00000000,
	0x010ccc97, 0xc7ff8290, 0x01ffe3ff, 0x0052b000,
	0x00000000, 0x00000000, 0x00000000, 0x00000000,
	0x011428bd, 0xc7ff8298, 0x01ffe3ff, 0x0053b000,
	0x00000000, 0x00000000, 0x00000000, 0x00000000,
	0x011c5bed, 0xc7ff82a0, 0x01ffe3ff, 0x0054b000,
	0x00000000, 0x00000000, 0x00000000, 0x00000000,
	0x0124cd6a, 0xc7ff82a8, 0x01ffe3ff, 0x0055b000,
	0x00000000, 0x00000000, 0x00000000, 0x00000000,
	0x012cd175, 0xc7ff82b0, 0x01ffe3ff, 0x0056b000,
	0x00000000, 0x00000000, 0x00000000, 0x00000000,
	0x01350dc9, 0xc7ff82b8, 0x01ffe3ff, 0x0057b000,
	0x00000000, 0x00000000, 0x00000000, 0x00000000,
	0x013d83d8, 0xc7ff82c0, 0x01ffe3ff, 0x0058b000,
	0x00000000, 0x00000000, 0x00000000, 0x00000000,
	0x01463551, 0xc7ff82c8, 0x01ffe3ff, 0x0059b000,
	0x00000000, 0x00000000, 0x00000000, 0x00000000,
	0x014e62bb, 0xc7ff82d0, 0x01ffe3ff, 0x005ab000,
	0x00000000, 0x00000000, 0x00000000, 0x00000000,
	0x01578a4f, 0xc7ff82d8, 0x01ffe3ff, 0x005bb000,
	0x00000000, 0x00000000, 0x00000000, 0x00000000,
	0x01602718, 0xc7ff82e0, 0x01ffe3ff, 0x005cb000,
	0x00000000, 0x00000000, 0x00000000, 0x00000000,
	0x0169cb08, 0xc7ff82e8, 0x01ffe3ff, 0x005db000,
	0x00000000, 0x00000000, 0x00000000, 0x00000000,
	0x0172dcf5, 0xc7ff82f0, 0x01ffe3ff, 0x005eb000,
	0x00000000, 0x00000000, 0x00000000, 0x00000000,
	0x017c28db, 0xc7ff82f8, 0x01ffe3ff, 0x005fb000,
	0x00000000, 0x00000000, 0x00000000, 0x00000000,
	0x0185b0a6, 0xc7ff8300, 0x01ffe3ff, 0x0060b000,
	0x00000000, 0x00000000, 0x00000000, 0x00000000,
	0x018e8f1a, 0xc7ff8308, 0x01ffe3ff, 0x0061b000,
	0x00000000, 0x00000000, 0x00000000, 0x00000000,
	0x0197a1c1, 0xc7ff8310, 0x01ffe3ff, 0x0062b000,
	0x00000000, 0x00000000, 0x00000000, 0x00000000,
	0x01a1dad3, 0xc7ff8318, 0x01ffe3ff, 0x0063b000,
	0x00000000, 0x00000000, 0x00000000, 0x00000000,
	0x01ac5365, 0xc7ff8320, 0x01ffe3ff, 0x0064b000,
	0x00000000, 0x00000000, 0x00000000, 0x00000000,
	0x01b6133c, 0xc7ff8328, 0x01ffe3ff, 0x0065b000,
	0x00000000, 0x00000000, 0x00000000, 0x00000000,
	0x01c10ea9, 0xc7ff8330, 0x01ffe3ff, 0x0066b000,
	0x00000000, 0x00000000, 0x00000000, 0x00000000,
	0x01cb47bb, 0xc7ff8338, 0x01ffe3ff, 0x0067b000,
	0x00000000, 0x00000000, 0x00000000, 0x00000000,
	0x01d5bc74, 0xc7ff8340, 0x01ffe3ff, 0x0068b000,
	0x00000000, 0x00000000, 0x00000000, 0x00000000,
	0x01e06cd5, 0xc7ff8348, 0x01ffe3ff, 0x0069b000,
	0x00000000, 0x00000000, 0x00000000, 0x00000000,
	0x01eb5cb7, 0xc7ff8350, 0x01ffe3ff, 0x006ab000,
	0x00000000, 0x00000000, 0x00000000, 0x00000000,
	0x01f68c19, 0xc7ff8358, 0x01ffe3ff, 0x006bb000,
	0x00000000, 0x00000000, 0x00000000, 0x00000000,
	0x0201fce8, 0xc7ff8360, 0x01ffe3ff, 0x006cb000,
	0x00000000, 0x00000000, 0x00000000, 0x00000000,
	0x020db111, 0xc7ff8368, 0x01ffe3ff, 0x006db000,
	0x00000000, 0x00000000, 0x00000000, 0x00000000,
	0x021872c3, 0xc7ff8370, 0x01ffe3ff, 0x006eb000,
	0x00000000, 0x00000000, 0x00000000, 0x00000000,
	0x0224a7da, 0xc7ff8378, 0x01ffe3ff, 0x006fb000,
	0x00000000, 0x00000000, 0x00000000, 0x00000000,
	0x022fe2c8, 0xc7ff8380, 0x01ffe3ff, 0x0070b000,
	0x00000000, 0x00000000, 0x00000000, 0x00000000,
	0x023b5771, 0xc7ff8388, 0x01ffe3ff, 0x0071b000,
	0x00000000, 0x00000000, 0x00000000, 0x00000000,
	0x02485882, 0xc7ff8390, 0x01ffe3ff, 0x0072b000,
	0x00000000, 0x00000000, 0x00000000, 0x00000000,
	0x02544e18, 0xc7ff8398, 0x01ffe3ff, 0x0073b000,
	0x00000000, 0x00000000, 0x00000000, 0x00000000,
	0x0260832f, 0xc7ff83a0, 0x01ffe3ff, 0x0074b000,
	0x00000000, 0x00000000, 0x00000000, 0x00000000,
	0x026cf5da, 0xc7ff83a8, 0x01ffe3ff, 0x0075b000,
	0x00000000, 0x00000000, 0x00000000, 0x00000000,
	0x0279abdf, 0xc7ff83b0, 0x01ffe3ff, 0x0076b000,
	0x00000000, 0x00000000, 0x00000000, 0x00000000,
	0x0286a351, 0xc7ff83b8, 0x01ffe3ff, 0x0077b000,
	0x00000000, 0x00000000, 0x00000000, 0x00000000,
	0x0293de1d, 0xc7ff83c0, 0x01ffe3ff, 0x0078b000,
	0x00000000, 0x00000000, 0x00000000, 0x00000000,
	0x029fdb66, 0xc7ff83c8, 0x01ffe3ff, 0x0079b000,
	0x00000000, 0x00000000, 0x00000000, 0x00000000,
	0x02ad9af9, 0xc7ff83d0, 0x01ffe3ff, 0x007ab000,
	0x00000000, 0x00000000, 0x00000000, 0x00000000,
	0x02bba3ac, 0xc7ff83d8, 0x01ffe3ff, 0x007bb000,
	0x00000000, 0x00000000, 0x00000000, 0x00000000,
	0x02c859b1, 0xc7ff83e0, 0x01ffe3ff, 0x007cb000,
	0x00000000, 0x00000000, 0x00000000, 0x00000000,
	0x02d6ecf1, 0xc7ff83e8, 0x01ffe3ff, 0x007db000,
	0x00000000, 0x00000000, 0x00000000, 0x00000000,
	0x02e421f7, 0xc7ff83f0, 0x01ffe3ff, 0x007eb000,
	0x00000000, 0x00000000, 0x00000000, 0x00000000,
	0x02f19491, 0xc7ff83f8, 0x01ffe3ff, 0x007fb000,
	0x00000000, 0x00000000, 0x00000000, 0x00000000,
	0x03010144, 0xc7ff8400, 0x01ffe3ff, 0x0080b000,
	0x00000000, 0x00000000, 0x00000000, 0x00000000,
	0x030efa91, 0xc7ff8408, 0x01ffe3ff, 0x0081b000,
	0x00000000, 0x00000000, 0x00000000, 0x00000000,
	0x031d3360, 0xc7ff8410, 0x01ffe3ff, 0x0082b000,
	0x00000000, 0x00000000, 0x00000000, 0x00000000,
	0x032baf88, 0xc7ff8418, 0x01ffe3ff, 0x0083b000,
	0x00000000, 0x00000000, 0x00000000, 0x00000000,
	0x033a6f0b, 0xc7ff8420, 0x01ffe3ff, 0x0084b000,
	0x00000000, 0x00000000, 0x00000000, 0x00000000,
	0x034973d3, 0xc7ff8428, 0x01ffe3ff, 0x0085b000,
	0x00000000, 0x00000000, 0x00000000, 0x00000000,
	0x0358bde3, 0xc7ff8430, 0x01ffe3ff, 0x0086b000,
	0x00000000, 0x00000000, 0x00000000, 0x00000000,
	0x03684f25, 0xc7ff8438, 0x01ffe3ff, 0x0087b000,
	0x00000000, 0x00000000, 0x00000000, 0x00000000,
	0x0378279a, 0xc7ff8440, 0x01ffe3ff, 0x0088b000,
	0x00000000, 0x00000000, 0x00000000, 0x00000000,
	0x0386438c, 0xc7ff8448, 0x01ffe3ff, 0x0089b000,
	0x00000000, 0x00000000, 0x00000000, 0x00000000,
	0x0396a87b, 0xc7ff8450, 0x01ffe3ff, 0x008ab000,
	0x00000000, 0x00000000, 0x00000000, 0x00000000,
	0x03a75876, 0xc7ff8458, 0x01ffe3ff, 0x008bb000,
	0x00000000, 0x00000000, 0x00000000, 0x00000000,
	0x03b85757, 0xc7ff8460, 0x01ffe3ff, 0x008cb000,
	0x00000000, 0x00000000, 0x00000000, 0x00000000,
	0x03c77711, 0xc7ff8468, 0x01ffe3ff, 0x008db000,
	0x00000000, 0x00000000, 0x00000000, 0x00000000,
	0x03d90c0b, 0xc7ff8470, 0x01ffe3ff, 0x008eb000,
	0x00000000, 0x00000000, 0x00000000, 0x00000000,
	0x03e8b08b, 0xc7ff8478, 0x01ffe3ff, 0x008fb000,
	0x00000000, 0x00000000, 0x00000000, 0x00000000,
	0x03f8948d, 0xc7ff8480, 0x01ffe3ff, 0x0090b000,
	0x00000000, 0x00000000, 0x00000000, 0x00000000,
	0x0408b9fb, 0xc7ff8488, 0x01ffe3ff, 0x0091b000,
	0x00000000, 0x00000000, 0x00000000, 0x00000000,
	0x04191eea, 0xc7ff8490, 0x01ffe3ff, 0x0092b000,
	0x00000000, 0x00000000, 0x00000000, 0x00000000,
	0x042c2efb, 0xc7ff8498, 0x01ffe3ff, 0x0093b000,
	0x00000000, 0x00000000, 0x00000000, 0x00000000,
	0x043d262a, 0xc7ff84a0, 0x01ffe3ff, 0x0094b000,
	0x00000000, 0x00000000, 0x00000000, 0x00000000,
	0x044e60b2, 0xc7ff84a8, 0x01ffe3ff, 0x0095b000,
	0x00000000, 0x00000000, 0x00000000, 0x00000000,
	0x045fe26e, 0xc7ff84b0, 0x01ffe3ff, 0x0096b000,
	0x00000000, 0x00000000, 0x00000000, 0x00000000,
	0x0471ab5d, 0xc7ff84b8, 0x01ffe3ff, 0x0097b000,
	0x00000000, 0x00000000, 0x00000000, 0x00000000,
	0x0483bd6b, 0xc7ff84c0, 0x01ffe3ff, 0x0098b000,
	0x00000000, 0x00000000, 0x00000000, 0x00000000,
	0x049616ad, 0xc7ff84c8, 0x01ffe3ff, 0x0099b000,
	0x00000000, 0x00000000, 0x00000000, 0x00000000,
	0x04a8bce7, 0xc7ff84d0, 0x01ffe3ff, 0x009ab000,
	0x00000000, 0x00000000, 0x00000000, 0x00000000,
	0x04bbae2e, 0xc7ff84d8, 0x01ffe3ff, 0x009bb000,
	0x00000000, 0x00000000, 0x00000000, 0x00000000,
	0x04ceec6e, 0xc7ff84e0, 0x01ffe3ff, 0x009cb000,
	0x00000000, 0x00000000, 0x00000000, 0x00000000,
	0x04dfa7f6, 0xc7ff84e8, 0x01ffe3ff, 0x009db000,
	0x00000000, 0x00000000, 0x00000000, 0x00000000,
	0x04f37875, 0xc7ff84f0, 0x01ffe3ff, 0x009eb000,
	0x00000000, 0x00000000, 0x00000000, 0x00000000,
	0x050799c7, 0xc7ff84f8, 0x01ffe3ff, 0x009fb000,
	0x00000000, 0x00000000, 0x00000000, 0x00000000,
	0x051c0beb, 0xc7ff8500, 0x01ffe3ff, 0x00a0b000,
	0x00000000, 0x00000000, 0x00000000, 0x00000000,
	0x052dd4da, 0xc7ff8508, 0x01ffe3ff, 0x00a1b000,
	0x00000000, 0x00000000, 0x00000000, 0x00000000,
	0x0542e2dc, 0xc7ff8510, 0x01ffe3ff, 0x00a2b000,
	0x00000000, 0x00000000, 0x00000000, 0x00000000,
	0x0555327f, 0xc7ff8518, 0x01ffe3ff, 0x00a3b000,
	0x00000000, 0x00000000, 0x00000000, 0x00000000,
	0x0567c38f, 0xc7ff8520, 0x01ffe3ff, 0x00a4b000,
	0x00000000, 0x00000000, 0x00000000, 0x00000000,
	0x057dbc55, 0xc7ff8528, 0x01ffe3ff, 0x00a5b000,
	0x00000000, 0x00000000, 0x00000000, 0x00000000,
	0x05940f8e, 0xc7ff8530, 0x01ffe3ff, 0x00a6b000,
	0x00000000, 0x00000000, 0x00000000, 0x00000000,
	0x05a77a10, 0xc7ff8538, 0x01ffe3ff, 0x00a7b000,
	0x00000000, 0x00000000, 0x00000000, 0x00000000,
	0x05bb27ec, 0xc7ff8540, 0x01ffe3ff, 0x00a8b000,
	0x00000000, 0x00000000, 0x00000000, 0x00000000,
	0x05cf1b0f, 0xc7ff8548, 0x01ffe3ff, 0x00a9b000,
	0x00000000, 0x00000000, 0x00000000, 0x00000000,
	0x05e35378, 0xc7ff8550, 0x01ffe3ff, 0x00aab000,
	0x00000000, 0x00000000, 0x00000000, 0x00000000,
	0x05fb427e, 0xc7ff8558, 0x01ffe3ff, 0x00abb000,
	0x00000000, 0x00000000, 0x00000000, 0x00000000,
	0x061014da, 0xc7ff8560, 0x01ffe3ff, 0x00acb000,
	0x00000000, 0x00000000, 0x00000000, 0x00000000,
	0x06252e68, 0xc7ff8568, 0x01ffe3ff, 0x00adb000,
	0x00000000, 0x00000000, 0x00000000, 0x00000000,
	0x063a9303, 0xc7ff8570, 0x01ffe3ff, 0x00aeb000,
	0x00000000, 0x00000000, 0x00000000, 0x00000000,
	0x065040bd, 0xc7ff8578, 0x01ffe3ff, 0x00afb000,
	0x00000000, 0x00000000, 0x00000000, 0x00000000,
	0x06663b71, 0xc7ff8580, 0x01ffe3ff, 0x00b0b000,
	0x00000000, 0x00000000, 0x00000000, 0x00000000,
	0x067c8131, 0xc7ff8588, 0x01ffe3ff, 0x00b1b000,
	0x00000000, 0x00000000, 0x00000000, 0x00000000,
	0x069313e9, 0xc7ff8590, 0x01ffe3ff, 0x00b2b000,
	0x00000000, 0x00000000, 0x00000000, 0x00000000,
	0x06a9f775, 0xc7ff8598, 0x01ffe3ff, 0x00b3b000,
	0x00000000, 0x00000000, 0x00000000, 0x00000000,
	0x06c129e5, 0xc7ff85a0, 0x01ffe3ff, 0x00b4b000,
	0x00000000, 0x00000000, 0x00000000, 0x00000000,
	0x06d8ab3c, 0xc7ff85a8, 0x01ffe3ff, 0x00b5b000,
	0x00000000, 0x00000000, 0x00000000, 0x00000000,
	0x06f07f51, 0xc7ff85b0, 0x01ffe3ff, 0x00b6b000,
	0x00000000, 0x00000000, 0x00000000, 0x00000000,
	0x07049add, 0xc7ff85b8, 0x01ffe3ff, 0x00b7b000,
	0x00000000, 0x00000000, 0x00000000, 0x00000000,
	0x071d08e4, 0xc7ff85c0, 0x01ffe3ff, 0x00b8b000,
	0x00000000, 0x00000000, 0x00000000, 0x00000000,
	0x0735cb97, 0xc7ff85c8, 0x01ffe3ff, 0x00b9b000,
	0x00000000, 0x00000000, 0x00000000, 0x00000000,
	0x074ee2f5, 0xc7ff85d0, 0x01ffe3ff, 0x00bab000,
	0x00000000, 0x00000000, 0x00000000, 0x00000000,
	0x076854c5, 0xc7ff85d8, 0x01ffe3ff, 0x00bbb000,
	0x00000000, 0x00000000, 0x00000000, 0x00000000,
	0x077dcab1, 0xc7ff85e0, 0x01ffe3ff, 0x00bcb000,
	0x00000000, 0x00000000, 0x00000000, 0x00000000,
	0x07937e31, 0xc7ff85e8, 0x01ffe3ff, 0x00bdb000,
	0x00000000, 0x00000000, 0x00000000, 0x00000000,
	0x07addcb2, 0xc7ff85f0, 0x01ffe3ff, 0x00beb000,
	0x00000000, 0x00000000, 0x00000000, 0x00000000,
	0x07c89790, 0xc7ff85f8, 0x01ffe3ff, 0x00bfb000,
	0x00000000, 0x00000000, 0x00000000, 0x00000000,
	0x07df2483, 0xc7ff8600, 0x01ffe3ff, 0x00c0b000,
	0x00000000, 0x00000000, 0x00000000, 0x00000000,
	0x07fa8aa6, 0xc7ff8608, 0x01ffe3ff, 0x00c1b000,
	0x00000000, 0x00000000, 0x00000000, 0x00000000,
	0x0811a9d8, 0xc7ff8610, 0x01ffe3ff, 0x00c2b000,
	0x00000000, 0x00000000, 0x00000000, 0x00000000,
	0x08290a78, 0xc7ff8618, 0x01ffe3ff, 0x00c3b000,
	0x00000000, 0x00000000, 0x00000000, 0x00000000,
	0x08457089, 0xc7ff8620, 0x01ffe3ff, 0x00c4b000,
	0x00000000, 0x00000000, 0x00000000, 0x00000000,
	0x085d692e, 0xc7ff8628, 0x01ffe3ff, 0x00c5b000,
	0x00000000, 0x00000000, 0x00000000, 0x00000000,
	0x087a860f, 0xc7ff8630, 0x01ffe3ff, 0x00c6b000,
	0x00000000, 0x00000000, 0x00000000, 0x00000000,
	0x089316b9, 0xc7ff8638, 0x01ffe3ff, 0x00c7b000,
	0x00000000, 0x00000000, 0x00000000, 0x00000000,
	0x08abee97, 0xc7ff8640, 0x01ffe3ff, 0x00c8b000,
	0x00000000, 0x00000000, 0x00000000, 0x00000000,
	0x08ca1cb8, 0xc7ff8648, 0x01ffe3ff, 0x00c9b000,
	0x00000000, 0x00000000, 0x00000000, 0x00000000,
	0x08e3944e, 0xc7ff8650, 0x01ffe3ff, 0x00cab000,
	0x00000000, 0x00000000, 0x00000000, 0x00000000,
	0x08fd5503, 0xc7ff8658, 0x01ffe3ff, 0x00cbb000,
	0x00000000, 0x00000000, 0x00000000, 0x00000000,
	0x091760c5, 0xc7ff8660, 0x01ffe3ff, 0x00ccb000,
	0x00000000, 0x00000000, 0x00000000, 0x00000000,
	0x09370624, 0xc7ff8668, 0x01ffe3ff, 0x00cdb000,
	0x00000000, 0x00000000, 0x00000000, 0x00000000,
	0x0951b950, 0xc7ff8670, 0x01ffe3ff, 0x00ceb000,
	0x00000000, 0x00000000, 0x00000000, 0x00000000,
	0x096cb975, 0xc7ff8678, 0x01ffe3ff, 0x00cfb000,
	0x00000000, 0x00000000, 0x00000000, 0x00000000,
	0x09880880, 0xc7ff8680, 0x01ffe3ff, 0x00d0b000,
	0x00000000, 0x00000000, 0x00000000, 0x00000000,
	0x09a3a483, 0xc7ff8688, 0x01ffe3ff, 0x00d1b000,
	0x00000000, 0x00000000, 0x00000000, 0x00000000,
	0x09bf9346, 0xc7ff8690, 0x01ffe3ff, 0x00d2b000,
	0x00000000, 0x00000000, 0x00000000, 0x00000000,
	0x09dbd0ee, 0xc7ff8698, 0x01ffe3ff, 0x00d3b000,
	0x00000000, 0x00000000, 0x00000000, 0x00000000,
	0x09f86155, 0xc7ff86a0, 0x01ffe3ff, 0x00d4b000,
	0x00000000, 0x00000000, 0x00000000, 0x00000000,
	0x0a15447b, 0xc7ff86a8, 0x01ffe3ff, 0x00d5b000,
	0x00000000, 0x00000000, 0x00000000, 0x00000000,
	0x0a327c4c, 0xc7ff86b0, 0x01ffe3ff, 0x00d6b000,
	0x00000000, 0x00000000, 0x00000000, 0x00000000,
	0x0a5006dc, 0xc7ff86b8, 0x01ffe3ff, 0x00d7b000,
	0x00000000, 0x00000000, 0x00000000, 0x00000000,
	0x0a6de805, 0xc7ff86c0, 0x01ffe3ff, 0x00d8b000,
	0x00000000, 0x00000000, 0x00000000, 0x00000000,
	0x0a8c1fc5, 0xc7ff86c8, 0x01ffe3ff, 0x00d9b000,
	0x00000000, 0x00000000, 0x00000000, 0x00000000,
	0x0aaaae1e, 0xc7ff86d0, 0x01ffe3ff, 0x00dab000,
	0x00000000, 0x00000000, 0x00000000, 0x00000000,
	0x0ac3616c, 0xc7ff86d8, 0x01ffe3ff, 0x00dbb000,
	0x00000000, 0x00000000, 0x00000000, 0x00000000,
	0x0ae28f7c, 0xc7ff86e0, 0x01ffe3ff, 0x00dcb000,
	0x00000000, 0x00000000, 0x00000000, 0x00000000,
	0x0b0219eb, 0xc7ff86e8, 0x01ffe3ff, 0x00ddb000,
	0x00000000, 0x00000000, 0x00000000, 0x00000000,
	0x0b21feca, 0xc7ff86f0, 0x01ffe3ff, 0x00deb000,
	0x00000000, 0x00000000, 0x00000000, 0x00000000,
	0x0b424008, 0xc7ff86f8, 0x01ffe3ff, 0x00dfb000,
	0x00000000, 0x00000000, 0x00000000, 0x00000000,
	0x0b5c5190, 0xc7ff8700, 0x01ffe3ff, 0x00e0b000,
	0x00000000, 0x00000000, 0x00000000, 0x00000000,
	0x0b7d3c25, 0xc7ff8708, 0x01ffe3ff, 0x00e1b000,
	0x00000000, 0x00000000, 0x00000000, 0x00000000,
	0x0b9e8504, 0xc7ff8710, 0x01ffe3ff, 0x00e2b000,
	0x00000000, 0x00000000, 0x00000000, 0x00000000,
	0x0bc03008, 0xc7ff8718, 0x01ffe3ff, 0x00e3b000,
	0x00000000, 0x00000000, 0x00000000, 0x00000000,
	0x0be23b42, 0xc7ff8720, 0x01ffe3ff, 0x00e4b000,
	0x00000000, 0x00000000, 0x00000000, 0x00000000,
	0x0bfdbe42, 0xc7ff8728, 0x01ffe3ff, 0x00e5b000,
	0x00000000, 0x00000000, 0x00000000, 0x00000000,
	0x0c207c72, 0xc7ff8730, 0x01ffe3ff, 0x00e6b000,
	0x00000000, 0x00000000, 0x00000000, 0x00000000,
	0x0c3c8fc5, 0xc7ff8738, 0x01ffe3ff, 0x00e7b000,
	0x00000000, 0x00000000, 0x00000000, 0x00000000,
	0x0c6004c5, 0xc7ff8740, 0x01ffe3ff, 0x00e8b000,
	0x00000000, 0x00000000, 0x00000000, 0x00000000,
	0x0c7caa57, 0xc7ff8748, 0x01ffe3ff, 0x00e9b000,
	0x00000000, 0x00000000, 0x00000000, 0x00000000,
	0x0ca0d813, 0xc7ff8750, 0x01ffe3ff, 0x00eab000,
	0x00000000, 0x00000000, 0x00000000, 0x00000000,
	0x0cbe15aa, 0xc7ff8758, 0x01ffe3ff, 0x00ebb000,
	0x00000000, 0x00000000, 0x00000000, 0x00000000,
	0x0ce2fffc, 0xc7ff8760, 0x01ffe3ff, 0x00ecb000,
	0x00000000, 0x00000000, 0x00000000, 0x00000000,
	0x0d00d598, 0xc7ff8768, 0x01ffe3ff, 0x00edb000,
	0x00000000, 0x00000000, 0x00000000, 0x00000000,
	0x0d268245, 0xc7ff8770, 0x01ffe3ff, 0x00eeb000,
	0x00000000, 0x00000000, 0x00000000, 0x00000000,
	0x0d44f5ad, 0xc7ff8778, 0x01ffe3ff, 0x00efb000,
	0x00000000, 0x00000000, 0x00000000, 0x00000000,
	0x0d6b66a1, 0xc7ff8780, 0x01ffe3ff, 0x00f0b000,
	0x00000000, 0x00000000, 0x00000000, 0x00000000,
	0x0d8a79c1, 0xc7ff8788, 0x01ffe3ff, 0x00f1b000,
	0x00000000, 0x00000000, 0x00000000, 0x00000000,
	0x0db1b4c2, 0xc7ff8790, 0x01ffe3ff, 0x00f2b000,
	0x00000000, 0x00000000, 0x00000000, 0x00000000,
	0x0dd16987, 0xc7ff8798, 0x01ffe3ff, 0x00f3b000,
	0x00000000, 0x00000000, 0x00000000, 0x00000000,
	0x0df1676b, 0xc7ff87a0, 0x01ffe3ff, 0x00f4b000,
	0x00000000, 0x00000000, 0x00000000, 0x00000000,
	0x0e19ccb1, 0xc7ff87a8, 0x01ffe3ff, 0x00f5b000,
	0x00000000, 0x00000000, 0x00000000, 0x00000000,
	0x0e3a7200, 0xc7ff87b0, 0x01ffe3ff, 0x00f6b000,
	0x00000000, 0x00000000, 0x00000000, 0x00000000,
	0x0e5b6447, 0xc7ff87b8, 0x01ffe3ff, 0x00f7b000,
	0x00000000, 0x00000000, 0x00000000, 0x00000000,
	0x0e7ca19b, 0xc7ff87c0, 0x01ffe3ff, 0x00f8b000,
	0x00000000, 0x00000000, 0x00000000, 0x00000000,
	0x0ea69afd, 0xc7ff87c8, 0x01ffe3ff, 0x00f9b000,
	0x00000000, 0x00000000, 0x00000000, 0x00000000,
	0x0ec88581, 0xc7ff87d0, 0x01ffe3ff, 0x00fab000,
	0x00000000, 0x00000000, 0x00000000, 0x00000000,
	0x0eeac0d7, 0xc7ff87d8, 0x01ffe3ff, 0x00fbb000,
	0x00000000, 0x00000000, 0x00000000, 0x00000000,
	0x0f0d4926, 0xc7ff87e0, 0x01ffe3ff, 0x00fcb000,
	0x00000000, 0x00000000, 0x00000000, 0x00000000,
	0x0f302248, 0xc7ff87e8, 0x01ffe3ff, 0x00fdb000,
	0x00000000, 0x00000000, 0x00000000, 0x00000000,
	0x0f5c233b, 0xc7ff87f0, 0x01ffe3ff, 0x00feb000,
	0x00000000, 0x00000000, 0x00000000, 0x00000000,
	0x0f77a074, 0xc7ff87f8, 0x01ffe3ff, 0x00ffb000,
	0x00000000, 0x00000000, 0x00000000, 0x00000000,
	0x00000000, 0xc7ff8800, 0x01ffe3ff, 0x0100a000,
	0x00000000, 0x00000000, 0x00000000, 0x00000000,
	0x00000000, 0xc7ff8808, 0x01ffe3ff, 0x0101a000,
	0x00000000, 0x00000000, 0x00000000, 0x00000000,
	0x00000000, 0xc7ff8810, 0x01ffe3ff, 0x0102a000,
	0x00000000, 0x00000000, 0x00000000, 0x00000000,
	0x00000000, 0xc7ff8818, 0x01ffe3ff, 0x0103a000,
	0x00000000, 0x00000000, 0x00000000, 0x00000000,
	0x00000000, 0xc7ff8820, 0x01ffe3ff, 0x0104a000,
	0x00000000, 0x00000000, 0x00000000, 0x00000000,
	0x00000000, 0xc7ff8828, 0x01ffe3ff, 0x0105a000,
	0x00000000, 0x00000000, 0x00000000, 0x00000000,
	0x00000000, 0xc7ff8830, 0x01ffe3ff, 0x0106a000,
	0x00000000, 0x00000000, 0x00000000, 0x00000000,
	0x00000000, 0xc7ff8838, 0x01ffe3ff, 0x0107a000,
	0x00000000, 0x00000000, 0x00000000, 0x00000000,
	0x00000000, 0xc7ff8840, 0x01ffe3ff, 0x0108a000,
	0x00000000, 0x00000000, 0x00000000, 0x00000000,
	0x00000000, 0xc7ff8848, 0x01ffe3ff, 0x0109a000,
	0x00000000, 0x00000000, 0x00000000, 0x00000000,
	0x00000000, 0xc7ff8850, 0x01ffe3ff, 0x010aa000,
	0x00000000, 0x00000000, 0x00000000, 0x00000000,
	0x00000000, 0xc7ff8858, 0x01ffe3ff, 0x010ba000,
	0x00000000, 0x00000000, 0x00000000, 0x00000000,
	0x00000000, 0xc7ff8860, 0x01ffe3ff, 0x010ca000,
	0x00000000, 0x00000000, 0x00000000, 0x00000000,
	0x00000000, 0xc7ff8868, 0x01ffe3ff, 0x010da000,
	0x00000000, 0x00000000, 0x00000000, 0x00000000,
	0x00000000, 0xc7ff8870, 0x01ffe3ff, 0x010ea000,
	0x00000000, 0x00000000, 0x00000000, 0x00000000,
	0x00000000, 0xc7ff8878, 0x01ffe3ff, 0x010fa000,
	0x00000000, 0x00000000, 0x00000000, 0x00000000,
	0x00000000, 0xc7ff8880, 0x01ffe3ff, 0x0110a000,
	0x00000000, 0x00000000, 0x00000000, 0x00000000,
	0x00000000, 0xc7ff8888, 0x01ffe3ff, 0x0111a000,
	0x00000000, 0x00000000, 0x00000000, 0x00000000,
	0x00000000, 0xc7ff8890, 0x01ffe3ff, 0x0112a000,
	0x00000000, 0x00000000, 0x00000000, 0x00000000,
	0x00000000, 0xc7ff8898, 0x01ffe3ff, 0x0113a000,
	0x00000000, 0x00000000, 0x00000000, 0x00000000,
	0x00000000, 0xc7ff88a0, 0x01ffe3ff, 0x0114a000,
	0x00000000, 0x00000000, 0x00000000, 0x00000000,
	0x00000000, 0xc7ff88a8, 0x01ffe3ff, 0x0115a000,
	0x00000000, 0x00000000, 0x00000000, 0x00000000,
	0x00000000, 0xc7ff88b0, 0x01ffe3ff, 0x0116a000,
	0x00000000, 0x00000000, 0x00000000, 0x00000000,
	0x00000000, 0xc7ff88b8, 0x01ffe3ff, 0x0117a000,
	0x00000000, 0x00000000, 0x00000000, 0x00000000,
	0x00000000, 0xc7ff88c0, 0x01ffe3ff, 0x0118a000,
	0x00000000, 0x00000000, 0x00000000, 0x00000000,
	0x00000000, 0xc7ff88c8, 0x01ffe3ff, 0x0119a000,
	0x00000000, 0x00000000, 0x00000000, 0x00000000,
	0x00000000, 0xc7ff88d0, 0x01ffe3ff, 0x011aa000,
	0x00000000, 0x00000000, 0x00000000, 0x00000000,
	0x00000000, 0xc7ff88d8, 0x01ffe3ff, 0x011ba000,
	0x00000000, 0x00000000, 0x00000000, 0x00000000,
	0x00000000, 0xc7ff88e0, 0x01ffe3ff, 0x011ca000,
	0x00000000, 0x00000000, 0x00000000, 0x00000000,
	0x00000000, 0xc7ff88e8, 0x01ffe3ff, 0x011da000,
	0x00000000, 0x00000000, 0x00000000, 0x00000000,
	0x00000000, 0xc7ff88f0, 0x01ffe3ff, 0x011ea000,
	0x00000000, 0x00000000, 0x00000000, 0x00000000,
	0x00000000, 0xc7ff88f8, 0x01ffe3ff, 0x011fa000,
	0x00000000, 0x00000000, 0x00000000, 0x00000000,
	0x00000000, 0xc7ff8900, 0x01ffe3ff, 0x0120a000,
	0x00000000, 0x00000000, 0x00000000, 0x00000000,
	0x00000000, 0xc7ff8908, 0x01ffe3ff, 0x0121a000,
	0x00000000, 0x00000000, 0x00000000, 0x00000000,
	0x00000000, 0xc7ff8910, 0x01ffe3ff, 0x0122a000,
	0x00000000, 0x00000000, 0x00000000, 0x00000000,
	0x00000000, 0xc7ff8918, 0x01ffe3ff, 0x0123a000,
	0x00000000, 0x00000000, 0x00000000, 0x00000000,
	0x00000000, 0xc7ff8920, 0x01ffe3ff, 0x0124a000,
	0x00000000, 0x00000000, 0x00000000, 0x00000000,
	0x00000000, 0xc7ff8928, 0x01ffe3ff, 0x0125a000,
	0x00000000, 0x00000000, 0x00000000, 0x00000000,
	0x00000000, 0xc7ff8930, 0x01ffe3ff, 0x0126a000,
	0x00000000, 0x00000000, 0x00000000, 0x00000000,
	0x00000000, 0xc7ff8938, 0x01ffe3ff, 0x0127a000,
	0x00000000, 0x00000000, 0x00000000, 0x00000000,
	0x00000000, 0xc7ff8940, 0x01ffe3ff, 0x0128a000,
	0x00000000, 0x00000000, 0x00000000, 0x00000000,
	0x00000000, 0xc7ff8948, 0x01ffe3ff, 0x0129a000,
	0x00000000, 0x00000000, 0x00000000, 0x00000000,
	0x00000000, 0xc7ff8950, 0x01ffe3ff, 0x012aa000,
	0x00000000, 0x00000000, 0x00000000, 0x00000000,
	0x00000000, 0xc7ff8958, 0x01ffe3ff, 0x012ba000,
	0x00000000, 0x00000000, 0x00000000, 0x00000000,
	0x00000000, 0xc7ff8960, 0x01ffe3ff, 0x012ca000,
	0x00000000, 0x00000000, 0x00000000, 0x00000000,
	0x00000000, 0xc7ff8968, 0x01ffe3ff, 0x012da000,
	0x00000000, 0x00000000, 0x00000000, 0x00000000,
	0x00000000, 0xc7ff8970, 0x01ffe3ff, 0x012ea000,
	0x00000000, 0x00000000, 0x00000000, 0x00000000,
	0x00000000, 0xc7ff8978, 0x01ffe3ff, 0x012fa000,
	0x00000000, 0x00000000, 0x00000000, 0x00000000,
	0x00000000, 0xc7ff8980, 0x01ffe3ff, 0x0130a000,
	0x00000000, 0x00000000, 0x00000000, 0x00000000,
	0x00000000, 0xc7ff8988, 0x01ffe3ff, 0x0131a000,
	0x00000000, 0x00000000, 0x00000000, 0x00000000,
	0x00000000, 0xc7ff8990, 0x01ffe3ff, 0x0132a000,
	0x00000000, 0x00000000, 0x00000000, 0x00000000,
	0x00000000, 0xc7ff8998, 0x01ffe3ff, 0x0133a000,
	0x00000000, 0x00000000, 0x00000000, 0x00000000,
	0x00000000, 0xc7ff89a0, 0x01ffe3ff, 0x0134a000,
	0x00000000, 0x00000000, 0x00000000, 0x00000000,
	0x00000000, 0xc7ff89a8, 0x01ffe3ff, 0x0135a000,
	0x00000000, 0x00000000, 0x00000000, 0x00000000,
	0x00000000, 0xc7ff89b0, 0x01ffe3ff, 0x0136a000,
	0x00000000, 0x00000000, 0x00000000, 0x00000000,
	0x00000000, 0xc7ff89b8, 0x01ffe3ff, 0x0137a000,
	0x00000000, 0x00000000, 0x00000000, 0x00000000,
	0x00000000, 0xc7ff89c0, 0x01ffe3ff, 0x0138a000,
	0x00000000, 0x00000000, 0x00000000, 0x00000000,
	0x00000000, 0xc7ff89c8, 0x01ffe3ff, 0x0139a000,
	0x00000000, 0x00000000, 0x00000000, 0x00000000,
	0x00000000, 0xc7ff89d0, 0x01ffe3ff, 0x013aa000,
	0x00000000, 0x00000000, 0x00000000, 0x00000000,
	0x00000000, 0xc7ff89d8, 0x01ffe3ff, 0x013ba000,
	0x00000000, 0x00000000, 0x00000000, 0x00000000,
	0x00000000, 0xc7ff89e0, 0x01ffe3ff, 0x013ca000,
	0x00000000, 0x00000000, 0x00000000, 0x00000000,
	0x00000000, 0xc7ff89e8, 0x01ffe3ff, 0x013da000,
	0x00000000, 0x00000000, 0x00000000, 0x00000000,
	0x00000000, 0xc7ff89f0, 0x01ffe3ff, 0x013ea000,
	0x00000000, 0x00000000, 0x00000000, 0x00000000,
	0x00000000, 0xc7ff89f8, 0x01ffe3ff, 0x013fa000,
	0x00000000, 0x00000000, 0x00000000, 0x00000000,
	0x00000000, 0xc7ff8a00, 0x01ffe3ff, 0x0140a000,
	0x00000000, 0x00000000, 0x00000000, 0x00000000,
	0x00000000, 0xc7ff8a08, 0x01ffe3ff, 0x0141a000,
	0x00000000, 0x00000000, 0x00000000, 0x00000000,
	0x00000000, 0xc7ff8a10, 0x01ffe3ff, 0x0142a000,
	0x00000000, 0x00000000, 0x00000000, 0x00000000,
	0x00000000, 0xc7ff8a18, 0x01ffe3ff, 0x0143a000,
	0x00000000, 0x00000000, 0x00000000, 0x00000000,
	0x00000000, 0xc7ff8a20, 0x01ffe3ff, 0x0144a000,
	0x00000000, 0x00000000, 0x00000000, 0x00000000,
	0x00000000, 0xc7ff8a28, 0x01ffe3ff, 0x0145a000,
	0x00000000, 0x00000000, 0x00000000, 0x00000000,
	0x00000000, 0xc7ff8a30, 0x01ffe3ff, 0x0146a000,
	0x00000000, 0x00000000, 0x00000000, 0x00000000,
	0x00000000, 0xc7ff8a38, 0x01ffe3ff, 0x0147a000,
	0x00000000, 0x00000000, 0x00000000, 0x00000000,
	0x00000000, 0xc7ff8a40, 0x01ffe3ff, 0x0148a000,
	0x00000000, 0x00000000, 0x00000000, 0x00000000,
	0x00000000, 0xc7ff8a48, 0x01ffe3ff, 0x0149a000,
	0x00000000, 0x00000000, 0x00000000, 0x00000000,
	0x00000000, 0xc7ff8a50, 0x01ffe3ff, 0x014aa000,
	0x00000000, 0x00000000, 0x00000000, 0x00000000,
	0x00000000, 0xc7ff8a58, 0x01ffe3ff, 0x014ba000,
	0x00000000, 0x00000000, 0x00000000, 0x00000000,
	0x00000000, 0xc7ff8a60, 0x01ffe3ff, 0x014ca000,
	0x00000000, 0x00000000, 0x00000000, 0x00000000,
	0x00000000, 0xc7ff8a68, 0x01ffe3ff, 0x014da000,
	0x00000000, 0x00000000, 0x00000000, 0x00000000,
	0x00000000, 0xc7ff8a70, 0x01ffe3ff, 0x014ea000,
	0x00000000, 0x00000000, 0x00000000, 0x00000000,
	0x00000000, 0xc7ff8a78, 0x01ffe3ff, 0x014fa000,
	0x00000000, 0x00000000, 0x00000000, 0x00000000,
	0x00000000, 0xc7ff8a80, 0x01ffe3ff, 0x0150a000,
	0x00000000, 0x00000000, 0x00000000, 0x00000000,
	0x00000000, 0xc7ff8a88, 0x01ffe3ff, 0x0151a000,
	0x00000000, 0x00000000, 0x00000000, 0x00000000,
	0x00000000, 0xc7ff8a90, 0x01ffe3ff, 0x0152a000,
	0x00000000, 0x00000000, 0x00000000, 0x00000000,
	0x00000000, 0xc7ff8a98, 0x01ffe3ff, 0x0153a000,
	0x00000000, 0x00000000, 0x00000000, 0x00000000,
	0x00000000, 0xc7ff8aa0, 0x01ffe3ff, 0x0154a000,
	0x00000000, 0x00000000, 0x00000000, 0x00000000,
	0x00000000, 0xc7ff8aa8, 0x01ffe3ff, 0x0155a000,
	0x00000000, 0x00000000, 0x00000000, 0x00000000,
	0x00000000, 0xc7ff8ab0, 0x01ffe3ff, 0x0156a000,
	0x00000000, 0x00000000, 0x00000000, 0x00000000,
	0x00000000, 0xc7ff8ab8, 0x01ffe3ff, 0x0157a000,
	0x00000000, 0x00000000, 0x00000000, 0x00000000,
	0x00000000, 0xc7ff8ac0, 0x01ffe3ff, 0x0158a000,
	0x00000000, 0x00000000, 0x00000000, 0x00000000,
	0x00000000, 0xc7ff8ac8, 0x01ffe3ff, 0x0159a000,
	0x00000000, 0x00000000, 0x00000000, 0x00000000,
	0x00000000, 0xc7ff8ad0, 0x01ffe3ff, 0x015aa000,
	0x00000000, 0x00000000, 0x00000000, 0x00000000,
	0x00000000, 0xc7ff8ad8, 0x01ffe3ff, 0x015ba000,
	0x00000000, 0x00000000, 0x00000000, 0x00000000,
	0x00000000, 0xc7ff8ae0, 0x01ffe3ff, 0x015ca000,
	0x00000000, 0x00000000, 0x00000000, 0x00000000,
	0x00000000, 0xc7ff8ae8, 0x01ffe3ff, 0x015da000,
	0x00000000, 0x00000000, 0x00000000, 0x00000000,
	0x00000000, 0xc7ff8af0, 0x01ffe3ff, 0x015ea000,
	0x00000000, 0x00000000, 0x00000000, 0x00000000,
	0x00000000, 0xc7ff8af8, 0x01ffe3ff, 0x015fa000,
	0x00000000, 0x00000000, 0x00000000, 0x00000000,
	0x00000000, 0xc7ff8b00, 0x01ffe3ff, 0x0160a000,
	0x00000000, 0x00000000, 0x00000000, 0x00000000,
	0x00000000, 0xc7ff8b08, 0x01ffe3ff, 0x0161a000,
	0x00000000, 0x00000000, 0x00000000, 0x00000000,
	0x00000000, 0xc7ff8b10, 0x01ffe3ff, 0x0162a000,
	0x00000000, 0x00000000, 0x00000000, 0x00000000,
	0x00000000, 0xc7ff8b18, 0x01ffe3ff, 0x0163a000,
	0x00000000, 0x00000000, 0x00000000, 0x00000000,
	0x00000000, 0xc7ff8b20, 0x01ffe3ff, 0x0164a000,
	0x00000000, 0x00000000, 0x00000000, 0x00000000,
	0x00000000, 0xc7ff8b28, 0x01ffe3ff, 0x0165a000,
	0x00000000, 0x00000000, 0x00000000, 0x00000000,
	0x00000000, 0xc7ff8b30, 0x01ffe3ff, 0x0166a000,
	0x00000000, 0x00000000, 0x00000000, 0x00000000,
	0x00000000, 0xc7ff8b38, 0x01ffe3ff, 0x0167a000,
	0x00000000, 0x00000000, 0x00000000, 0x00000000,
	0x00000000, 0xc7ff8b40, 0x01ffe3ff, 0x0168a000,
	0x00000000, 0x00000000, 0x00000000, 0x00000000,
	0x00000000, 0xc7ff8b48, 0x01ffe3ff, 0x0169a000,
	0x00000000, 0x00000000, 0x00000000, 0x00000000,
	0x00000000, 0xc7ff8b50, 0x01ffe3ff, 0x016aa000,
	0x00000000, 0x00000000, 0x00000000, 0x00000000,
	0x00000000, 0xc7ff8b58, 0x01ffe3ff, 0x016ba000,
	0x00000000, 0x00000000, 0x00000000, 0x00000000,
	0x00000000, 0xc7ff8b60, 0x01ffe3ff, 0x016ca000,
	0x00000000, 0x00000000, 0x00000000, 0x00000000,
	0x00000000, 0xc7ff8b68, 0x01ffe3ff, 0x016da000,
	0x00000000, 0x00000000, 0x00000000, 0x00000000,
	0x00000000, 0xc7ff8b70, 0x01ffe3ff, 0x016ea000,
	0x00000000, 0x00000000, 0x00000000, 0x00000000,
	0x00000000, 0xc7ff8b78, 0x01ffe3ff, 0x016fa000,
	0x00000000, 0x00000000, 0x00000000, 0x00000000,
	0x00000000, 0xc7ff8b80, 0x01ffe3ff, 0x0170a000,
	0x00000000, 0x00000000, 0x00000000, 0x00000000,
	0x00000000, 0xc7ff8b88, 0x01ffe3ff, 0x0171a000,
	0x00000000, 0x00000000, 0x00000000, 0x00000000,
	0x00000000, 0xc7ff8b90, 0x01ffe3ff, 0x0172a000,
	0x00000000, 0x00000000, 0x00000000, 0x00000000,
	0x00000000, 0xc7ff8b98, 0x01ffe3ff, 0x0173a000,
	0x00000000, 0x00000000, 0x00000000, 0x00000000,
	0x00000000, 0xc7ff8ba0, 0x01ffe3ff, 0x0174a000,
	0x00000000, 0x00000000, 0x00000000, 0x00000000,
	0x00000000, 0xc7ff8ba8, 0x01ffe3ff, 0x0175a000,
	0x00000000, 0x00000000, 0x00000000, 0x00000000,
	0x00000000, 0xc7ff8bb0, 0x01ffe3ff, 0x0176a000,
	0x00000000, 0x00000000, 0x00000000, 0x00000000,
	0x00000000, 0xc7ff8bb8, 0x01ffe3ff, 0x0177a000,
	0x00000000, 0x00000000, 0x00000000, 0x00000000,
	0x00000000, 0xc7ff8bc0, 0x01ffe3ff, 0x0178a000,
	0x00000000, 0x00000000, 0x00000000, 0x00000000,
	0x00000000, 0xc7ff8bc8, 0x01ffe3ff, 0x0179a000,
	0x00000000, 0x00000000, 0x00000000, 0x00000000,
	0x00000000, 0xc7ff8bd0, 0x01ffe3ff, 0x017aa000,
	0x00000000, 0x00000000, 0x00000000, 0x00000000,
	0x00000000, 0xc7ff8bd8, 0x01ffe3ff, 0x017ba000,
	0x00000000, 0x00000000, 0x00000000, 0x00000000,
	0x00000000, 0xc7ff8be0, 0x01ffe3ff, 0x017ca000,
	0x00000000, 0x00000000, 0x00000000, 0x00000000,
	0x00000000, 0xc7ff8be8, 0x01ffe3ff, 0x017da000,
	0x00000000, 0x00000000, 0x00000000, 0x00000000,
	0x00000000, 0xc7ff8bf0, 0x01ffe3ff, 0x017ea000,
	0x00000000, 0x00000000, 0x00000000, 0x00000000,
	0x00000000, 0xc7ff8bf8, 0x01ffe3ff, 0x017fa000,
	0x00000000, 0x00000000, 0x00000000, 0x00000000,
	0x00000000, 0xc7ff8c00, 0x01ffe3ff, 0x0180a000,
	0x00000000, 0x00000000, 0x00000000, 0x00000000,
	0x00000000, 0xc7ff8c08, 0x01ffe3ff, 0x0181a000,
	0x00000000, 0x00000000, 0x00000000, 0x00000000,
	0x00000000, 0xc7ff8c10, 0x01ffe3ff, 0x0182a000,
	0x00000000, 0x00000000, 0x00000000, 0x00000000,
	0x00000000, 0xc7ff8c18, 0x01ffe3ff, 0x0183a000,
	0x00000000, 0x00000000, 0x00000000, 0x00000000,
	0x00000000, 0xc7ff8c20, 0x01ffe3ff, 0x0184a000,
	0x00000000, 0x00000000, 0x00000000, 0x00000000,
	0x00000000, 0xc7ff8c28, 0x01ffe3ff, 0x0185a000,
	0x00000000, 0x00000000, 0x00000000, 0x00000000,
	0x00000000, 0xc7ff8c30, 0x01ffe3ff, 0x0186a000,
	0x00000000, 0x00000000, 0x00000000, 0x00000000,
	0x00000000, 0xc7ff8c38, 0x01ffe3ff, 0x0187a000,
	0x00000000, 0x00000000, 0x00000000, 0x00000000,
	0x00000000, 0xc7ff8c40, 0x01ffe3ff, 0x0188a000,
	0x00000000, 0x00000000, 0x00000000, 0x00000000,
	0x00000000, 0xc7ff8c48, 0x01ffe3ff, 0x0189a000,
	0x00000000, 0x00000000, 0x00000000, 0x00000000,
	0x00000000, 0xc7ff8c50, 0x01ffe3ff, 0x018aa000,
	0x00000000, 0x00000000, 0x00000000, 0x00000000,
	0x00000000, 0xc7ff8c58, 0x01ffe3ff, 0x018ba000,
	0x00000000, 0x00000000, 0x00000000, 0x00000000,
	0x00000000, 0xc7ff8c60, 0x01ffe3ff, 0x018ca000,
	0x00000000, 0x00000000, 0x00000000, 0x00000000,
	0x00000000, 0xc7ff8c68, 0x01ffe3ff, 0x018da000,
	0x00000000, 0x00000000, 0x00000000, 0x00000000,
	0x00000000, 0xc7ff8c70, 0x01ffe3ff, 0x018ea000,
	0x00000000, 0x00000000, 0x00000000, 0x00000000,
	0x00000000, 0xc7ff8c78, 0x01ffe3ff, 0x018fa000,
	0x00000000, 0x00000000, 0x00000000, 0x00000000,
	0x00000000, 0xc7ff8c80, 0x01ffe3ff, 0x0190a000,
	0x00000000, 0x00000000, 0x00000000, 0x00000000,
	0x00000000, 0xc7ff8c88, 0x01ffe3ff, 0x0191a000,
	0x00000000, 0x00000000, 0x00000000, 0x00000000,
	0x00000000, 0xc7ff8c90, 0x01ffe3ff, 0x0192a000,
	0x00000000, 0x00000000, 0x00000000, 0x00000000,
	0x00000000, 0xc7ff8c98, 0x01ffe3ff, 0x0193a000,
	0x00000000, 0x00000000, 0x00000000, 0x00000000,
	0x00000000, 0xc7ff8ca0, 0x01ffe3ff, 0x0194a000,
	0x00000000, 0x00000000, 0x00000000, 0x00000000,
	0x00000000, 0xc7ff8ca8, 0x01ffe3ff, 0x0195a000,
	0x00000000, 0x00000000, 0x00000000, 0x00000000,
	0x00000000, 0xc7ff8cb0, 0x01ffe3ff, 0x0196a000,
	0x00000000, 0x00000000, 0x00000000, 0x00000000,
	0x00000000, 0xc7ff8cb8, 0x01ffe3ff, 0x0197a000,
	0x00000000, 0x00000000, 0x00000000, 0x00000000,
	0x00000000, 0xc7ff8cc0, 0x01ffe3ff, 0x0198a000,
	0x00000000, 0x00000000, 0x00000000, 0x00000000,
	0x00000000, 0xc7ff8cc8, 0x01ffe3ff, 0x0199a000,
	0x00000000, 0x00000000, 0x00000000, 0x00000000,
	0x00000000, 0xc7ff8cd0, 0x01ffe3ff, 0x019aa000,
	0x00000000, 0x00000000, 0x00000000, 0x00000000,
	0x00000000, 0xc7ff8cd8, 0x01ffe3ff, 0x019ba000,
	0x00000000, 0x00000000, 0x00000000, 0x00000000,
	0x00000000, 0xc7ff8ce0, 0x01ffe3ff, 0x019ca000,
	0x00000000, 0x00000000, 0x00000000, 0x00000000,
	0x00000000, 0xc7ff8ce8, 0x01ffe3ff, 0x019da000,
	0x00000000, 0x00000000, 0x00000000, 0x00000000,
	0x00000000, 0xc7ff8cf0, 0x01ffe3ff, 0x019ea000,
	0x00000000, 0x00000000, 0x00000000, 0x00000000,
	0x00000000, 0xc7ff8cf8, 0x01ffe3ff, 0x019fa000,
	0x00000000, 0x00000000, 0x00000000, 0x00000000,
	0x00000000, 0xc7ff8d00, 0x01ffe3ff, 0x01a0a000,
	0x00000000, 0x00000000, 0x00000000, 0x00000000,
	0x00000000, 0xc7ff8d08, 0x01ffe3ff, 0x01a1a000,
	0x00000000, 0x00000000, 0x00000000, 0x00000000,
	0x00000000, 0xc7ff8d10, 0x01ffe3ff, 0x01a2a000,
	0x00000000, 0x00000000, 0x00000000, 0x00000000,
	0x00000000, 0xc7ff8d18, 0x01ffe3ff, 0x01a3a000,
	0x00000000, 0x00000000, 0x00000000, 0x00000000,
	0x00000000, 0xc7ff8d20, 0x01ffe3ff, 0x01a4a000,
	0x00000000, 0x00000000, 0x00000000, 0x00000000,
	0x00000000, 0xc7ff8d28, 0x01ffe3ff, 0x01a5a000,
	0x00000000, 0x00000000, 0x00000000, 0x00000000,
	0x00000000, 0xc7ff8d30, 0x01ffe3ff, 0x01a6a000,
	0x00000000, 0x00000000, 0x00000000, 0x00000000,
	0x00000000, 0xc7ff8d38, 0x01ffe3ff, 0x01a7a000,
	0x00000000, 0x00000000, 0x00000000, 0x00000000,
	0x00000000, 0xc7ff8d40, 0x01ffe3ff, 0x01a8a000,
	0x00000000, 0x00000000, 0x00000000, 0x00000000,
	0x00000000, 0xc7ff8d48, 0x01ffe3ff, 0x01a9a000,
	0x00000000, 0x00000000, 0x00000000, 0x00000000,
	0x00000000, 0xc7ff8d50, 0x01ffe3ff, 0x01aaa000,
	0x00000000, 0x00000000, 0x00000000, 0x00000000,
	0x00000000, 0xc7ff8d58, 0x01ffe3ff, 0x01aba000,
	0x00000000, 0x00000000, 0x00000000, 0x00000000,
	0x00000000, 0xc7ff8d60, 0x01ffe3ff, 0x01aca000,
	0x00000000, 0x00000000, 0x00000000, 0x00000000,
	0x00000000, 0xc7ff8d68, 0x01ffe3ff, 0x01ada000,
	0x00000000, 0x00000000, 0x00000000, 0x00000000,
	0x00000000, 0xc7ff8d70, 0x01ffe3ff, 0x01aea000,
	0x00000000, 0x00000000, 0x00000000, 0x00000000,
	0x00000000, 0xc7ff8d78, 0x01ffe3ff, 0x01afa000,
	0x00000000, 0x00000000, 0x00000000, 0x00000000,
	0x00000000, 0xc7ff8d80, 0x01ffe3ff, 0x01b0a000,
	0x00000000, 0x00000000, 0x00000000, 0x00000000,
	0x00000000, 0xc7ff8d88, 0x01ffe3ff, 0x01b1a000,
	0x00000000, 0x00000000, 0x00000000, 0x00000000,
	0x00000000, 0xc7ff8d90, 0x01ffe3ff, 0x01b2a000,
	0x00000000, 0x00000000, 0x00000000, 0x00000000,
	0x00000000, 0xc7ff8d98, 0x01ffe3ff, 0x01b3a000,
	0x00000000, 0x00000000, 0x00000000, 0x00000000,
	0x00000000, 0xc7ff8da0, 0x01ffe3ff, 0x01b4a000,
	0x00000000, 0x00000000, 0x00000000, 0x00000000,
	0x00000000, 0xc7ff8da8, 0x01ffe3ff, 0x01b5a000,
	0x00000000, 0x00000000, 0x00000000, 0x00000000,
	0x00000000, 0xc7ff8db0, 0x01ffe3ff, 0x01b6a000,
	0x00000000, 0x00000000, 0x00000000, 0x00000000,
	0x00000000, 0xc7ff8db8, 0x01ffe3ff, 0x01b7a000,
	0x00000000, 0x00000000, 0x00000000, 0x00000000,
	0x00000000, 0xc7ff8dc0, 0x01ffe3ff, 0x01b8a000,
	0x00000000, 0x00000000, 0x00000000, 0x00000000,
	0x00000000, 0xc7ff8dc8, 0x01ffe3ff, 0x01b9a000,
	0x00000000, 0x00000000, 0x00000000, 0x00000000,
	0x00000000, 0xc7ff8dd0, 0x01ffe3ff, 0x01baa000,
	0x00000000, 0x00000000, 0x00000000, 0x00000000,
	0x00000000, 0xc7ff8dd8, 0x01ffe3ff, 0x01bba000,
	0x00000000, 0x00000000, 0x00000000, 0x00000000,
	0x00000000, 0xc7ff8de0, 0x01ffe3ff, 0x01bca000,
	0x00000000, 0x00000000, 0x00000000, 0x00000000,
	0x00000000, 0xc7ff8de8, 0x01ffe3ff, 0x01bda000,
	0x00000000, 0x00000000, 0x00000000, 0x00000000,
	0x00000000, 0xc7ff8df0, 0x01ffe3ff, 0x01bea000,
	0x00000000, 0x00000000, 0x00000000, 0x00000000,
	0x00000000, 0xc7ff8df8, 0x01ffe3ff, 0x01bfa000,
	0x00000000, 0x00000000, 0x00000000, 0x00000000,
	0x00000000, 0xc7ff8e00, 0x01ffe3ff, 0x01c0a000,
	0x00000000, 0x00000000, 0x00000000, 0x00000000,
	0x00000000, 0xc7ff8e08, 0x01ffe3ff, 0x01c1a000,
	0x00000000, 0x00000000, 0x00000000, 0x00000000,
	0x00000000, 0xc7ff8e10, 0x01ffe3ff, 0x01c2a000,
	0x00000000, 0x00000000, 0x00000000, 0x00000000,
	0x00000000, 0xc7ff8e18, 0x01ffe3ff, 0x01c3a000,
	0x00000000, 0x00000000, 0x00000000, 0x00000000,
	0x00000000, 0xc7ff8e20, 0x01ffe3ff, 0x01c4a000,
	0x00000000, 0x00000000, 0x00000000, 0x00000000,
	0x00000000, 0xc7ff8e28, 0x01ffe3ff, 0x01c5a000,
	0x00000000, 0x00000000, 0x00000000, 0x00000000,
	0x00000000, 0xc7ff8e30, 0x01ffe3ff, 0x01c6a000,
	0x00000000, 0x00000000, 0x00000000, 0x00000000,
	0x00000000, 0xc7ff8e38, 0x01ffe3ff, 0x01c7a000,
	0x00000000, 0x00000000, 0x00000000, 0x00000000,
	0x00000000, 0xc7ff8e40, 0x01ffe3ff, 0x01c8a000,
	0x00000000, 0x00000000, 0x00000000, 0x00000000,
	0x00000000, 0xc7ff8e48, 0x01ffe3ff, 0x01c9a000,
	0x00000000, 0x00000000, 0x00000000, 0x00000000,
	0x00000000, 0xc7ff8e50, 0x01ffe3ff, 0x01caa000,
	0x00000000, 0x00000000, 0x00000000, 0x00000000,
	0x00000000, 0xc7ff8e58, 0x01ffe3ff, 0x01cba000,
	0x00000000, 0x00000000, 0x00000000, 0x00000000,
	0x00000000, 0xc7ff8e60, 0x01ffe3ff, 0x01cca000,
	0x00000000, 0x00000000, 0x00000000, 0x00000000,
	0x00000000, 0xc7ff8e68, 0x01ffe3ff, 0x01cda000,
	0x00000000, 0x00000000, 0x00000000, 0x00000000,
	0x00000000, 0xc7ff8e70, 0x01ffe3ff, 0x01cea000,
	0x00000000, 0x00000000, 0x00000000, 0x00000000,
	0x00000000, 0xc7ff8e78, 0x01ffe3ff, 0x01cfa000,
	0x00000000, 0x00000000, 0x00000000, 0x00000000,
	0x00000000, 0xc7ff8e80, 0x01ffe3ff, 0x01d0a000,
	0x00000000, 0x00000000, 0x00000000, 0x00000000,
	0x00000000, 0xc7ff8e88, 0x01ffe3ff, 0x01d1a000,
	0x00000000, 0x00000000, 0x00000000, 0x00000000,
	0x00000000, 0xc7ff8e90, 0x01ffe3ff, 0x01d2a000,
	0x00000000, 0x00000000, 0x00000000, 0x00000000,
	0x00000000, 0xc7ff8e98, 0x01ffe3ff, 0x01d3a000,
	0x00000000, 0x00000000, 0x00000000, 0x00000000,
	0x00000000, 0xc7ff8ea0, 0x01ffe3ff, 0x01d4a000,
	0x00000000, 0x00000000, 0x00000000, 0x00000000,
	0x00000000, 0xc7ff8ea8, 0x01ffe3ff, 0x01d5a000,
	0x00000000, 0x00000000, 0x00000000, 0x00000000,
	0x00000000, 0xc7ff8eb0, 0x01ffe3ff, 0x01d6a000,
	0x00000000, 0x00000000, 0x00000000, 0x00000000,
	0x00000000, 0xc7ff8eb8, 0x01ffe3ff, 0x01d7a000,
	0x00000000, 0x00000000, 0x00000000, 0x00000000,
	0x00000000, 0xc7ff8ec0, 0x01ffe3ff, 0x01d8a000,
	0x00000000, 0x00000000, 0x00000000, 0x00000000,
	0x00000000, 0xc7ff8ec8, 0x01ffe3ff, 0x01d9a000,
	0x00000000, 0x00000000, 0x00000000, 0x00000000,
	0x00000000, 0xc7ff8ed0, 0x01ffe3ff, 0x01daa000,
	0x00000000, 0x00000000, 0x00000000, 0x00000000,
	0x00000000, 0xc7ff8ed8, 0x01ffe3ff, 0x01dba000,
	0x00000000, 0x00000000, 0x00000000, 0x00000000,
	0x00000000, 0xc7ff8ee0, 0x01ffe3ff, 0x01dca000,
	0x00000000, 0x00000000, 0x00000000, 0x00000000,
	0x00000000, 0xc7ff8ee8, 0x01ffe3ff, 0x01dda000,
	0x00000000, 0x00000000, 0x00000000, 0x00000000,
	0x00000000, 0xc7ff8ef0, 0x01ffe3ff, 0x01dea000,
	0x00000000, 0x00000000, 0x00000000, 0x00000000,
	0x00000000, 0xc7ff8ef8, 0x01ffe3ff, 0x01dfa000,
	0x00000000, 0x00000000, 0x00000000, 0x00000000,
	0x00000000, 0xc7ff8f00, 0x01ffe3ff, 0x01e0a000,
	0x00000000, 0x00000000, 0x00000000, 0x00000000,
	0x00000000, 0xc7ff8f08, 0x01ffe3ff, 0x01e1a000,
	0x00000000, 0x00000000, 0x00000000, 0x00000000,
	0x00000000, 0xc7ff8f10, 0x01ffe3ff, 0x01e2a000,
	0x00000000, 0x00000000, 0x00000000, 0x00000000,
	0x00000000, 0xc7ff8f18, 0x01ffe3ff, 0x01e3a000,
	0x00000000, 0x00000000, 0x00000000, 0x00000000,
	0x00000000, 0xc7ff8f20, 0x01ffe3ff, 0x01e4a000,
	0x00000000, 0x00000000, 0x00000000, 0x00000000,
	0x00000000, 0xc7ff8f28, 0x01ffe3ff, 0x01e5a000,
	0x00000000, 0x00000000, 0x00000000, 0x00000000,
	0x00000000, 0xc7ff8f30, 0x01ffe3ff, 0x01e6a000,
	0x00000000, 0x00000000, 0x00000000, 0x00000000,
	0x00000000, 0xc7ff8f38, 0x01ffe3ff, 0x01e7a000,
	0x00000000, 0x00000000, 0x00000000, 0x00000000,
	0x00000000, 0xc7ff8f40, 0x01ffe3ff, 0x01e8a000,
	0x00000000, 0x00000000, 0x00000000, 0x00000000,
	0x00000000, 0xc7ff8f48, 0x01ffe3ff, 0x01e9a000,
	0x00000000, 0x00000000, 0x00000000, 0x00000000,
	0x00000000, 0xc7ff8f50, 0x01ffe3ff, 0x01eaa000,
	0x00000000, 0x00000000, 0x00000000, 0x00000000,
	0x00000000, 0xc7ff8f58, 0x01ffe3ff, 0x01eba000,
	0x00000000, 0x00000000, 0x00000000, 0x00000000,
	0x00000000, 0xc7ff8f60, 0x01ffe3ff, 0x01eca000,
	0x00000000, 0x00000000, 0x00000000, 0x00000000,
	0x00000000, 0xc7ff8f68, 0x01ffe3ff, 0x01eda000,
	0x00000000, 0x00000000, 0x00000000, 0x00000000,
	0x00000000, 0xc7ff8f70, 0x01ffe3ff, 0x01eea000,
	0x00000000, 0x00000000, 0x00000000, 0x00000000,
	0x00000000, 0xc7ff8f78, 0x01ffe3ff, 0x01efa000,
	0x00000000, 0x00000000, 0x00000000, 0x00000000,
	0x00000000, 0xc7ff8f80, 0x01ffe3ff, 0x01f0a000,
	0x00000000, 0x00000000, 0x00000000, 0x00000000,
	0x00000000, 0xc7ff8f88, 0x01ffe3ff, 0x01f1a000,
	0x00000000, 0x00000000, 0x00000000, 0x00000000,
	0x00000000, 0xc7ff8f90, 0x01ffe3ff, 0x01f2a000,
	0x00000000, 0x00000000, 0x00000000, 0x00000000,
	0x00000000, 0xc7ff8f98, 0x01ffe3ff, 0x01f3a000,
	0x00000000, 0x00000000, 0x00000000, 0x00000000,
	0x00000000, 0xc7ff8fa0, 0x01ffe3ff, 0x01f4a000,
	0x00000000, 0x00000000, 0x00000000, 0x00000000,
	0x00000000, 0xc7ff8fa8, 0x01ffe3ff, 0x01f5a000,
	0x00000000, 0x00000000, 0x00000000, 0x00000000,
	0x00000000, 0xc7ff8fb0, 0x01ffe3ff, 0x01f6a000,
	0x00000000, 0x00000000, 0x00000000, 0x00000000,
	0x00000000, 0xc7ff8fb8, 0x01ffe3ff, 0x01f7a000,
	0x00000000, 0x00000000, 0x00000000, 0x00000000,
	0x00000000, 0xc7ff8fc0, 0x01ffe3ff, 0x01f8a000,
	0x00000000, 0x00000000, 0x00000000, 0x00000000,
	0x00000000, 0xc7ff8fc8, 0x01ffe3ff, 0x01f9a000,
	0x00000000, 0x00000000, 0x00000000, 0x00000000,
	0x00000000, 0xc7ff8fd0, 0x01ffe3ff, 0x01faa000,
	0x00000000, 0x00000000, 0x00000000, 0x00000000,
	0x00000000, 0xc7ff8fd8, 0x01ffe3ff, 0x01fba000,
	0x00000000, 0x00000000, 0x00000000, 0x00000000,
	0x00000000, 0xc7ff8fe0, 0x01ffe3ff, 0x01fca000,
	0x00000000, 0x00000000, 0x00000000, 0x00000000,
	0x00000000, 0xc7ff8fe8, 0x01ffe3ff, 0x01fda000,
	0x00000000, 0x00000000, 0x00000000, 0x00000000,
	0x00000000, 0xc7ff8ff0, 0x01ffe3ff, 0x01fea000,
	0x00000000, 0x00000000, 0x00000000, 0x00000000,
	0x00000000, 0xc7ff8ff8, 0x01ffe3ff, 0x01ffa000,
	0x00000000, 0x00000000, 0x00000000, 0x00000000
};

int32_t idk_ut_5005_ipt_ipt_v_lut[] = {
	0x00000000, 0xc7ff8000, 0x01ffe3ff, 0x0000b000,
	0x00000000, 0x00000000, 0x00000000, 0x00000000,
	0x00000000, 0xc7ff8008, 0x01ffe3ff, 0x0001b000,
	0x00000000, 0x00000000, 0x00000000, 0x00000000,
	0x00000000, 0xc7ff8010, 0x01ffe3ff, 0x0002b000,
	0x00000000, 0x00000000, 0x00000000, 0x00000000,
	0x00000000, 0xc7ff8018, 0x01ffe3ff, 0x0003b000,
	0x00000000, 0x00000000, 0x00000000, 0x00000000,
	0x00000000, 0xc7ff8020, 0x01ffe3ff, 0x0004b000,
	0x00000000, 0x00000000, 0x00000000, 0x00000000,
	0x00000000, 0xc7ff8028, 0x01ffe3ff, 0x0005b000,
	0x00000000, 0x00000000, 0x00000000, 0x00000000,
	0x00000000, 0xc7ff8030, 0x01ffe3ff, 0x0006b000,
	0x00000000, 0x00000000, 0x00000000, 0x00000000,
	0x00000000, 0xc7ff8038, 0x01ffe3ff, 0x0007b000,
	0x00000000, 0x00000000, 0x00000000, 0x00000000,
	0x00000000, 0xc7ff8040, 0x01ffe3ff, 0x0008b000,
	0x00000000, 0x00000000, 0x00000000, 0x00000000,
	0x00000000, 0xc7ff8048, 0x01ffe3ff, 0x0009b000,
	0x00000000, 0x00000000, 0x00000000, 0x00000000,
	0x00000000, 0xc7ff8050, 0x01ffe3ff, 0x000ab000,
	0x00000000, 0x00000000, 0x00000000, 0x00000000,
	0x00000000, 0xc7ff8058, 0x01ffe3ff, 0x000bb000,
	0x00000000, 0x00000000, 0x00000000, 0x00000000,
	0x00000000, 0xc7ff8060, 0x01ffe3ff, 0x000cb000,
	0x00000000, 0x00000000, 0x00000000, 0x00000000,
	0x00000000, 0xc7ff8068, 0x01ffe3ff, 0x000db000,
	0x00000000, 0x00000000, 0x00000000, 0x00000000,
	0x00000000, 0xc7ff8070, 0x01ffe3ff, 0x000eb000,
	0x00000000, 0x00000000, 0x00000000, 0x00000000,
	0x00000000, 0xc7ff8078, 0x01ffe3ff, 0x000fb000,
	0x00000000, 0x00000000, 0x00000000, 0x00000000,
	0x00000000, 0xc7ff8080, 0x01ffe3ff, 0x0010b000,
	0x00000000, 0x00000000, 0x00000000, 0x00000000,
	0x00000000, 0xc7ff8088, 0x01ffe3ff, 0x0011b000,
	0x00000000, 0x00000000, 0x00000000, 0x00000000,
	0x00000000, 0xc7ff8090, 0x01ffe3ff, 0x0012b000,
	0x00000000, 0x00000000, 0x00000000, 0x00000000,
	0x00000000, 0xc7ff8098, 0x01ffe3ff, 0x0013b000,
	0x00000000, 0x00000000, 0x00000000, 0x00000000,
	0x00000000, 0xc7ff80a0, 0x01ffe3ff, 0x0014b000,
	0x00000000, 0x00000000, 0x00000000, 0x00000000,
	0x00000000, 0xc7ff80a8, 0x01ffe3ff, 0x0015b000,
	0x00000000, 0x00000000, 0x00000000, 0x00000000,
	0x00000000, 0xc7ff80b0, 0x01ffe3ff, 0x0016b000,
	0x00000000, 0x00000000, 0x00000000, 0x00000000,
	0x00000000, 0xc7ff80b8, 0x01ffe3ff, 0x0017b000,
	0x00000000, 0x00000000, 0x00000000, 0x00000000,
	0x00000000, 0xc7ff80c0, 0x01ffe3ff, 0x0018b000,
	0x00000000, 0x00000000, 0x00000000, 0x00000000,
	0x00000000, 0xc7ff80c8, 0x01ffe3ff, 0x0019b000,
	0x00000000, 0x00000000, 0x00000000, 0x00000000,
	0x00000000, 0xc7ff80d0, 0x01ffe3ff, 0x001ab000,
	0x00000000, 0x00000000, 0x00000000, 0x00000000,
	0x00000000, 0xc7ff80d8, 0x01ffe3ff, 0x001bb000,
	0x00000000, 0x00000000, 0x00000000, 0x00000000,
	0x00000000, 0xc7ff80e0, 0x01ffe3ff, 0x001cb000,
	0x00000000, 0x00000000, 0x00000000, 0x00000000,
	0x00000000, 0xc7ff80e8, 0x01ffe3ff, 0x001db000,
	0x00000000, 0x00000000, 0x00000000, 0x00000000,
	0x00000000, 0xc7ff80f0, 0x01ffe3ff, 0x001eb000,
	0x00000000, 0x00000000, 0x00000000, 0x00000000,
	0x00000000, 0xc7ff80f8, 0x01ffe3ff, 0x001fb000,
	0x00000000, 0x00000000, 0x00000000, 0x00000000,
	0x00000000, 0xc7ff8100, 0x01ffe3ff, 0x0020b000,
	0x00000000, 0x00000000, 0x00000000, 0x00000000,
	0x00000000, 0xc7ff8108, 0x01ffe3ff, 0x0021b000,
	0x00000000, 0x00000000, 0x00000000, 0x00000000,
	0x00000000, 0xc7ff8110, 0x01ffe3ff, 0x0022b000,
	0x00000000, 0x00000000, 0x00000000, 0x00000000,
	0x00000000, 0xc7ff8118, 0x01ffe3ff, 0x0023b000,
	0x00000000, 0x00000000, 0x00000000, 0x00000000,
	0x00000000, 0xc7ff8120, 0x01ffe3ff, 0x0024b000,
	0x00000000, 0x00000000, 0x00000000, 0x00000000,
	0x00000000, 0xc7ff8128, 0x01ffe3ff, 0x0025b000,
	0x00000000, 0x00000000, 0x00000000, 0x00000000,
	0x00000000, 0xc7ff8130, 0x01ffe3ff, 0x0026b000,
	0x00000000, 0x00000000, 0x00000000, 0x00000000,
	0x00000000, 0xc7ff8138, 0x01ffe3ff, 0x0027b000,
	0x00000000, 0x00000000, 0x00000000, 0x00000000,
	0x00000000, 0xc7ff8140, 0x01ffe3ff, 0x0028b000,
	0x00000000, 0x00000000, 0x00000000, 0x00000000,
	0x00000000, 0xc7ff8148, 0x01ffe3ff, 0x0029b000,
	0x00000000, 0x00000000, 0x00000000, 0x00000000,
	0x00000000, 0xc7ff8150, 0x01ffe3ff, 0x002ab000,
	0x00000000, 0x00000000, 0x00000000, 0x00000000,
	0x00000000, 0xc7ff8158, 0x01ffe3ff, 0x002bb000,
	0x00000000, 0x00000000, 0x00000000, 0x00000000,
	0x00000000, 0xc7ff8160, 0x01ffe3ff, 0x002cb000,
	0x00000000, 0x00000000, 0x00000000, 0x00000000,
	0x00000000, 0xc7ff8168, 0x01ffe3ff, 0x002db000,
	0x00000000, 0x00000000, 0x00000000, 0x00000000,
	0x00000000, 0xc7ff8170, 0x01ffe3ff, 0x002eb000,
	0x00000000, 0x00000000, 0x00000000, 0x00000000,
	0x00000000, 0xc7ff8178, 0x01ffe3ff, 0x002fb000,
	0x00000000, 0x00000000, 0x00000000, 0x00000000,
	0x00000000, 0xc7ff8180, 0x01ffe3ff, 0x0030b000,
	0x00000000, 0x00000000, 0x00000000, 0x00000000,
	0x00000000, 0xc7ff8188, 0x01ffe3ff, 0x0031b000,
	0x00000000, 0x00000000, 0x00000000, 0x00000000,
	0x00000000, 0xc7ff8190, 0x01ffe3ff, 0x0032b000,
	0x00000000, 0x00000000, 0x00000000, 0x00000000,
	0x00000000, 0xc7ff8198, 0x01ffe3ff, 0x0033b000,
	0x00000000, 0x00000000, 0x00000000, 0x00000000,
	0x00000000, 0xc7ff81a0, 0x01ffe3ff, 0x0034b000,
	0x00000000, 0x00000000, 0x00000000, 0x00000000,
	0x00000000, 0xc7ff81a8, 0x01ffe3ff, 0x0035b000,
	0x00000000, 0x00000000, 0x00000000, 0x00000000,
	0x00000000, 0xc7ff81b0, 0x01ffe3ff, 0x0036b000,
	0x00000000, 0x00000000, 0x00000000, 0x00000000,
	0x00000000, 0xc7ff81b8, 0x01ffe3ff, 0x0037b000,
	0x00000000, 0x00000000, 0x00000000, 0x00000000,
	0x00000000, 0xc7ff81c0, 0x01ffe3ff, 0x0038b000,
	0x00000000, 0x00000000, 0x00000000, 0x00000000,
	0x00000000, 0xc7ff81c8, 0x01ffe3ff, 0x0039b000,
	0x00000000, 0x00000000, 0x00000000, 0x00000000,
	0x00000000, 0xc7ff81d0, 0x01ffe3ff, 0x003ab000,
	0x00000000, 0x00000000, 0x00000000, 0x00000000,
	0x00000000, 0xc7ff81d8, 0x01ffe3ff, 0x003bb000,
	0x00000000, 0x00000000, 0x00000000, 0x00000000,
	0x00000000, 0xc7ff81e0, 0x01ffe3ff, 0x003cb000,
	0x00000000, 0x00000000, 0x00000000, 0x00000000,
	0x00000000, 0xc7ff81e8, 0x01ffe3ff, 0x003db000,
	0x00000000, 0x00000000, 0x00000000, 0x00000000,
	0x00000000, 0xc7ff81f0, 0x01ffe3ff, 0x003eb000,
	0x00000000, 0x00000000, 0x00000000, 0x00000000,
	0x00000000, 0xc7ff81f8, 0x01ffe3ff, 0x003fb000,
	0x00000000, 0x00000000, 0x00000000, 0x00000000,
	0x00000000, 0xc7ff8200, 0x01ffe3ff, 0x0040b000,
	0x00000000, 0x00000000, 0x00000000, 0x00000000,
	0x00000000, 0xc7ff8208, 0x01ffe3ff, 0x0041b000,
	0x00000000, 0x00000000, 0x00000000, 0x00000000,
	0x00000000, 0xc7ff8210, 0x01ffe3ff, 0x0042b000,
	0x00000000, 0x00000000, 0x00000000, 0x00000000,
	0x00000000, 0xc7ff8218, 0x01ffe3ff, 0x0043b000,
	0x00000000, 0x00000000, 0x00000000, 0x00000000,
	0x00000000, 0xc7ff8220, 0x01ffe3ff, 0x0044b000,
	0x00000000, 0x00000000, 0x00000000, 0x00000000,
	0x00000000, 0xc7ff8228, 0x01ffe3ff, 0x0045b000,
	0x00000000, 0x00000000, 0x00000000, 0x00000000,
	0x00000000, 0xc7ff8230, 0x01ffe3ff, 0x0046b000,
	0x00000000, 0x00000000, 0x00000000, 0x00000000,
	0x00000000, 0xc7ff8238, 0x01ffe3ff, 0x0047b000,
	0x00000000, 0x00000000, 0x00000000, 0x00000000,
	0x00000000, 0xc7ff8240, 0x01ffe3ff, 0x0048b000,
	0x00000000, 0x00000000, 0x00000000, 0x00000000,
	0x00000000, 0xc7ff8248, 0x01ffe3ff, 0x0049b000,
	0x00000000, 0x00000000, 0x00000000, 0x00000000,
	0x00000000, 0xc7ff8250, 0x01ffe3ff, 0x004ab000,
	0x00000000, 0x00000000, 0x00000000, 0x00000000,
	0x00000000, 0xc7ff8258, 0x01ffe3ff, 0x004bb000,
	0x00000000, 0x00000000, 0x00000000, 0x00000000,
	0x00000000, 0xc7ff8260, 0x01ffe3ff, 0x004cb000,
	0x00000000, 0x00000000, 0x00000000, 0x00000000,
	0x00000000, 0xc7ff8268, 0x01ffe3ff, 0x004db000,
	0x00000000, 0x00000000, 0x00000000, 0x00000000,
	0x00000000, 0xc7ff8270, 0x01ffe3ff, 0x004eb000,
	0x00000000, 0x00000000, 0x00000000, 0x00000000,
	0x00000000, 0xc7ff8278, 0x01ffe3ff, 0x004fb000,
	0x00000000, 0x00000000, 0x00000000, 0x00000000,
	0x00000000, 0xc7ff8280, 0x01ffe3ff, 0x0050b000,
	0x00000000, 0x00000000, 0x00000000, 0x00000000,
	0x00000000, 0xc7ff8288, 0x01ffe3ff, 0x0051b000,
	0x00000000, 0x00000000, 0x00000000, 0x00000000,
	0x00000000, 0xc7ff8290, 0x01ffe3ff, 0x0052b000,
	0x00000000, 0x00000000, 0x00000000, 0x00000000,
	0x00000000, 0xc7ff8298, 0x01ffe3ff, 0x0053b000,
	0x00000000, 0x00000000, 0x00000000, 0x00000000,
	0x00000000, 0xc7ff82a0, 0x01ffe3ff, 0x0054b000,
	0x00000000, 0x00000000, 0x00000000, 0x00000000,
	0x00000000, 0xc7ff82a8, 0x01ffe3ff, 0x0055b000,
	0x00000000, 0x00000000, 0x00000000, 0x00000000,
	0x00000000, 0xc7ff82b0, 0x01ffe3ff, 0x0056b000,
	0x00000000, 0x00000000, 0x00000000, 0x00000000,
	0x00000000, 0xc7ff82b8, 0x01ffe3ff, 0x0057b000,
	0x00000000, 0x00000000, 0x00000000, 0x00000000,
	0x00000000, 0xc7ff82c0, 0x01ffe3ff, 0x0058b000,
	0x00000000, 0x00000000, 0x00000000, 0x00000000,
	0x00000000, 0xc7ff82c8, 0x01ffe3ff, 0x0059b000,
	0x00000000, 0x00000000, 0x00000000, 0x00000000,
	0x00000000, 0xc7ff82d0, 0x01ffe3ff, 0x005ab000,
	0x00000000, 0x00000000, 0x00000000, 0x00000000,
	0x00000000, 0xc7ff82d8, 0x01ffe3ff, 0x005bb000,
	0x00000000, 0x00000000, 0x00000000, 0x00000000,
	0x00000000, 0xc7ff82e0, 0x01ffe3ff, 0x005cb000,
	0x00000000, 0x00000000, 0x00000000, 0x00000000,
	0x00000000, 0xc7ff82e8, 0x01ffe3ff, 0x005db000,
	0x00000000, 0x00000000, 0x00000000, 0x00000000,
	0x00000000, 0xc7ff82f0, 0x01ffe3ff, 0x005eb000,
	0x00000000, 0x00000000, 0x00000000, 0x00000000,
	0x00000000, 0xc7ff82f8, 0x01ffe3ff, 0x005fb000,
	0x00000000, 0x00000000, 0x00000000, 0x00000000,
	0x00000000, 0xc7ff8300, 0x01ffe3ff, 0x0060b000,
	0x00000000, 0x00000000, 0x00000000, 0x00000000,
	0x00000000, 0xc7ff8308, 0x01ffe3ff, 0x0061b000,
	0x00000000, 0x00000000, 0x00000000, 0x00000000,
	0x00000000, 0xc7ff8310, 0x01ffe3ff, 0x0062b000,
	0x00000000, 0x00000000, 0x00000000, 0x00000000,
	0x00000000, 0xc7ff8318, 0x01ffe3ff, 0x0063b000,
	0x00000000, 0x00000000, 0x00000000, 0x00000000,
	0x00000000, 0xc7ff8320, 0x01ffe3ff, 0x0064b000,
	0x00000000, 0x00000000, 0x00000000, 0x00000000,
	0x00000000, 0xc7ff8328, 0x01ffe3ff, 0x0065b000,
	0x00000000, 0x00000000, 0x00000000, 0x00000000,
	0x00000000, 0xc7ff8330, 0x01ffe3ff, 0x0066b000,
	0x00000000, 0x00000000, 0x00000000, 0x00000000,
	0x00000000, 0xc7ff8338, 0x01ffe3ff, 0x0067b000,
	0x00000000, 0x00000000, 0x00000000, 0x00000000,
	0x00000000, 0xc7ff8340, 0x01ffe3ff, 0x0068b000,
	0x00000000, 0x00000000, 0x00000000, 0x00000000,
	0x00000000, 0xc7ff8348, 0x01ffe3ff, 0x0069b000,
	0x00000000, 0x00000000, 0x00000000, 0x00000000,
	0x00000000, 0xc7ff8350, 0x01ffe3ff, 0x006ab000,
	0x00000000, 0x00000000, 0x00000000, 0x00000000,
	0x00000000, 0xc7ff8358, 0x01ffe3ff, 0x006bb000,
	0x00000000, 0x00000000, 0x00000000, 0x00000000,
	0x00000000, 0xc7ff8360, 0x01ffe3ff, 0x006cb000,
	0x00000000, 0x00000000, 0x00000000, 0x00000000,
	0x00000000, 0xc7ff8368, 0x01ffe3ff, 0x006db000,
	0x00000000, 0x00000000, 0x00000000, 0x00000000,
	0x00000000, 0xc7ff8370, 0x01ffe3ff, 0x006eb000,
	0x00000000, 0x00000000, 0x00000000, 0x00000000,
	0x00000000, 0xc7ff8378, 0x01ffe3ff, 0x006fb000,
	0x00000000, 0x00000000, 0x00000000, 0x00000000,
	0x00000000, 0xc7ff8380, 0x01ffe3ff, 0x0070b000,
	0x00000000, 0x00000000, 0x00000000, 0x00000000,
	0x00000000, 0xc7ff8388, 0x01ffe3ff, 0x0071b000,
	0x00000000, 0x00000000, 0x00000000, 0x00000000,
	0x00000000, 0xc7ff8390, 0x01ffe3ff, 0x0072b000,
	0x00000000, 0x00000000, 0x00000000, 0x00000000,
	0x00000000, 0xc7ff8398, 0x01ffe3ff, 0x0073b000,
	0x00000000, 0x00000000, 0x00000000, 0x00000000,
	0x00000000, 0xc7ff83a0, 0x01ffe3ff, 0x0074b000,
	0x00000000, 0x00000000, 0x00000000, 0x00000000,
	0x00000000, 0xc7ff83a8, 0x01ffe3ff, 0x0075b000,
	0x00000000, 0x00000000, 0x00000000, 0x00000000,
	0x00000000, 0xc7ff83b0, 0x01ffe3ff, 0x0076b000,
	0x00000000, 0x00000000, 0x00000000, 0x00000000,
	0x00000000, 0xc7ff83b8, 0x01ffe3ff, 0x0077b000,
	0x00000000, 0x00000000, 0x00000000, 0x00000000,
	0x00000000, 0xc7ff83c0, 0x01ffe3ff, 0x0078b000,
	0x00000000, 0x00000000, 0x00000000, 0x00000000,
	0x00000000, 0xc7ff83c8, 0x01ffe3ff, 0x0079b000,
	0x00000000, 0x00000000, 0x00000000, 0x00000000,
	0x00000000, 0xc7ff83d0, 0x01ffe3ff, 0x007ab000,
	0x00000000, 0x00000000, 0x00000000, 0x00000000,
	0x00000000, 0xc7ff83d8, 0x01ffe3ff, 0x007bb000,
	0x00000000, 0x00000000, 0x00000000, 0x00000000,
	0x00000000, 0xc7ff83e0, 0x01ffe3ff, 0x007cb000,
	0x00000000, 0x00000000, 0x00000000, 0x00000000,
	0x00000000, 0xc7ff83e8, 0x01ffe3ff, 0x007db000,
	0x00000000, 0x00000000, 0x00000000, 0x00000000,
	0x00000000, 0xc7ff83f0, 0x01ffe3ff, 0x007eb000,
	0x00000000, 0x00000000, 0x00000000, 0x00000000,
	0x00000000, 0xc7ff83f8, 0x01ffe3ff, 0x007fb000,
	0x00000000, 0x00000000, 0x00000000, 0x00000000,
	0x00000000, 0xc7ff8400, 0x01ffe3ff, 0x0080b000,
	0x00000000, 0x00000000, 0x00000000, 0x00000000,
	0x00000000, 0xc7ff8408, 0x01ffe3ff, 0x0081b000,
	0x00000000, 0x00000000, 0x00000000, 0x00000000,
	0x00000000, 0xc7ff8410, 0x01ffe3ff, 0x0082b000,
	0x00000000, 0x00000000, 0x00000000, 0x00000000,
	0x00000000, 0xc7ff8418, 0x01ffe3ff, 0x0083b000,
	0x00000000, 0x00000000, 0x00000000, 0x00000000,
	0x00000000, 0xc7ff8420, 0x01ffe3ff, 0x0084b000,
	0x00000000, 0x00000000, 0x00000000, 0x00000000,
	0x00000000, 0xc7ff8428, 0x01ffe3ff, 0x0085b000,
	0x00000000, 0x00000000, 0x00000000, 0x00000000,
	0x00000000, 0xc7ff8430, 0x01ffe3ff, 0x0086b000,
	0x00000000, 0x00000000, 0x00000000, 0x00000000,
	0x00000000, 0xc7ff8438, 0x01ffe3ff, 0x0087b000,
	0x00000000, 0x00000000, 0x00000000, 0x00000000,
	0x00000000, 0xc7ff8440, 0x01ffe3ff, 0x0088b000,
	0x00000000, 0x00000000, 0x00000000, 0x00000000,
	0x00000000, 0xc7ff8448, 0x01ffe3ff, 0x0089b000,
	0x00000000, 0x00000000, 0x00000000, 0x00000000,
	0x00000000, 0xc7ff8450, 0x01ffe3ff, 0x008ab000,
	0x00000000, 0x00000000, 0x00000000, 0x00000000,
	0x00000000, 0xc7ff8458, 0x01ffe3ff, 0x008bb000,
	0x00000000, 0x00000000, 0x00000000, 0x00000000,
	0x00000000, 0xc7ff8460, 0x01ffe3ff, 0x008cb000,
	0x00000000, 0x00000000, 0x00000000, 0x00000000,
	0x00000000, 0xc7ff8468, 0x01ffe3ff, 0x008db000,
	0x00000000, 0x00000000, 0x00000000, 0x00000000,
	0x00000000, 0xc7ff8470, 0x01ffe3ff, 0x008eb000,
	0x00000000, 0x00000000, 0x00000000, 0x00000000,
	0x00000000, 0xc7ff8478, 0x01ffe3ff, 0x008fb000,
	0x00000000, 0x00000000, 0x00000000, 0x00000000,
	0x00000000, 0xc7ff8480, 0x01ffe3ff, 0x0090b000,
	0x00000000, 0x00000000, 0x00000000, 0x00000000,
	0x00000000, 0xc7ff8488, 0x01ffe3ff, 0x0091b000,
	0x00000000, 0x00000000, 0x00000000, 0x00000000,
	0x00000000, 0xc7ff8490, 0x01ffe3ff, 0x0092b000,
	0x00000000, 0x00000000, 0x00000000, 0x00000000,
	0x00000000, 0xc7ff8498, 0x01ffe3ff, 0x0093b000,
	0x00000000, 0x00000000, 0x00000000, 0x00000000,
	0x00000000, 0xc7ff84a0, 0x01ffe3ff, 0x0094b000,
	0x00000000, 0x00000000, 0x00000000, 0x00000000,
	0x00000000, 0xc7ff84a8, 0x01ffe3ff, 0x0095b000,
	0x00000000, 0x00000000, 0x00000000, 0x00000000,
	0x00000000, 0xc7ff84b0, 0x01ffe3ff, 0x0096b000,
	0x00000000, 0x00000000, 0x00000000, 0x00000000,
	0x00000000, 0xc7ff84b8, 0x01ffe3ff, 0x0097b000,
	0x00000000, 0x00000000, 0x00000000, 0x00000000,
	0x00000000, 0xc7ff84c0, 0x01ffe3ff, 0x0098b000,
	0x00000000, 0x00000000, 0x00000000, 0x00000000,
	0x00000000, 0xc7ff84c8, 0x01ffe3ff, 0x0099b000,
	0x00000000, 0x00000000, 0x00000000, 0x00000000,
	0x00000000, 0xc7ff84d0, 0x01ffe3ff, 0x009ab000,
	0x00000000, 0x00000000, 0x00000000, 0x00000000,
	0x00000000, 0xc7ff84d8, 0x01ffe3ff, 0x009bb000,
	0x00000000, 0x00000000, 0x00000000, 0x00000000,
	0x00000000, 0xc7ff84e0, 0x01ffe3ff, 0x009cb000,
	0x00000000, 0x00000000, 0x00000000, 0x00000000,
	0x00000000, 0xc7ff84e8, 0x01ffe3ff, 0x009db000,
	0x00000000, 0x00000000, 0x00000000, 0x00000000,
	0x00000000, 0xc7ff84f0, 0x01ffe3ff, 0x009eb000,
	0x00000000, 0x00000000, 0x00000000, 0x00000000,
	0x00000000, 0xc7ff84f8, 0x01ffe3ff, 0x009fb000,
	0x00000000, 0x00000000, 0x00000000, 0x00000000,
	0x00000000, 0xc7ff8500, 0x01ffe3ff, 0x00a0b000,
	0x00000000, 0x00000000, 0x00000000, 0x00000000,
	0x00000000, 0xc7ff8508, 0x01ffe3ff, 0x00a1b000,
	0x00000000, 0x00000000, 0x00000000, 0x00000000,
	0x00000000, 0xc7ff8510, 0x01ffe3ff, 0x00a2b000,
	0x00000000, 0x00000000, 0x00000000, 0x00000000,
	0x00000000, 0xc7ff8518, 0x01ffe3ff, 0x00a3b000,
	0x00000000, 0x00000000, 0x00000000, 0x00000000,
	0x00000000, 0xc7ff8520, 0x01ffe3ff, 0x00a4b000,
	0x00000000, 0x00000000, 0x00000000, 0x00000000,
	0x00000000, 0xc7ff8528, 0x01ffe3ff, 0x00a5b000,
	0x00000000, 0x00000000, 0x00000000, 0x00000000,
	0x00000000, 0xc7ff8530, 0x01ffe3ff, 0x00a6b000,
	0x00000000, 0x00000000, 0x00000000, 0x00000000,
	0x00000000, 0xc7ff8538, 0x01ffe3ff, 0x00a7b000,
	0x00000000, 0x00000000, 0x00000000, 0x00000000,
	0x00000000, 0xc7ff8540, 0x01ffe3ff, 0x00a8b000,
	0x00000000, 0x00000000, 0x00000000, 0x00000000,
	0x00000000, 0xc7ff8548, 0x01ffe3ff, 0x00a9b000,
	0x00000000, 0x00000000, 0x00000000, 0x00000000,
	0x00000000, 0xc7ff8550, 0x01ffe3ff, 0x00aab000,
	0x00000000, 0x00000000, 0x00000000, 0x00000000,
	0x00000000, 0xc7ff8558, 0x01ffe3ff, 0x00abb000,
	0x00000000, 0x00000000, 0x00000000, 0x00000000,
	0x00000000, 0xc7ff8560, 0x01ffe3ff, 0x00acb000,
	0x00000000, 0x00000000, 0x00000000, 0x00000000,
	0x00000000, 0xc7ff8568, 0x01ffe3ff, 0x00adb000,
	0x00000000, 0x00000000, 0x00000000, 0x00000000,
	0x00000000, 0xc7ff8570, 0x01ffe3ff, 0x00aeb000,
	0x00000000, 0x00000000, 0x00000000, 0x00000000,
	0x00000000, 0xc7ff8578, 0x01ffe3ff, 0x00afb000,
	0x00000000, 0x00000000, 0x00000000, 0x00000000,
	0x00000000, 0xc7ff8580, 0x01ffe3ff, 0x00b0b000,
	0x00000000, 0x00000000, 0x00000000, 0x00000000,
	0x00000000, 0xc7ff8588, 0x01ffe3ff, 0x00b1b000,
	0x00000000, 0x00000000, 0x00000000, 0x00000000,
	0x00000000, 0xc7ff8590, 0x01ffe3ff, 0x00b2b000,
	0x00000000, 0x00000000, 0x00000000, 0x00000000,
	0x00000000, 0xc7ff8598, 0x01ffe3ff, 0x00b3b000,
	0x00000000, 0x00000000, 0x00000000, 0x00000000,
	0x00000000, 0xc7ff85a0, 0x01ffe3ff, 0x00b4b000,
	0x00000000, 0x00000000, 0x00000000, 0x00000000,
	0x00000000, 0xc7ff85a8, 0x01ffe3ff, 0x00b5b000,
	0x00000000, 0x00000000, 0x00000000, 0x00000000,
	0x00000000, 0xc7ff85b0, 0x01ffe3ff, 0x00b6b000,
	0x00000000, 0x00000000, 0x00000000, 0x00000000,
	0x00000000, 0xc7ff85b8, 0x01ffe3ff, 0x00b7b000,
	0x00000000, 0x00000000, 0x00000000, 0x00000000,
	0x00000000, 0xc7ff85c0, 0x01ffe3ff, 0x00b8b000,
	0x00000000, 0x00000000, 0x00000000, 0x00000000,
	0x00000000, 0xc7ff85c8, 0x01ffe3ff, 0x00b9b000,
	0x00000000, 0x00000000, 0x00000000, 0x00000000,
	0x00000000, 0xc7ff85d0, 0x01ffe3ff, 0x00bab000,
	0x00000000, 0x00000000, 0x00000000, 0x00000000,
	0x00000000, 0xc7ff85d8, 0x01ffe3ff, 0x00bbb000,
	0x00000000, 0x00000000, 0x00000000, 0x00000000,
	0x00000000, 0xc7ff85e0, 0x01ffe3ff, 0x00bcb000,
	0x00000000, 0x00000000, 0x00000000, 0x00000000,
	0x00000000, 0xc7ff85e8, 0x01ffe3ff, 0x00bdb000,
	0x00000000, 0x00000000, 0x00000000, 0x00000000,
	0x00000000, 0xc7ff85f0, 0x01ffe3ff, 0x00beb000,
	0x00000000, 0x00000000, 0x00000000, 0x00000000,
	0x00000000, 0xc7ff85f8, 0x01ffe3ff, 0x00bfb000,
	0x00000000, 0x00000000, 0x00000000, 0x00000000,
	0x00000000, 0xc7ff8600, 0x01ffe3ff, 0x00c0b000,
	0x00000000, 0x00000000, 0x00000000, 0x00000000,
	0x00000000, 0xc7ff8608, 0x01ffe3ff, 0x00c1b000,
	0x00000000, 0x00000000, 0x00000000, 0x00000000,
	0x00000000, 0xc7ff8610, 0x01ffe3ff, 0x00c2b000,
	0x00000000, 0x00000000, 0x00000000, 0x00000000,
	0x00000000, 0xc7ff8618, 0x01ffe3ff, 0x00c3b000,
	0x00000000, 0x00000000, 0x00000000, 0x00000000,
	0x00000000, 0xc7ff8620, 0x01ffe3ff, 0x00c4b000,
	0x00000000, 0x00000000, 0x00000000, 0x00000000,
	0x00000000, 0xc7ff8628, 0x01ffe3ff, 0x00c5b000,
	0x00000000, 0x00000000, 0x00000000, 0x00000000,
	0x00000000, 0xc7ff8630, 0x01ffe3ff, 0x00c6b000,
	0x00000000, 0x00000000, 0x00000000, 0x00000000,
	0x00000000, 0xc7ff8638, 0x01ffe3ff, 0x00c7b000,
	0x00000000, 0x00000000, 0x00000000, 0x00000000,
	0x00000000, 0xc7ff8640, 0x01ffe3ff, 0x00c8b000,
	0x00000000, 0x00000000, 0x00000000, 0x00000000,
	0x00000000, 0xc7ff8648, 0x01ffe3ff, 0x00c9b000,
	0x00000000, 0x00000000, 0x00000000, 0x00000000,
	0x00000000, 0xc7ff8650, 0x01ffe3ff, 0x00cab000,
	0x00000000, 0x00000000, 0x00000000, 0x00000000,
	0x00000000, 0xc7ff8658, 0x01ffe3ff, 0x00cbb000,
	0x00000000, 0x00000000, 0x00000000, 0x00000000,
	0x00000000, 0xc7ff8660, 0x01ffe3ff, 0x00ccb000,
	0x00000000, 0x00000000, 0x00000000, 0x00000000,
	0x00000000, 0xc7ff8668, 0x01ffe3ff, 0x00cdb000,
	0x00000000, 0x00000000, 0x00000000, 0x00000000,
	0x00000000, 0xc7ff8670, 0x01ffe3ff, 0x00ceb000,
	0x00000000, 0x00000000, 0x00000000, 0x00000000,
	0x00000000, 0xc7ff8678, 0x01ffe3ff, 0x00cfb000,
	0x00000000, 0x00000000, 0x00000000, 0x00000000,
	0x00000000, 0xc7ff8680, 0x01ffe3ff, 0x00d0b000,
	0x00000000, 0x00000000, 0x00000000, 0x00000000,
	0x00000000, 0xc7ff8688, 0x01ffe3ff, 0x00d1b000,
	0x00000000, 0x00000000, 0x00000000, 0x00000000,
	0x00000000, 0xc7ff8690, 0x01ffe3ff, 0x00d2b000,
	0x00000000, 0x00000000, 0x00000000, 0x00000000,
	0x00000000, 0xc7ff8698, 0x01ffe3ff, 0x00d3b000,
	0x00000000, 0x00000000, 0x00000000, 0x00000000,
	0x00000000, 0xc7ff86a0, 0x01ffe3ff, 0x00d4b000,
	0x00000000, 0x00000000, 0x00000000, 0x00000000,
	0x00000000, 0xc7ff86a8, 0x01ffe3ff, 0x00d5b000,
	0x00000000, 0x00000000, 0x00000000, 0x00000000,
	0x00000000, 0xc7ff86b0, 0x01ffe3ff, 0x00d6b000,
	0x00000000, 0x00000000, 0x00000000, 0x00000000,
	0x00000000, 0xc7ff86b8, 0x01ffe3ff, 0x00d7b000,
	0x00000000, 0x00000000, 0x00000000, 0x00000000,
	0x00000000, 0xc7ff86c0, 0x01ffe3ff, 0x00d8b000,
	0x00000000, 0x00000000, 0x00000000, 0x00000000,
	0x00000000, 0xc7ff86c8, 0x01ffe3ff, 0x00d9b000,
	0x00000000, 0x00000000, 0x00000000, 0x00000000,
	0x00000000, 0xc7ff86d0, 0x01ffe3ff, 0x00dab000,
	0x00000000, 0x00000000, 0x00000000, 0x00000000,
	0x00000000, 0xc7ff86d8, 0x01ffe3ff, 0x00dbb000,
	0x00000000, 0x00000000, 0x00000000, 0x00000000,
	0x00000000, 0xc7ff86e0, 0x01ffe3ff, 0x00dcb000,
	0x00000000, 0x00000000, 0x00000000, 0x00000000,
	0x00000000, 0xc7ff86e8, 0x01ffe3ff, 0x00ddb000,
	0x00000000, 0x00000000, 0x00000000, 0x00000000,
	0x00000000, 0xc7ff86f0, 0x01ffe3ff, 0x00deb000,
	0x00000000, 0x00000000, 0x00000000, 0x00000000,
	0x00000000, 0xc7ff86f8, 0x01ffe3ff, 0x00dfb000,
	0x00000000, 0x00000000, 0x00000000, 0x00000000,
	0x00000000, 0xc7ff8700, 0x01ffe3ff, 0x00e0b000,
	0x00000000, 0x00000000, 0x00000000, 0x00000000,
	0x00000000, 0xc7ff8708, 0x01ffe3ff, 0x00e1b000,
	0x00000000, 0x00000000, 0x00000000, 0x00000000,
	0x00000000, 0xc7ff8710, 0x01ffe3ff, 0x00e2b000,
	0x00000000, 0x00000000, 0x00000000, 0x00000000,
	0x00000000, 0xc7ff8718, 0x01ffe3ff, 0x00e3b000,
	0x00000000, 0x00000000, 0x00000000, 0x00000000,
	0x00000000, 0xc7ff8720, 0x01ffe3ff, 0x00e4b000,
	0x00000000, 0x00000000, 0x00000000, 0x00000000,
	0x00000000, 0xc7ff8728, 0x01ffe3ff, 0x00e5b000,
	0x00000000, 0x00000000, 0x00000000, 0x00000000,
	0x00000000, 0xc7ff8730, 0x01ffe3ff, 0x00e6b000,
	0x00000000, 0x00000000, 0x00000000, 0x00000000,
	0x00000000, 0xc7ff8738, 0x01ffe3ff, 0x00e7b000,
	0x00000000, 0x00000000, 0x00000000, 0x00000000,
	0x00000000, 0xc7ff8740, 0x01ffe3ff, 0x00e8b000,
	0x00000000, 0x00000000, 0x00000000, 0x00000000,
	0x00000000, 0xc7ff8748, 0x01ffe3ff, 0x00e9b000,
	0x00000000, 0x00000000, 0x00000000, 0x00000000,
	0x00000000, 0xc7ff8750, 0x01ffe3ff, 0x00eab000,
	0x00000000, 0x00000000, 0x00000000, 0x00000000,
	0x00000000, 0xc7ff8758, 0x01ffe3ff, 0x00ebb000,
	0x00000000, 0x00000000, 0x00000000, 0x00000000,
	0x00000000, 0xc7ff8760, 0x01ffe3ff, 0x00ecb000,
	0x00000000, 0x00000000, 0x00000000, 0x00000000,
	0x00000000, 0xc7ff8768, 0x01ffe3ff, 0x00edb000,
	0x00000000, 0x00000000, 0x00000000, 0x00000000,
	0x00000000, 0xc7ff8770, 0x01ffe3ff, 0x00eeb000,
	0x00000000, 0x00000000, 0x00000000, 0x00000000,
	0x00000000, 0xc7ff8778, 0x01ffe3ff, 0x00efb000,
	0x00000000, 0x00000000, 0x00000000, 0x00000000,
	0x00000000, 0xc7ff8780, 0x01ffe3ff, 0x00f0b000,
	0x00000000, 0x00000000, 0x00000000, 0x00000000,
	0x00000000, 0xc7ff8788, 0x01ffe3ff, 0x00f1b000,
	0x00000000, 0x00000000, 0x00000000, 0x00000000,
	0x00000000, 0xc7ff8790, 0x01ffe3ff, 0x00f2b000,
	0x00000000, 0x00000000, 0x00000000, 0x00000000,
	0x00000000, 0xc7ff8798, 0x01ffe3ff, 0x00f3b000,
	0x00000000, 0x00000000, 0x00000000, 0x00000000,
	0x00000000, 0xc7ff87a0, 0x01ffe3ff, 0x00f4b000,
	0x00000000, 0x00000000, 0x00000000, 0x00000000,
	0x00000000, 0xc7ff87a8, 0x01ffe3ff, 0x00f5b000,
	0x00000000, 0x00000000, 0x00000000, 0x00000000,
	0x00000000, 0xc7ff87b0, 0x01ffe3ff, 0x00f6b000,
	0x00000000, 0x00000000, 0x00000000, 0x00000000,
	0x00000000, 0xc7ff87b8, 0x01ffe3ff, 0x00f7b000,
	0x00000000, 0x00000000, 0x00000000, 0x00000000,
	0x00000000, 0xc7ff87c0, 0x01ffe3ff, 0x00f8b000,
	0x00000000, 0x00000000, 0x00000000, 0x00000000,
	0x00000000, 0xc7ff87c8, 0x01ffe3ff, 0x00f9b000,
	0x00000000, 0x00000000, 0x00000000, 0x00000000,
	0x00000000, 0xc7ff87d0, 0x01ffe3ff, 0x00fab000,
	0x00000000, 0x00000000, 0x00000000, 0x00000000,
	0x00000000, 0xc7ff87d8, 0x01ffe3ff, 0x00fbb000,
	0x00000000, 0x00000000, 0x00000000, 0x00000000,
	0x00000000, 0xc7ff87e0, 0x01ffe3ff, 0x00fcb000,
	0x00000000, 0x00000000, 0x00000000, 0x00000000,
	0x00000000, 0xc7ff87e8, 0x01ffe3ff, 0x00fdb000,
	0x00000000, 0x00000000, 0x00000000, 0x00000000,
	0x00000000, 0xc7ff87f0, 0x01ffe3ff, 0x00feb000,
	0x00000000, 0x00000000, 0x00000000, 0x00000000,
	0x00000000, 0xc7ff87f8, 0x01ffe3ff, 0x00ffb000,
	0x00000000, 0x00000000, 0x00000000, 0x00000000,
	0x00000000, 0xc7ff8800, 0x01ffe3ff, 0x0100a000,
	0x00000000, 0x00000000, 0x00000000, 0x00000000,
	0x00000000, 0xc7ff8808, 0x01ffe3ff, 0x0101a000,
	0x00000000, 0x00000000, 0x00000000, 0x00000000,
	0x00000000, 0xc7ff8810, 0x01ffe3ff, 0x0102a000,
	0x00000000, 0x00000000, 0x00000000, 0x00000000,
	0x00000000, 0xc7ff8818, 0x01ffe3ff, 0x0103a000,
	0x00000000, 0x00000000, 0x00000000, 0x00000000,
	0x00000000, 0xc7ff8820, 0x01ffe3ff, 0x0104a000,
	0x00000000, 0x00000000, 0x00000000, 0x00000000,
	0x00000000, 0xc7ff8828, 0x01ffe3ff, 0x0105a000,
	0x00000000, 0x00000000, 0x00000000, 0x00000000,
	0x00000000, 0xc7ff8830, 0x01ffe3ff, 0x0106a000,
	0x00000000, 0x00000000, 0x00000000, 0x00000000,
	0x00000000, 0xc7ff8838, 0x01ffe3ff, 0x0107a000,
	0x00000000, 0x00000000, 0x00000000, 0x00000000,
	0x00000000, 0xc7ff8840, 0x01ffe3ff, 0x0108a000,
	0x00000000, 0x00000000, 0x00000000, 0x00000000,
	0x00000000, 0xc7ff8848, 0x01ffe3ff, 0x0109a000,
	0x00000000, 0x00000000, 0x00000000, 0x00000000,
	0x00000000, 0xc7ff8850, 0x01ffe3ff, 0x010aa000,
	0x00000000, 0x00000000, 0x00000000, 0x00000000,
	0x00000000, 0xc7ff8858, 0x01ffe3ff, 0x010ba000,
	0x00000000, 0x00000000, 0x00000000, 0x00000000,
	0x00000000, 0xc7ff8860, 0x01ffe3ff, 0x010ca000,
	0x00000000, 0x00000000, 0x00000000, 0x00000000,
	0x00000000, 0xc7ff8868, 0x01ffe3ff, 0x010da000,
	0x00000000, 0x00000000, 0x00000000, 0x00000000,
	0x00000000, 0xc7ff8870, 0x01ffe3ff, 0x010ea000,
	0x00000000, 0x00000000, 0x00000000, 0x00000000,
	0x00000000, 0xc7ff8878, 0x01ffe3ff, 0x010fa000,
	0x00000000, 0x00000000, 0x00000000, 0x00000000,
	0x00000000, 0xc7ff8880, 0x01ffe3ff, 0x0110a000,
	0x00000000, 0x00000000, 0x00000000, 0x00000000,
	0x00000000, 0xc7ff8888, 0x01ffe3ff, 0x0111a000,
	0x00000000, 0x00000000, 0x00000000, 0x00000000,
	0x00000000, 0xc7ff8890, 0x01ffe3ff, 0x0112a000,
	0x00000000, 0x00000000, 0x00000000, 0x00000000,
	0x00000000, 0xc7ff8898, 0x01ffe3ff, 0x0113a000,
	0x00000000, 0x00000000, 0x00000000, 0x00000000,
	0x00000000, 0xc7ff88a0, 0x01ffe3ff, 0x0114a000,
	0x00000000, 0x00000000, 0x00000000, 0x00000000,
	0x00000000, 0xc7ff88a8, 0x01ffe3ff, 0x0115a000,
	0x00000000, 0x00000000, 0x00000000, 0x00000000,
	0x00000000, 0xc7ff88b0, 0x01ffe3ff, 0x0116a000,
	0x00000000, 0x00000000, 0x00000000, 0x00000000,
	0x00000000, 0xc7ff88b8, 0x01ffe3ff, 0x0117a000,
	0x00000000, 0x00000000, 0x00000000, 0x00000000,
	0x00000000, 0xc7ff88c0, 0x01ffe3ff, 0x0118a000,
	0x00000000, 0x00000000, 0x00000000, 0x00000000,
	0x00000000, 0xc7ff88c8, 0x01ffe3ff, 0x0119a000,
	0x00000000, 0x00000000, 0x00000000, 0x00000000,
	0x00000000, 0xc7ff88d0, 0x01ffe3ff, 0x011aa000,
	0x00000000, 0x00000000, 0x00000000, 0x00000000,
	0x00000000, 0xc7ff88d8, 0x01ffe3ff, 0x011ba000,
	0x00000000, 0x00000000, 0x00000000, 0x00000000,
	0x00000000, 0xc7ff88e0, 0x01ffe3ff, 0x011ca000,
	0x00000000, 0x00000000, 0x00000000, 0x00000000,
	0x00000000, 0xc7ff88e8, 0x01ffe3ff, 0x011da000,
	0x00000000, 0x00000000, 0x00000000, 0x00000000,
	0x00000000, 0xc7ff88f0, 0x01ffe3ff, 0x011ea000,
	0x00000000, 0x00000000, 0x00000000, 0x00000000,
	0x00000000, 0xc7ff88f8, 0x01ffe3ff, 0x011fa000,
	0x00000000, 0x00000000, 0x00000000, 0x00000000,
	0x00000000, 0xc7ff8900, 0x01ffe3ff, 0x0120a000,
	0x00000000, 0x00000000, 0x00000000, 0x00000000,
	0x00000000, 0xc7ff8908, 0x01ffe3ff, 0x0121a000,
	0x00000000, 0x00000000, 0x00000000, 0x00000000,
	0x00000000, 0xc7ff8910, 0x01ffe3ff, 0x0122a000,
	0x00000000, 0x00000000, 0x00000000, 0x00000000,
	0x00000000, 0xc7ff8918, 0x01ffe3ff, 0x0123a000,
	0x00000000, 0x00000000, 0x00000000, 0x00000000,
	0x00000000, 0xc7ff8920, 0x01ffe3ff, 0x0124a000,
	0x00000000, 0x00000000, 0x00000000, 0x00000000,
	0x00000000, 0xc7ff8928, 0x01ffe3ff, 0x0125a000,
	0x00000000, 0x00000000, 0x00000000, 0x00000000,
	0x00000000, 0xc7ff8930, 0x01ffe3ff, 0x0126a000,
	0x00000000, 0x00000000, 0x00000000, 0x00000000,
	0x00000000, 0xc7ff8938, 0x01ffe3ff, 0x0127a000,
	0x00000000, 0x00000000, 0x00000000, 0x00000000,
	0x00000000, 0xc7ff8940, 0x01ffe3ff, 0x0128a000,
	0x00000000, 0x00000000, 0x00000000, 0x00000000,
	0x00000000, 0xc7ff8948, 0x01ffe3ff, 0x0129a000,
	0x00000000, 0x00000000, 0x00000000, 0x00000000,
	0x00000000, 0xc7ff8950, 0x01ffe3ff, 0x012aa000,
	0x00000000, 0x00000000, 0x00000000, 0x00000000,
	0x00000000, 0xc7ff8958, 0x01ffe3ff, 0x012ba000,
	0x00000000, 0x00000000, 0x00000000, 0x00000000,
	0x00000000, 0xc7ff8960, 0x01ffe3ff, 0x012ca000,
	0x00000000, 0x00000000, 0x00000000, 0x00000000,
	0x00000000, 0xc7ff8968, 0x01ffe3ff, 0x012da000,
	0x00000000, 0x00000000, 0x00000000, 0x00000000,
	0x00000000, 0xc7ff8970, 0x01ffe3ff, 0x012ea000,
	0x00000000, 0x00000000, 0x00000000, 0x00000000,
	0x00000000, 0xc7ff8978, 0x01ffe3ff, 0x012fa000,
	0x00000000, 0x00000000, 0x00000000, 0x00000000,
	0x00000000, 0xc7ff8980, 0x01ffe3ff, 0x0130a000,
	0x00000000, 0x00000000, 0x00000000, 0x00000000,
	0x00000000, 0xc7ff8988, 0x01ffe3ff, 0x0131a000,
	0x00000000, 0x00000000, 0x00000000, 0x00000000,
	0x00000000, 0xc7ff8990, 0x01ffe3ff, 0x0132a000,
	0x00000000, 0x00000000, 0x00000000, 0x00000000,
	0x00000000, 0xc7ff8998, 0x01ffe3ff, 0x0133a000,
	0x00000000, 0x00000000, 0x00000000, 0x00000000,
	0x00000000, 0xc7ff89a0, 0x01ffe3ff, 0x0134a000,
	0x00000000, 0x00000000, 0x00000000, 0x00000000,
	0x00000000, 0xc7ff89a8, 0x01ffe3ff, 0x0135a000,
	0x00000000, 0x00000000, 0x00000000, 0x00000000,
	0x00000000, 0xc7ff89b0, 0x01ffe3ff, 0x0136a000,
	0x00000000, 0x00000000, 0x00000000, 0x00000000,
	0x00000000, 0xc7ff89b8, 0x01ffe3ff, 0x0137a000,
	0x00000000, 0x00000000, 0x00000000, 0x00000000,
	0x00000000, 0xc7ff89c0, 0x01ffe3ff, 0x0138a000,
	0x00000000, 0x00000000, 0x00000000, 0x00000000,
	0x00000000, 0xc7ff89c8, 0x01ffe3ff, 0x0139a000,
	0x00000000, 0x00000000, 0x00000000, 0x00000000,
	0x00000000, 0xc7ff89d0, 0x01ffe3ff, 0x013aa000,
	0x00000000, 0x00000000, 0x00000000, 0x00000000,
	0x00000000, 0xc7ff89d8, 0x01ffe3ff, 0x013ba000,
	0x00000000, 0x00000000, 0x00000000, 0x00000000,
	0x00000000, 0xc7ff89e0, 0x01ffe3ff, 0x013ca000,
	0x00000000, 0x00000000, 0x00000000, 0x00000000,
	0x00000000, 0xc7ff89e8, 0x01ffe3ff, 0x013da000,
	0x00000000, 0x00000000, 0x00000000, 0x00000000,
	0x00000000, 0xc7ff89f0, 0x01ffe3ff, 0x013ea000,
	0x00000000, 0x00000000, 0x00000000, 0x00000000,
	0x00000000, 0xc7ff89f8, 0x01ffe3ff, 0x013fa000,
	0x00000000, 0x00000000, 0x00000000, 0x00000000,
	0x00000000, 0xc7ff8a00, 0x01ffe3ff, 0x0140a000,
	0x00000000, 0x00000000, 0x00000000, 0x00000000,
	0x00000000, 0xc7ff8a08, 0x01ffe3ff, 0x0141a000,
	0x00000000, 0x00000000, 0x00000000, 0x00000000,
	0x00000000, 0xc7ff8a10, 0x01ffe3ff, 0x0142a000,
	0x00000000, 0x00000000, 0x00000000, 0x00000000,
	0x00000000, 0xc7ff8a18, 0x01ffe3ff, 0x0143a000,
	0x00000000, 0x00000000, 0x00000000, 0x00000000,
	0x00000000, 0xc7ff8a20, 0x01ffe3ff, 0x0144a000,
	0x00000000, 0x00000000, 0x00000000, 0x00000000,
	0x00000000, 0xc7ff8a28, 0x01ffe3ff, 0x0145a000,
	0x00000000, 0x00000000, 0x00000000, 0x00000000,
	0x00000000, 0xc7ff8a30, 0x01ffe3ff, 0x0146a000,
	0x00000000, 0x00000000, 0x00000000, 0x00000000,
	0x00000000, 0xc7ff8a38, 0x01ffe3ff, 0x0147a000,
	0x00000000, 0x00000000, 0x00000000, 0x00000000,
	0x00000000, 0xc7ff8a40, 0x01ffe3ff, 0x0148a000,
	0x00000000, 0x00000000, 0x00000000, 0x00000000,
	0x00000000, 0xc7ff8a48, 0x01ffe3ff, 0x0149a000,
	0x00000000, 0x00000000, 0x00000000, 0x00000000,
	0x00000000, 0xc7ff8a50, 0x01ffe3ff, 0x014aa000,
	0x00000000, 0x00000000, 0x00000000, 0x00000000,
	0x00000000, 0xc7ff8a58, 0x01ffe3ff, 0x014ba000,
	0x00000000, 0x00000000, 0x00000000, 0x00000000,
	0x00000000, 0xc7ff8a60, 0x01ffe3ff, 0x014ca000,
	0x00000000, 0x00000000, 0x00000000, 0x00000000,
	0x00000000, 0xc7ff8a68, 0x01ffe3ff, 0x014da000,
	0x00000000, 0x00000000, 0x00000000, 0x00000000,
	0x00000000, 0xc7ff8a70, 0x01ffe3ff, 0x014ea000,
	0x00000000, 0x00000000, 0x00000000, 0x00000000,
	0x00000000, 0xc7ff8a78, 0x01ffe3ff, 0x014fa000,
	0x00000000, 0x00000000, 0x00000000, 0x00000000,
	0x00000000, 0xc7ff8a80, 0x01ffe3ff, 0x0150a000,
	0x00000000, 0x00000000, 0x00000000, 0x00000000,
	0x00000000, 0xc7ff8a88, 0x01ffe3ff, 0x0151a000,
	0x00000000, 0x00000000, 0x00000000, 0x00000000,
	0x00000000, 0xc7ff8a90, 0x01ffe3ff, 0x0152a000,
	0x00000000, 0x00000000, 0x00000000, 0x00000000,
	0x00000000, 0xc7ff8a98, 0x01ffe3ff, 0x0153a000,
	0x00000000, 0x00000000, 0x00000000, 0x00000000,
	0x00000000, 0xc7ff8aa0, 0x01ffe3ff, 0x0154a000,
	0x00000000, 0x00000000, 0x00000000, 0x00000000,
	0x00000000, 0xc7ff8aa8, 0x01ffe3ff, 0x0155a000,
	0x00000000, 0x00000000, 0x00000000, 0x00000000,
	0x00000000, 0xc7ff8ab0, 0x01ffe3ff, 0x0156a000,
	0x00000000, 0x00000000, 0x00000000, 0x00000000,
	0x00000000, 0xc7ff8ab8, 0x01ffe3ff, 0x0157a000,
	0x00000000, 0x00000000, 0x00000000, 0x00000000,
	0x00000000, 0xc7ff8ac0, 0x01ffe3ff, 0x0158a000,
	0x00000000, 0x00000000, 0x00000000, 0x00000000,
	0x00000000, 0xc7ff8ac8, 0x01ffe3ff, 0x0159a000,
	0x00000000, 0x00000000, 0x00000000, 0x00000000,
	0x00000000, 0xc7ff8ad0, 0x01ffe3ff, 0x015aa000,
	0x00000000, 0x00000000, 0x00000000, 0x00000000,
	0x00000000, 0xc7ff8ad8, 0x01ffe3ff, 0x015ba000,
	0x00000000, 0x00000000, 0x00000000, 0x00000000,
	0x00000000, 0xc7ff8ae0, 0x01ffe3ff, 0x015ca000,
	0x00000000, 0x00000000, 0x00000000, 0x00000000,
	0x00000000, 0xc7ff8ae8, 0x01ffe3ff, 0x015da000,
	0x00000000, 0x00000000, 0x00000000, 0x00000000,
	0x00000000, 0xc7ff8af0, 0x01ffe3ff, 0x015ea000,
	0x00000000, 0x00000000, 0x00000000, 0x00000000,
	0x00000000, 0xc7ff8af8, 0x01ffe3ff, 0x015fa000,
	0x00000000, 0x00000000, 0x00000000, 0x00000000,
	0x00000000, 0xc7ff8b00, 0x01ffe3ff, 0x0160a000,
	0x00000000, 0x00000000, 0x00000000, 0x00000000,
	0x00000000, 0xc7ff8b08, 0x01ffe3ff, 0x0161a000,
	0x00000000, 0x00000000, 0x00000000, 0x00000000,
	0x00000000, 0xc7ff8b10, 0x01ffe3ff, 0x0162a000,
	0x00000000, 0x00000000, 0x00000000, 0x00000000,
	0x00000000, 0xc7ff8b18, 0x01ffe3ff, 0x0163a000,
	0x00000000, 0x00000000, 0x00000000, 0x00000000,
	0x00000000, 0xc7ff8b20, 0x01ffe3ff, 0x0164a000,
	0x00000000, 0x00000000, 0x00000000, 0x00000000,
	0x00000000, 0xc7ff8b28, 0x01ffe3ff, 0x0165a000,
	0x00000000, 0x00000000, 0x00000000, 0x00000000,
	0x00000000, 0xc7ff8b30, 0x01ffe3ff, 0x0166a000,
	0x00000000, 0x00000000, 0x00000000, 0x00000000,
	0x00000000, 0xc7ff8b38, 0x01ffe3ff, 0x0167a000,
	0x00000000, 0x00000000, 0x00000000, 0x00000000,
	0x00000000, 0xc7ff8b40, 0x01ffe3ff, 0x0168a000,
	0x00000000, 0x00000000, 0x00000000, 0x00000000,
	0x00000000, 0xc7ff8b48, 0x01ffe3ff, 0x0169a000,
	0x00000000, 0x00000000, 0x00000000, 0x00000000,
	0x00000000, 0xc7ff8b50, 0x01ffe3ff, 0x016aa000,
	0x00000000, 0x00000000, 0x00000000, 0x00000000,
	0x00000000, 0xc7ff8b58, 0x01ffe3ff, 0x016ba000,
	0x00000000, 0x00000000, 0x00000000, 0x00000000,
	0x00000000, 0xc7ff8b60, 0x01ffe3ff, 0x016ca000,
	0x00000000, 0x00000000, 0x00000000, 0x00000000,
	0x00000000, 0xc7ff8b68, 0x01ffe3ff, 0x016da000,
	0x00000000, 0x00000000, 0x00000000, 0x00000000,
	0x00000000, 0xc7ff8b70, 0x01ffe3ff, 0x016ea000,
	0x00000000, 0x00000000, 0x00000000, 0x00000000,
	0x00000000, 0xc7ff8b78, 0x01ffe3ff, 0x016fa000,
	0x00000000, 0x00000000, 0x00000000, 0x00000000,
	0x00000000, 0xc7ff8b80, 0x01ffe3ff, 0x0170a000,
	0x00000000, 0x00000000, 0x00000000, 0x00000000,
	0x00000000, 0xc7ff8b88, 0x01ffe3ff, 0x0171a000,
	0x00000000, 0x00000000, 0x00000000, 0x00000000,
	0x00000000, 0xc7ff8b90, 0x01ffe3ff, 0x0172a000,
	0x00000000, 0x00000000, 0x00000000, 0x00000000,
	0x00000000, 0xc7ff8b98, 0x01ffe3ff, 0x0173a000,
	0x00000000, 0x00000000, 0x00000000, 0x00000000,
	0x00000000, 0xc7ff8ba0, 0x01ffe3ff, 0x0174a000,
	0x00000000, 0x00000000, 0x00000000, 0x00000000,
	0x00000000, 0xc7ff8ba8, 0x01ffe3ff, 0x0175a000,
	0x00000000, 0x00000000, 0x00000000, 0x00000000,
	0x00000000, 0xc7ff8bb0, 0x01ffe3ff, 0x0176a000,
	0x00000000, 0x00000000, 0x00000000, 0x00000000,
	0x00000000, 0xc7ff8bb8, 0x01ffe3ff, 0x0177a000,
	0x00000000, 0x00000000, 0x00000000, 0x00000000,
	0x00000000, 0xc7ff8bc0, 0x01ffe3ff, 0x0178a000,
	0x00000000, 0x00000000, 0x00000000, 0x00000000,
	0x00000000, 0xc7ff8bc8, 0x01ffe3ff, 0x0179a000,
	0x00000000, 0x00000000, 0x00000000, 0x00000000,
	0x00000000, 0xc7ff8bd0, 0x01ffe3ff, 0x017aa000,
	0x00000000, 0x00000000, 0x00000000, 0x00000000,
	0x00000000, 0xc7ff8bd8, 0x01ffe3ff, 0x017ba000,
	0x00000000, 0x00000000, 0x00000000, 0x00000000,
	0x00000000, 0xc7ff8be0, 0x01ffe3ff, 0x017ca000,
	0x00000000, 0x00000000, 0x00000000, 0x00000000,
	0x00000000, 0xc7ff8be8, 0x01ffe3ff, 0x017da000,
	0x00000000, 0x00000000, 0x00000000, 0x00000000,
	0x00000000, 0xc7ff8bf0, 0x01ffe3ff, 0x017ea000,
	0x00000000, 0x00000000, 0x00000000, 0x00000000,
	0x00000000, 0xc7ff8bf8, 0x01ffe3ff, 0x017fa000,
	0x00000000, 0x00000000, 0x00000000, 0x00000000,
	0x00000000, 0xc7ff8c00, 0x01ffe3ff, 0x0180a000,
	0x00000000, 0x00000000, 0x00000000, 0x00000000,
	0x00000000, 0xc7ff8c08, 0x01ffe3ff, 0x0181a000,
	0x00000000, 0x00000000, 0x00000000, 0x00000000,
	0x00000000, 0xc7ff8c10, 0x01ffe3ff, 0x0182a000,
	0x00000000, 0x00000000, 0x00000000, 0x00000000,
	0x00000000, 0xc7ff8c18, 0x01ffe3ff, 0x0183a000,
	0x00000000, 0x00000000, 0x00000000, 0x00000000,
	0x00000000, 0xc7ff8c20, 0x01ffe3ff, 0x0184a000,
	0x00000000, 0x00000000, 0x00000000, 0x00000000,
	0x00000000, 0xc7ff8c28, 0x01ffe3ff, 0x0185a000,
	0x00000000, 0x00000000, 0x00000000, 0x00000000,
	0x00000000, 0xc7ff8c30, 0x01ffe3ff, 0x0186a000,
	0x00000000, 0x00000000, 0x00000000, 0x00000000,
	0x00000000, 0xc7ff8c38, 0x01ffe3ff, 0x0187a000,
	0x00000000, 0x00000000, 0x00000000, 0x00000000,
	0x00000000, 0xc7ff8c40, 0x01ffe3ff, 0x0188a000,
	0x00000000, 0x00000000, 0x00000000, 0x00000000,
	0x00000000, 0xc7ff8c48, 0x01ffe3ff, 0x0189a000,
	0x00000000, 0x00000000, 0x00000000, 0x00000000,
	0x00000000, 0xc7ff8c50, 0x01ffe3ff, 0x018aa000,
	0x00000000, 0x00000000, 0x00000000, 0x00000000,
	0x00000000, 0xc7ff8c58, 0x01ffe3ff, 0x018ba000,
	0x00000000, 0x00000000, 0x00000000, 0x00000000,
	0x00000000, 0xc7ff8c60, 0x01ffe3ff, 0x018ca000,
	0x00000000, 0x00000000, 0x00000000, 0x00000000,
	0x00000000, 0xc7ff8c68, 0x01ffe3ff, 0x018da000,
	0x00000000, 0x00000000, 0x00000000, 0x00000000,
	0x00000000, 0xc7ff8c70, 0x01ffe3ff, 0x018ea000,
	0x00000000, 0x00000000, 0x00000000, 0x00000000,
	0x00000000, 0xc7ff8c78, 0x01ffe3ff, 0x018fa000,
	0x00000000, 0x00000000, 0x00000000, 0x00000000,
	0x00000000, 0xc7ff8c80, 0x01ffe3ff, 0x0190a000,
	0x00000000, 0x00000000, 0x00000000, 0x00000000,
	0x00000000, 0xc7ff8c88, 0x01ffe3ff, 0x0191a000,
	0x00000000, 0x00000000, 0x00000000, 0x00000000,
	0x00000000, 0xc7ff8c90, 0x01ffe3ff, 0x0192a000,
	0x00000000, 0x00000000, 0x00000000, 0x00000000,
	0x00000000, 0xc7ff8c98, 0x01ffe3ff, 0x0193a000,
	0x00000000, 0x00000000, 0x00000000, 0x00000000,
	0x00000000, 0xc7ff8ca0, 0x01ffe3ff, 0x0194a000,
	0x00000000, 0x00000000, 0x00000000, 0x00000000,
	0x00000000, 0xc7ff8ca8, 0x01ffe3ff, 0x0195a000,
	0x00000000, 0x00000000, 0x00000000, 0x00000000,
	0x00000000, 0xc7ff8cb0, 0x01ffe3ff, 0x0196a000,
	0x00000000, 0x00000000, 0x00000000, 0x00000000,
	0x00000000, 0xc7ff8cb8, 0x01ffe3ff, 0x0197a000,
	0x00000000, 0x00000000, 0x00000000, 0x00000000,
	0x00000000, 0xc7ff8cc0, 0x01ffe3ff, 0x0198a000,
	0x00000000, 0x00000000, 0x00000000, 0x00000000,
	0x00000000, 0xc7ff8cc8, 0x01ffe3ff, 0x0199a000,
	0x00000000, 0x00000000, 0x00000000, 0x00000000,
	0x00000000, 0xc7ff8cd0, 0x01ffe3ff, 0x019aa000,
	0x00000000, 0x00000000, 0x00000000, 0x00000000,
	0x00000000, 0xc7ff8cd8, 0x01ffe3ff, 0x019ba000,
	0x00000000, 0x00000000, 0x00000000, 0x00000000,
	0x00000000, 0xc7ff8ce0, 0x01ffe3ff, 0x019ca000,
	0x00000000, 0x00000000, 0x00000000, 0x00000000,
	0x00000000, 0xc7ff8ce8, 0x01ffe3ff, 0x019da000,
	0x00000000, 0x00000000, 0x00000000, 0x00000000,
	0x00000000, 0xc7ff8cf0, 0x01ffe3ff, 0x019ea000,
	0x00000000, 0x00000000, 0x00000000, 0x00000000,
	0x00000000, 0xc7ff8cf8, 0x01ffe3ff, 0x019fa000,
	0x00000000, 0x00000000, 0x00000000, 0x00000000,
	0x00000000, 0xc7ff8d00, 0x01ffe3ff, 0x01a0a000,
	0x00000000, 0x00000000, 0x00000000, 0x00000000,
	0x00000000, 0xc7ff8d08, 0x01ffe3ff, 0x01a1a000,
	0x00000000, 0x00000000, 0x00000000, 0x00000000,
	0x00000000, 0xc7ff8d10, 0x01ffe3ff, 0x01a2a000,
	0x00000000, 0x00000000, 0x00000000, 0x00000000,
	0x00000000, 0xc7ff8d18, 0x01ffe3ff, 0x01a3a000,
	0x00000000, 0x00000000, 0x00000000, 0x00000000,
	0x00000000, 0xc7ff8d20, 0x01ffe3ff, 0x01a4a000,
	0x00000000, 0x00000000, 0x00000000, 0x00000000,
	0x00000000, 0xc7ff8d28, 0x01ffe3ff, 0x01a5a000,
	0x00000000, 0x00000000, 0x00000000, 0x00000000,
	0x00000000, 0xc7ff8d30, 0x01ffe3ff, 0x01a6a000,
	0x00000000, 0x00000000, 0x00000000, 0x00000000,
	0x00000000, 0xc7ff8d38, 0x01ffe3ff, 0x01a7a000,
	0x00000000, 0x00000000, 0x00000000, 0x00000000,
	0x00000000, 0xc7ff8d40, 0x01ffe3ff, 0x01a8a000,
	0x00000000, 0x00000000, 0x00000000, 0x00000000,
	0x00000000, 0xc7ff8d48, 0x01ffe3ff, 0x01a9a000,
	0x00000000, 0x00000000, 0x00000000, 0x00000000,
	0x00000000, 0xc7ff8d50, 0x01ffe3ff, 0x01aaa000,
	0x00000000, 0x00000000, 0x00000000, 0x00000000,
	0x00000000, 0xc7ff8d58, 0x01ffe3ff, 0x01aba000,
	0x00000000, 0x00000000, 0x00000000, 0x00000000,
	0x00000000, 0xc7ff8d60, 0x01ffe3ff, 0x01aca000,
	0x00000000, 0x00000000, 0x00000000, 0x00000000,
	0x00000000, 0xc7ff8d68, 0x01ffe3ff, 0x01ada000,
	0x00000000, 0x00000000, 0x00000000, 0x00000000,
	0x00000000, 0xc7ff8d70, 0x01ffe3ff, 0x01aea000,
	0x00000000, 0x00000000, 0x00000000, 0x00000000,
	0x00000000, 0xc7ff8d78, 0x01ffe3ff, 0x01afa000,
	0x00000000, 0x00000000, 0x00000000, 0x00000000,
	0x00000000, 0xc7ff8d80, 0x01ffe3ff, 0x01b0a000,
	0x00000000, 0x00000000, 0x00000000, 0x00000000,
	0x00000000, 0xc7ff8d88, 0x01ffe3ff, 0x01b1a000,
	0x00000000, 0x00000000, 0x00000000, 0x00000000,
	0x00000000, 0xc7ff8d90, 0x01ffe3ff, 0x01b2a000,
	0x00000000, 0x00000000, 0x00000000, 0x00000000,
	0x00000000, 0xc7ff8d98, 0x01ffe3ff, 0x01b3a000,
	0x00000000, 0x00000000, 0x00000000, 0x00000000,
	0x00000000, 0xc7ff8da0, 0x01ffe3ff, 0x01b4a000,
	0x00000000, 0x00000000, 0x00000000, 0x00000000,
	0x00000000, 0xc7ff8da8, 0x01ffe3ff, 0x01b5a000,
	0x00000000, 0x00000000, 0x00000000, 0x00000000,
	0x00000000, 0xc7ff8db0, 0x01ffe3ff, 0x01b6a000,
	0x00000000, 0x00000000, 0x00000000, 0x00000000,
	0x00000000, 0xc7ff8db8, 0x01ffe3ff, 0x01b7a000,
	0x00000000, 0x00000000, 0x00000000, 0x00000000,
	0x00000000, 0xc7ff8dc0, 0x01ffe3ff, 0x01b8a000,
	0x00000000, 0x00000000, 0x00000000, 0x00000000,
	0x00000000, 0xc7ff8dc8, 0x01ffe3ff, 0x01b9a000,
	0x00000000, 0x00000000, 0x00000000, 0x00000000,
	0x00000000, 0xc7ff8dd0, 0x01ffe3ff, 0x01baa000,
	0x00000000, 0x00000000, 0x00000000, 0x00000000,
	0x00000000, 0xc7ff8dd8, 0x01ffe3ff, 0x01bba000,
	0x00000000, 0x00000000, 0x00000000, 0x00000000,
	0x00000000, 0xc7ff8de0, 0x01ffe3ff, 0x01bca000,
	0x00000000, 0x00000000, 0x00000000, 0x00000000,
	0x00000000, 0xc7ff8de8, 0x01ffe3ff, 0x01bda000,
	0x00000000, 0x00000000, 0x00000000, 0x00000000,
	0x00000000, 0xc7ff8df0, 0x01ffe3ff, 0x01bea000,
	0x00000000, 0x00000000, 0x00000000, 0x00000000,
	0x00000000, 0xc7ff8df8, 0x01ffe3ff, 0x01bfa000,
	0x00000000, 0x00000000, 0x00000000, 0x00000000,
	0x00000000, 0xc7ff8e00, 0x01ffe3ff, 0x01c0a000,
	0x00000000, 0x00000000, 0x00000000, 0x00000000,
	0x00000000, 0xc7ff8e08, 0x01ffe3ff, 0x01c1a000,
	0x00000000, 0x00000000, 0x00000000, 0x00000000,
	0x00000000, 0xc7ff8e10, 0x01ffe3ff, 0x01c2a000,
	0x00000000, 0x00000000, 0x00000000, 0x00000000,
	0x00000000, 0xc7ff8e18, 0x01ffe3ff, 0x01c3a000,
	0x00000000, 0x00000000, 0x00000000, 0x00000000,
	0x00000000, 0xc7ff8e20, 0x01ffe3ff, 0x01c4a000,
	0x00000000, 0x00000000, 0x00000000, 0x00000000,
	0x00000000, 0xc7ff8e28, 0x01ffe3ff, 0x01c5a000,
	0x00000000, 0x00000000, 0x00000000, 0x00000000,
	0x00000000, 0xc7ff8e30, 0x01ffe3ff, 0x01c6a000,
	0x00000000, 0x00000000, 0x00000000, 0x00000000,
	0x00000000, 0xc7ff8e38, 0x01ffe3ff, 0x01c7a000,
	0x00000000, 0x00000000, 0x00000000, 0x00000000,
	0x00000000, 0xc7ff8e40, 0x01ffe3ff, 0x01c8a000,
	0x00000000, 0x00000000, 0x00000000, 0x00000000,
	0x00000000, 0xc7ff8e48, 0x01ffe3ff, 0x01c9a000,
	0x00000000, 0x00000000, 0x00000000, 0x00000000,
	0x00000000, 0xc7ff8e50, 0x01ffe3ff, 0x01caa000,
	0x00000000, 0x00000000, 0x00000000, 0x00000000,
	0x00000000, 0xc7ff8e58, 0x01ffe3ff, 0x01cba000,
	0x00000000, 0x00000000, 0x00000000, 0x00000000,
	0x00000000, 0xc7ff8e60, 0x01ffe3ff, 0x01cca000,
	0x00000000, 0x00000000, 0x00000000, 0x00000000,
	0x00000000, 0xc7ff8e68, 0x01ffe3ff, 0x01cda000,
	0x00000000, 0x00000000, 0x00000000, 0x00000000,
	0x00000000, 0xc7ff8e70, 0x01ffe3ff, 0x01cea000,
	0x00000000, 0x00000000, 0x00000000, 0x00000000,
	0x00000000, 0xc7ff8e78, 0x01ffe3ff, 0x01cfa000,
	0x00000000, 0x00000000, 0x00000000, 0x00000000,
	0x00000000, 0xc7ff8e80, 0x01ffe3ff, 0x01d0a000,
	0x00000000, 0x00000000, 0x00000000, 0x00000000,
	0x00000000, 0xc7ff8e88, 0x01ffe3ff, 0x01d1a000,
	0x00000000, 0x00000000, 0x00000000, 0x00000000,
	0x00000000, 0xc7ff8e90, 0x01ffe3ff, 0x01d2a000,
	0x00000000, 0x00000000, 0x00000000, 0x00000000,
	0x00000000, 0xc7ff8e98, 0x01ffe3ff, 0x01d3a000,
	0x00000000, 0x00000000, 0x00000000, 0x00000000,
	0x00000000, 0xc7ff8ea0, 0x01ffe3ff, 0x01d4a000,
	0x00000000, 0x00000000, 0x00000000, 0x00000000,
	0x00000000, 0xc7ff8ea8, 0x01ffe3ff, 0x01d5a000,
	0x00000000, 0x00000000, 0x00000000, 0x00000000,
	0x00000000, 0xc7ff8eb0, 0x01ffe3ff, 0x01d6a000,
	0x00000000, 0x00000000, 0x00000000, 0x00000000,
	0x00000000, 0xc7ff8eb8, 0x01ffe3ff, 0x01d7a000,
	0x00000000, 0x00000000, 0x00000000, 0x00000000,
	0x00000000, 0xc7ff8ec0, 0x01ffe3ff, 0x01d8a000,
	0x00000000, 0x00000000, 0x00000000, 0x00000000,
	0x00000000, 0xc7ff8ec8, 0x01ffe3ff, 0x01d9a000,
	0x00000000, 0x00000000, 0x00000000, 0x00000000,
	0x00000000, 0xc7ff8ed0, 0x01ffe3ff, 0x01daa000,
	0x00000000, 0x00000000, 0x00000000, 0x00000000,
	0x00000000, 0xc7ff8ed8, 0x01ffe3ff, 0x01dba000,
	0x00000000, 0x00000000, 0x00000000, 0x00000000,
	0x00000000, 0xc7ff8ee0, 0x01ffe3ff, 0x01dca000,
	0x00000000, 0x00000000, 0x00000000, 0x00000000,
	0x00000000, 0xc7ff8ee8, 0x01ffe3ff, 0x01dda000,
	0x00000000, 0x00000000, 0x00000000, 0x00000000,
	0x00000000, 0xc7ff8ef0, 0x01ffe3ff, 0x01dea000,
	0x00000000, 0x00000000, 0x00000000, 0x00000000,
	0x00000000, 0xc7ff8ef8, 0x01ffe3ff, 0x01dfa000,
	0x00000000, 0x00000000, 0x00000000, 0x00000000,
	0x00000000, 0xc7ff8f00, 0x01ffe3ff, 0x01e0a000,
	0x00000000, 0x00000000, 0x00000000, 0x00000000,
	0x00000000, 0xc7ff8f08, 0x01ffe3ff, 0x01e1a000,
	0x00000000, 0x00000000, 0x00000000, 0x00000000,
	0x00000000, 0xc7ff8f10, 0x01ffe3ff, 0x01e2a000,
	0x00000000, 0x00000000, 0x00000000, 0x00000000,
	0x00000000, 0xc7ff8f18, 0x01ffe3ff, 0x01e3a000,
	0x00000000, 0x00000000, 0x00000000, 0x00000000,
	0x00000000, 0xc7ff8f20, 0x01ffe3ff, 0x01e4a000,
	0x00000000, 0x00000000, 0x00000000, 0x00000000,
	0x00000000, 0xc7ff8f28, 0x01ffe3ff, 0x01e5a000,
	0x00000000, 0x00000000, 0x00000000, 0x00000000,
	0x00000000, 0xc7ff8f30, 0x01ffe3ff, 0x01e6a000,
	0x00000000, 0x00000000, 0x00000000, 0x00000000,
	0x00000000, 0xc7ff8f38, 0x01ffe3ff, 0x01e7a000,
	0x00000000, 0x00000000, 0x00000000, 0x00000000,
	0x00000000, 0xc7ff8f40, 0x01ffe3ff, 0x01e8a000,
	0x00000000, 0x00000000, 0x00000000, 0x00000000,
	0x00000000, 0xc7ff8f48, 0x01ffe3ff, 0x01e9a000,
	0x00000000, 0x00000000, 0x00000000, 0x00000000,
	0x00000000, 0xc7ff8f50, 0x01ffe3ff, 0x01eaa000,
	0x00000000, 0x00000000, 0x00000000, 0x00000000,
	0x00000000, 0xc7ff8f58, 0x01ffe3ff, 0x01eba000,
	0x00000000, 0x00000000, 0x00000000, 0x00000000,
	0x00000000, 0xc7ff8f60, 0x01ffe3ff, 0x01eca000,
	0x00000000, 0x00000000, 0x00000000, 0x00000000,
	0x00000000, 0xc7ff8f68, 0x01ffe3ff, 0x01eda000,
	0x00000000, 0x00000000, 0x00000000, 0x00000000,
	0x00000000, 0xc7ff8f70, 0x01ffe3ff, 0x01eea000,
	0x00000000, 0x00000000, 0x00000000, 0x00000000,
	0x00000000, 0xc7ff8f78, 0x01ffe3ff, 0x01efa000,
	0x00000000, 0x00000000, 0x00000000, 0x00000000,
	0x00000000, 0xc7ff8f80, 0x01ffe3ff, 0x01f0a000,
	0x00000000, 0x00000000, 0x00000000, 0x00000000,
	0x00000000, 0xc7ff8f88, 0x01ffe3ff, 0x01f1a000,
	0x00000000, 0x00000000, 0x00000000, 0x00000000,
	0x00000000, 0xc7ff8f90, 0x01ffe3ff, 0x01f2a000,
	0x00000000, 0x00000000, 0x00000000, 0x00000000,
	0x00000000, 0xc7ff8f98, 0x01ffe3ff, 0x01f3a000,
	0x00000000, 0x00000000, 0x00000000, 0x00000000,
	0x00000000, 0xc7ff8fa0, 0x01ffe3ff, 0x01f4a000,
	0x00000000, 0x00000000, 0x00000000, 0x00000000,
	0x00000000, 0xc7ff8fa8, 0x01ffe3ff, 0x01f5a000,
	0x00000000, 0x00000000, 0x00000000, 0x00000000,
	0x00000000, 0xc7ff8fb0, 0x01ffe3ff, 0x01f6a000,
	0x00000000, 0x00000000, 0x00000000, 0x00000000,
	0x00000000, 0xc7ff8fb8, 0x01ffe3ff, 0x01f7a000,
	0x00000000, 0x00000000, 0x00000000, 0x00000000,
	0x00000000, 0xc7ff8fc0, 0x01ffe3ff, 0x01f8a000,
	0x00000000, 0x00000000, 0x00000000, 0x00000000,
	0x00000000, 0xc7ff8fc8, 0x01ffe3ff, 0x01f9a000,
	0x00000000, 0x00000000, 0x00000000, 0x00000000,
	0x00000000, 0xc7ff8fd0, 0x01ffe3ff, 0x01faa000,
	0x00000000, 0x00000000, 0x00000000, 0x00000000,
	0x00000000, 0xc7ff8fd8, 0x01ffe3ff, 0x01fba000,
	0x00000000, 0x00000000, 0x00000000, 0x00000000,
	0x00000000, 0xc7ff8fe0, 0x01ffe3ff, 0x01fca000,
	0x00000000, 0x00000000, 0x00000000, 0x00000000,
	0x00000000, 0xc7ff8fe8, 0x01ffe3ff, 0x01fda000,
	0x00000000, 0x00000000, 0x00000000, 0x00000000,
	0x00000000, 0xc7ff8ff0, 0x01ffe3ff, 0x01fea000,
	0x00000000, 0x00000000, 0x00000000, 0x00000000,
	0x00000000, 0xc7ff8ff8, 0x01ffe3ff, 0x01ffa000,
	0x00000000, 0x00000000, 0x00000000, 0x00000000
};


uint32_t idk_ut_5005_sdr_ipt_g_lut[] =	{
	0x00000511, 0x07ff8104, 0x01ffe3a3, 0x0000b000,
	0x00000000, 0x00000000, 0x00000000, 0x00000000,
	0x0000105e, 0x47ff8104, 0x01ffe3a1, 0x0001b000,
	0x00000000, 0x00000000, 0x00000000, 0x00000000,
	0x000023e7, 0xc7ff8104, 0x01ffe39f, 0x0002b000,
	0x00000000, 0x00000000, 0x00000000, 0x00000000,
	0x000040c1, 0x07ff8104, 0x01ffe39e, 0x0003b000,
	0x00000000, 0x00000000, 0x00000000, 0x00000000,
	0x000067e2, 0x47ff8104, 0x01ffe39c, 0x0004b000,
	0x00000000, 0x00000000, 0x00000000, 0x00000000,
	0x00009a61, 0x87ff8104, 0x01ffe39a, 0x0005b000,
	0x00000000, 0x00000000, 0x00000000, 0x00000000,
	0x0000d862, 0xc7ff8104, 0x01ffe398, 0x0006b000,
	0x00000000, 0x00000000, 0x00000000, 0x00000000,
	0x0001233e, 0x07ff8104, 0x01ffe397, 0x0007b000,
	0x00000000, 0x00000000, 0x00000000, 0x00000000,
	0x00017cb2, 0x87ff8104, 0x01ffe395, 0x0008b000,
	0x00000000, 0x00000000, 0x00000000, 0x00000000,
	0x0001e231, 0x47ff8105, 0x01ffe394, 0x0009b000,
	0x00000000, 0x00000000, 0x00000000, 0x00000000,
	0x000257d8, 0x87ff8105, 0x01ffe392, 0x000ab000,
	0x00000000, 0x00000000, 0x00000000, 0x00000000,
	0x0002db3d, 0x47ff8106, 0x01ffe391, 0x000bb000,
	0x00000000, 0x00000000, 0x00000000, 0x00000000,
	0x00036f76, 0x07ff8107, 0x01ffe390, 0x000cb000,
	0x00000000, 0x00000000, 0x00000000, 0x00000000,
	0x00040edc, 0x07ff8108, 0x01ffe38f, 0x000db000,
	0x00000000, 0x00000000, 0x00000000, 0x00000000,
	0x0004c2df, 0x47ff810a, 0x01ffe38e, 0x000eb000,
	0x00000000, 0x00000000, 0x00000000, 0x00000000,
	0x00058942, 0x07ff810b, 0x01ffe38d, 0x000fb000,
	0x00000000, 0x00000000, 0x00000000, 0x00000000,
	0x00065d81, 0x47ff810d, 0x01ffe38c, 0x0010b000,
	0x00000000, 0x00000000, 0x00000000, 0x00000000,
	0x000744ef, 0x87ff810f, 0x01ffe38b, 0x0011b000,
	0x00000000, 0x00000000, 0x00000000, 0x00000000,
	0x00083eea, 0x07ff8111, 0x01ffe38b, 0x0012b000,
	0x00000000, 0x00000000, 0x00000000, 0x00000000,
	0x00094fbf, 0xc7ff8114, 0x01ffe38a, 0x0013b000,
	0x00000000, 0x00000000, 0x00000000, 0x00000000,
	0x000a65b0, 0xc7ff8116, 0x01ffe389, 0x0014b000,
	0x00000000, 0x00000000, 0x00000000, 0x00000000,
	0x000b9c0b, 0x87ff8119, 0x01ffe389, 0x0015b000,
	0x00000000, 0x00000000, 0x00000000, 0x00000000,
	0x000ce043, 0x87ff811c, 0x01ffe389, 0x0016b000,
	0x00000000, 0x00000000, 0x00000000, 0x00000000,
	0x000e3f9a, 0x47ff811f, 0x01ffe389, 0x0017b000,
	0x00000000, 0x00000000, 0x00000000, 0x00000000,
	0x000fa940, 0x47ff8123, 0x01ffe389, 0x0018b000,
	0x00000000, 0x00000000, 0x00000000, 0x00000000,
	0x00112cda, 0x87ff8127, 0x01ffe389, 0x0019b000,
	0x00000000, 0x00000000, 0x00000000, 0x00000000,
	0x0012cb17, 0x87ff812a, 0x01ffe389, 0x001ab000,
	0x00000000, 0x00000000, 0x00000000, 0x00000000,
	0x00146ce8, 0x07ff812f, 0x01ffe38a, 0x001bb000,
	0x00000000, 0x00000000, 0x00000000, 0x00000000,
	0x00163304, 0x47ff8133, 0x01ffe38a, 0x001cb000,
	0x00000000, 0x00000000, 0x00000000, 0x00000000,
	0x001812ae, 0x87ff8137, 0x01ffe38a, 0x001db000,
	0x00000000, 0x00000000, 0x00000000, 0x00000000,
	0x0019fcd0, 0x07ff813c, 0x01ffe38b, 0x001eb000,
	0x00000000, 0x00000000, 0x00000000, 0x00000000,
	0x001bfdcb, 0xc7ff8141, 0x01ffe38b, 0x001fb000,
	0x00000000, 0x00000000, 0x00000000, 0x00000000,
	0x001e2650, 0x87ff8146, 0x01ffe38c, 0x0020b000,
	0x00000000, 0x00000000, 0x00000000, 0x00000000,
	0x00205418, 0x47ff814b, 0x01ffe38d, 0x0021b000,
	0x00000000, 0x00000000, 0x00000000, 0x00000000,
	0x0022963b, 0xc7ff8150, 0x01ffe38d, 0x0022b000,
	0x00000000, 0x00000000, 0x00000000, 0x00000000,
	0x002500bf, 0x87ff8156, 0x01ffe38e, 0x0023b000,
	0x00000000, 0x00000000, 0x00000000, 0x00000000,
	0x002768f3, 0x47ff815b, 0x01ffe38f, 0x0024b000,
	0x00000000, 0x00000000, 0x00000000, 0x00000000,
	0x0029f924, 0x47ff8161, 0x01ffe390, 0x0025b000,
	0x00000000, 0x00000000, 0x00000000, 0x00000000,
	0x002c9a69, 0x47ff8167, 0x01ffe391, 0x0026b000,
	0x00000000, 0x00000000, 0x00000000, 0x00000000,
	0x002f6604, 0x87ff816d, 0x01ffe392, 0x0027b000,
	0x00000000, 0x00000000, 0x00000000, 0x00000000,
	0x00324142, 0x47ff8173, 0x01ffe393, 0x0028b000,
	0x00000000, 0x00000000, 0x00000000, 0x00000000,
	0x003529f7, 0x47ff8179, 0x01ffe394, 0x0029b000,
	0x00000000, 0x00000000, 0x00000000, 0x00000000,
	0x00381d43, 0x47ff817f, 0x01ffe395, 0x002ab000,
	0x00000000, 0x00000000, 0x00000000, 0x00000000,
	0x003b3aa6, 0x87ff8186, 0x01ffe396, 0x002bb000,
	0x00000000, 0x00000000, 0x00000000, 0x00000000,
	0x003e844c, 0x87ff818c, 0x01ffe397, 0x002cb000,
	0x00000000, 0x00000000, 0x00000000, 0x00000000,
	0x0041fc9c, 0xc7ff8193, 0x01ffe398, 0x002db000,
	0x00000000, 0x00000000, 0x00000000, 0x00000000,
	0x00455622, 0xc7ff8199, 0x01ffe399, 0x002eb000,
	0x00000000, 0x00000000, 0x00000000, 0x00000000,
	0x0048db32, 0x07ff81a0, 0x01ffe39b, 0x002fb000,
	0x00000000, 0x00000000, 0x00000000, 0x00000000,
	0x004c8e33, 0x47ff81a7, 0x01ffe39c, 0x0030b000,
	0x00000000, 0x00000000, 0x00000000, 0x00000000,
	0x005042a5, 0x87ff81ae, 0x01ffe39d, 0x0031b000,
	0x00000000, 0x00000000, 0x00000000, 0x00000000,
	0x00542547, 0x47ff81b4, 0x01ffe39e, 0x0032b000,
	0x00000000, 0x00000000, 0x00000000, 0x00000000,
	0x005837c7, 0x87ff81bb, 0x01ffe39f, 0x0033b000,
	0x00000000, 0x00000000, 0x00000000, 0x00000000,
	0x005c47a1, 0x07ff81c2, 0x01ffe3a1, 0x0034b000,
	0x00000000, 0x00000000, 0x00000000, 0x00000000,
	0x00608759, 0x07ff81c9, 0x01ffe3a2, 0x0035b000,
	0x00000000, 0x00000000, 0x00000000, 0x00000000,
	0x0064bf21, 0xc7ff81d1, 0x01ffe3a3, 0x0036b000,
	0x00000000, 0x00000000, 0x00000000, 0x00000000,
	0x0069260f, 0xc7ff81d8, 0x01ffe3a4, 0x0037b000,
	0x00000000, 0x00000000, 0x00000000, 0x00000000,
	0x006dbe4c, 0xc7ff81df, 0x01ffe3a5, 0x0038b000,
	0x00000000, 0x00000000, 0x00000000, 0x00000000,
	0x007247dd, 0x07ff81e6, 0x01ffe3a7, 0x0039b000,
	0x00000000, 0x00000000, 0x00000000, 0x00000000,
	0x00774617, 0x07ff81ed, 0x01ffe3a8, 0x003ab000,
	0x00000000, 0x00000000, 0x00000000, 0x00000000,
	0x007bed00, 0x87ff81f5, 0x01ffe3a9, 0x003bb000,
	0x00000000, 0x00000000, 0x00000000, 0x00000000,
	0x0080c293, 0x87ff81fc, 0x01ffe3aa, 0x003cb000,
	0x00000000, 0x00000000, 0x00000000, 0x00000000,
	0x00861579, 0xc7ff8203, 0x01ffe3ab, 0x003db000,
	0x00000000, 0x00000000, 0x00000000, 0x00000000,
	0x008b5051, 0x47ff820b, 0x01ffe3ad, 0x003eb000,
	0x00000000, 0x00000000, 0x00000000, 0x00000000,
	0x00906c21, 0x47ff8212, 0x01ffe3ae, 0x003fb000,
	0x00000000, 0x00000000, 0x00000000, 0x00000000,
	0x00960e2a, 0x87ff821a, 0x01ffe3af, 0x0040b000,
	0x00000000, 0x00000000, 0x00000000, 0x00000000,
	0x009b8ec4, 0x87ff8221, 0x01ffe3b0, 0x0041b000,
	0x00000000, 0x00000000, 0x00000000, 0x00000000,
	0x00a14314, 0x87ff8228, 0x01ffe3b1, 0x0042b000,
	0x00000000, 0x00000000, 0x00000000, 0x00000000,
	0x00a72ccc, 0xc7ff8230, 0x01ffe3b2, 0x0043b000,
	0x00000000, 0x00000000, 0x00000000, 0x00000000,
	0x00acea7e, 0x07ff8238, 0x01ffe3b4, 0x0044b000,
	0x00000000, 0x00000000, 0x00000000, 0x00000000,
	0x00b2da76, 0x07ff823f, 0x01ffe3b5, 0x0045b000,
	0x00000000, 0x00000000, 0x00000000, 0x00000000,
	0x00b8fede, 0x47ff8247, 0x01ffe3b6, 0x0046b000,
	0x00000000, 0x00000000, 0x00000000, 0x00000000,
	0x00bf58ea, 0x07ff824e, 0x01ffe3b7, 0x0047b000,
	0x00000000, 0x00000000, 0x00000000, 0x00000000,
	0x00c5eb02, 0x47ff8256, 0x01ffe3b8, 0x0048b000,
	0x00000000, 0x00000000, 0x00000000, 0x00000000,
	0x00cc4135, 0x47ff825d, 0x01ffe3b9, 0x0049b000,
	0x00000000, 0x00000000, 0x00000000, 0x00000000,
	0x00d2cb1f, 0x47ff8265, 0x01ffe3ba, 0x004ab000,
	0x00000000, 0x00000000, 0x00000000, 0x00000000,
	0x00d98aad, 0x87ff826d, 0x01ffe3bb, 0x004bb000,
	0x00000000, 0x00000000, 0x00000000, 0x00000000,
	0x00e08151, 0x87ff8274, 0x01ffe3bc, 0x004cb000,
	0x00000000, 0x00000000, 0x00000000, 0x00000000,
	0x00e7b171, 0xc7ff827c, 0x01ffe3bd, 0x004db000,
	0x00000000, 0x00000000, 0x00000000, 0x00000000,
	0x00ef1c43, 0x07ff8284, 0x01ffe3bf, 0x004eb000,
	0x00000000, 0x00000000, 0x00000000, 0x00000000,
	0x00f635c7, 0x07ff828c, 0x01ffe3c0, 0x004fb000,
	0x00000000, 0x00000000, 0x00000000, 0x00000000,
	0x00fd852d, 0xc7ff8293, 0x01ffe3c0, 0x0050b000,
	0x00000000, 0x00000000, 0x00000000, 0x00000000,
	0x01050c61, 0xc7ff829b, 0x01ffe3c1, 0x0051b000,
	0x00000000, 0x00000000, 0x00000000, 0x00000000,
	0x010ccc97, 0x07ff82a3, 0x01ffe3c3, 0x0052b000,
	0x00000000, 0x00000000, 0x00000000, 0x00000000,
	0x011428bd, 0x87ff82aa, 0x01ffe3c3, 0x0053b000,
	0x00000000, 0x00000000, 0x00000000, 0x00000000,
	0x011c5bed, 0xc7ff82b2, 0x01ffe3c4, 0x0054b000,
	0x00000000, 0x00000000, 0x00000000, 0x00000000,
	0x0124cd6a, 0xc7ff82ba, 0x01ffe3c5, 0x0055b000,
	0x00000000, 0x00000000, 0x00000000, 0x00000000,
	0x012cd175, 0xc7ff82c2, 0x01ffe3c6, 0x0056b000,
	0x00000000, 0x00000000, 0x00000000, 0x00000000,
	0x01350dc9, 0xc7ff82ca, 0x01ffe3c7, 0x0057b000,
	0x00000000, 0x00000000, 0x00000000, 0x00000000,
	0x013d83d8, 0x47ff82d1, 0x01ffe3c8, 0x0058b000,
	0x00000000, 0x00000000, 0x00000000, 0x00000000,
	0x01463551, 0x47ff82d9, 0x01ffe3c9, 0x0059b000,
	0x00000000, 0x00000000, 0x00000000, 0x00000000,
	0x014e62bb, 0x47ff82e1, 0x01ffe3ca, 0x005ab000,
	0x00000000, 0x00000000, 0x00000000, 0x00000000,
	0x01578a4f, 0x47ff82e9, 0x01ffe3cb, 0x005bb000,
	0x00000000, 0x00000000, 0x00000000, 0x00000000,
	0x01602718, 0x47ff82f1, 0x01ffe3cc, 0x005cb000,
	0x00000000, 0x00000000, 0x00000000, 0x00000000,
	0x0169cb08, 0xc7ff82f8, 0x01ffe3cc, 0x005db000,
	0x00000000, 0x00000000, 0x00000000, 0x00000000,
	0x0172dcf5, 0x87ff8300, 0x01ffe3cd, 0x005eb000,
	0x00000000, 0x00000000, 0x00000000, 0x00000000,
	0x017c28db, 0x87ff8308, 0x01ffe3ce, 0x005fb000,
	0x00000000, 0x00000000, 0x00000000, 0x00000000,
	0x0185b0a6, 0x47ff8310, 0x01ffe3cf, 0x0060b000,
	0x00000000, 0x00000000, 0x00000000, 0x00000000,
	0x018e8f1a, 0x47ff8318, 0x01ffe3d0, 0x0061b000,
	0x00000000, 0x00000000, 0x00000000, 0x00000000,
	0x0197a1c1, 0x07ff8320, 0x01ffe3d1, 0x0062b000,
	0x00000000, 0x00000000, 0x00000000, 0x00000000,
	0x01a1dad3, 0x87ff8327, 0x01ffe3d1, 0x0063b000,
	0x00000000, 0x00000000, 0x00000000, 0x00000000,
	0x01ac5365, 0x87ff832f, 0x01ffe3d2, 0x0064b000,
	0x00000000, 0x00000000, 0x00000000, 0x00000000,
	0x01b6133c, 0x47ff8337, 0x01ffe3d3, 0x0065b000,
	0x00000000, 0x00000000, 0x00000000, 0x00000000,
	0x01c10ea9, 0x07ff833f, 0x01ffe3d4, 0x0066b000,
	0x00000000, 0x00000000, 0x00000000, 0x00000000,
	0x01cb47bb, 0xc7ff8347, 0x01ffe3d4, 0x0067b000,
	0x00000000, 0x00000000, 0x00000000, 0x00000000,
	0x01d5bc74, 0x87ff834f, 0x01ffe3d5, 0x0068b000,
	0x00000000, 0x00000000, 0x00000000, 0x00000000,
	0x01e06cd5, 0x87ff8357, 0x01ffe3d6, 0x0069b000,
	0x00000000, 0x00000000, 0x00000000, 0x00000000,
	0x01eb5cb7, 0xc7ff835e, 0x01ffe3d6, 0x006ab000,
	0x00000000, 0x00000000, 0x00000000, 0x00000000,
	0x01f68c19, 0x87ff8366, 0x01ffe3d7, 0x006bb000,
	0x00000000, 0x00000000, 0x00000000, 0x00000000,
	0x0201fce8, 0x47ff836e, 0x01ffe3d8, 0x006cb000,
	0x00000000, 0x00000000, 0x00000000, 0x00000000,
	0x020db111, 0x07ff8376, 0x01ffe3d9, 0x006db000,
	0x00000000, 0x00000000, 0x00000000, 0x00000000,
	0x021872c3, 0xc7ff837e, 0x01ffe3d9, 0x006eb000,
	0x00000000, 0x00000000, 0x00000000, 0x00000000,
	0x0224a7da, 0x87ff8386, 0x01ffe3da, 0x006fb000,
	0x00000000, 0x00000000, 0x00000000, 0x00000000,
	0x022fe2c8, 0x07ff838e, 0x01ffe3db, 0x0070b000,
	0x00000000, 0x00000000, 0x00000000, 0x00000000,
	0x023b5771, 0xc7ff8396, 0x01ffe3db, 0x0071b000,
	0x00000000, 0x00000000, 0x00000000, 0x00000000,
	0x02485882, 0x87ff839e, 0x01ffe3dc, 0x0072b000,
	0x00000000, 0x00000000, 0x00000000, 0x00000000,
	0x02544e18, 0x07ff83a5, 0x01ffe3dd, 0x0073b000,
	0x00000000, 0x00000000, 0x00000000, 0x00000000,
	0x0260832f, 0xc7ff83ad, 0x01ffe3dd, 0x0074b000,
	0x00000000, 0x00000000, 0x00000000, 0x00000000,
	0x026cf5da, 0x47ff83b5, 0x01ffe3de, 0x0075b000,
	0x00000000, 0x00000000, 0x00000000, 0x00000000,
	0x0279abdf, 0x07ff83bd, 0x01ffe3df, 0x0076b000,
	0x00000000, 0x00000000, 0x00000000, 0x00000000,
	0x0286a351, 0x87ff83c5, 0x01ffe3df, 0x0077b000,
	0x00000000, 0x00000000, 0x00000000, 0x00000000,
	0x0293de1d, 0x47ff83cd, 0x01ffe3e0, 0x0078b000,
	0x00000000, 0x00000000, 0x00000000, 0x00000000,
	0x029fdb66, 0xc7ff83d5, 0x01ffe3e0, 0x0079b000,
	0x00000000, 0x00000000, 0x00000000, 0x00000000,
	0x02ad9af9, 0x87ff83dd, 0x01ffe3e1, 0x007ab000,
	0x00000000, 0x00000000, 0x00000000, 0x00000000,
	0x02bba3ac, 0x07ff83e5, 0x01ffe3e2, 0x007bb000,
	0x00000000, 0x00000000, 0x00000000, 0x00000000,
	0x02c859b1, 0x87ff83ed, 0x01ffe3e2, 0x007cb000,
	0x00000000, 0x00000000, 0x00000000, 0x00000000,
	0x02d6ecf1, 0xc7ff83f4, 0x01ffe3e2, 0x007db000,
	0x00000000, 0x00000000, 0x00000000, 0x00000000,
	0x02e421f7, 0x87ff83fc, 0x01ffe3e3, 0x007eb000,
	0x00000000, 0x00000000, 0x00000000, 0x00000000,
	0x02f19491, 0x07ff8404, 0x01ffe3e4, 0x007fb000,
	0x00000000, 0x00000000, 0x00000000, 0x00000000,
	0x03010144, 0x87ff840c, 0x01ffe3e4, 0x0080b000,
	0x00000000, 0x00000000, 0x00000000, 0x00000000,
	0x030efa91, 0x07ff8414, 0x01ffe3e5, 0x0081b000,
	0x00000000, 0x00000000, 0x00000000, 0x00000000,
	0x031d3360, 0x87ff841c, 0x01ffe3e5, 0x0082b000,
	0x00000000, 0x00000000, 0x00000000, 0x00000000,
	0x032baf88, 0x07ff8424, 0x01ffe3e6, 0x0083b000,
	0x00000000, 0x00000000, 0x00000000, 0x00000000,
	0x033a6f0b, 0x87ff842c, 0x01ffe3e6, 0x0084b000,
	0x00000000, 0x00000000, 0x00000000, 0x00000000,
	0x034973d3, 0x07ff8434, 0x01ffe3e7, 0x0085b000,
	0x00000000, 0x00000000, 0x00000000, 0x00000000,
	0x0358bde3, 0x47ff843b, 0x01ffe3e7, 0x0086b000,
	0x00000000, 0x00000000, 0x00000000, 0x00000000,
	0x03684f25, 0xc7ff8443, 0x01ffe3e7, 0x0087b000,
	0x00000000, 0x00000000, 0x00000000, 0x00000000,
	0x0378279a, 0x47ff844b, 0x01ffe3e8, 0x0088b000,
	0x00000000, 0x00000000, 0x00000000, 0x00000000,
	0x0386438c, 0xc7ff8453, 0x01ffe3e8, 0x0089b000,
	0x00000000, 0x00000000, 0x00000000, 0x00000000,
	0x0396a87b, 0x47ff845b, 0x01ffe3e9, 0x008ab000,
	0x00000000, 0x00000000, 0x00000000, 0x00000000,
	0x03a75876, 0xc7ff8463, 0x01ffe3e9, 0x008bb000,
	0x00000000, 0x00000000, 0x00000000, 0x00000000,
	0x03b85757, 0x47ff846b, 0x01ffe3ea, 0x008cb000,
	0x00000000, 0x00000000, 0x00000000, 0x00000000,
	0x03c77711, 0x87ff8473, 0x01ffe3ea, 0x008db000,
	0x00000000, 0x00000000, 0x00000000, 0x00000000,
	0x03d90c0b, 0x07ff847b, 0x01ffe3eb, 0x008eb000,
	0x00000000, 0x00000000, 0x00000000, 0x00000000,
	0x03e8b08b, 0x47ff8482, 0x01ffe3eb, 0x008fb000,
	0x00000000, 0x00000000, 0x00000000, 0x00000000,
	0x03f8948d, 0x87ff848a, 0x01ffe3eb, 0x0090b000,
	0x00000000, 0x00000000, 0x00000000, 0x00000000,
	0x0408b9fb, 0x07ff8492, 0x01ffe3ec, 0x0091b000,
	0x00000000, 0x00000000, 0x00000000, 0x00000000,
	0x04191eea, 0x87ff849a, 0x01ffe3ec, 0x0092b000,
	0x00000000, 0x00000000, 0x00000000, 0x00000000,
	0x042c2efb, 0xc7ff84a2, 0x01ffe3ec, 0x0093b000,
	0x00000000, 0x00000000, 0x00000000, 0x00000000,
	0x043d262a, 0x47ff84aa, 0x01ffe3ed, 0x0094b000,
	0x00000000, 0x00000000, 0x00000000, 0x00000000,
	0x044e60b2, 0x87ff84b2, 0x01ffe3ed, 0x0095b000,
	0x00000000, 0x00000000, 0x00000000, 0x00000000,
	0x045fe26e, 0x07ff84ba, 0x01ffe3ee, 0x0096b000,
	0x00000000, 0x00000000, 0x00000000, 0x00000000,
	0x0471ab5d, 0x07ff84c1, 0x01ffe3ee, 0x0097b000,
	0x00000000, 0x00000000, 0x00000000, 0x00000000,
	0x0483bd6b, 0x87ff84c9, 0x01ffe3ee, 0x0098b000,
	0x00000000, 0x00000000, 0x00000000, 0x00000000,
	0x049616ad, 0xc7ff84d1, 0x01ffe3ee, 0x0099b000,
	0x00000000, 0x00000000, 0x00000000, 0x00000000,
	0x04a8bce7, 0x47ff84d9, 0x01ffe3ef, 0x009ab000,
	0x00000000, 0x00000000, 0x00000000, 0x00000000,
	0x04bbae2e, 0x87ff84e1, 0x01ffe3ef, 0x009bb000,
	0x00000000, 0x00000000, 0x00000000, 0x00000000,
	0x04ceec6e, 0xc7ff84e9, 0x01ffe3ef, 0x009cb000,
	0x00000000, 0x00000000, 0x00000000, 0x00000000,
	0x04dfa7f6, 0x47ff84f1, 0x01ffe3f0, 0x009db000,
	0x00000000, 0x00000000, 0x00000000, 0x00000000,
	0x04f37875, 0x47ff84f8, 0x01ffe3f0, 0x009eb000,
	0x00000000, 0x00000000, 0x00000000, 0x00000000,
	0x050799c7, 0x87ff8500, 0x01ffe3f0, 0x009fb000,
	0x00000000, 0x00000000, 0x00000000, 0x00000000,
	0x051c0beb, 0x07ff8508, 0x01ffe3f1, 0x00a0b000,
	0x00000000, 0x00000000, 0x00000000, 0x00000000,
	0x052dd4da, 0x47ff8510, 0x01ffe3f1, 0x00a1b000,
	0x00000000, 0x00000000, 0x00000000, 0x00000000,
	0x0542e2dc, 0x87ff8518, 0x01ffe3f1, 0x00a2b000,
	0x00000000, 0x00000000, 0x00000000, 0x00000000,
	0x0555327f, 0x07ff8520, 0x01ffe3f2, 0x00a3b000,
	0x00000000, 0x00000000, 0x00000000, 0x00000000,
	0x0567c38f, 0x47ff8528, 0x01ffe3f2, 0x00a4b000,
	0x00000000, 0x00000000, 0x00000000, 0x00000000,
	0x057dbc55, 0x47ff852f, 0x01ffe3f2, 0x00a5b000,
	0x00000000, 0x00000000, 0x00000000, 0x00000000,
	0x05940f8e, 0x87ff8537, 0x01ffe3f2, 0x00a6b000,
	0x00000000, 0x00000000, 0x00000000, 0x00000000,
	0x05a77a10, 0xc7ff853f, 0x01ffe3f2, 0x00a7b000,
	0x00000000, 0x00000000, 0x00000000, 0x00000000,
	0x05bb27ec, 0x07ff8547, 0x01ffe3f3, 0x00a8b000,
	0x00000000, 0x00000000, 0x00000000, 0x00000000,
	0x05cf1b0f, 0x87ff854f, 0x01ffe3f3, 0x00a9b000,
	0x00000000, 0x00000000, 0x00000000, 0x00000000,
	0x05e35378, 0x47ff8556, 0x01ffe3f3, 0x00aab000,
	0x00000000, 0x00000000, 0x00000000, 0x00000000,
	0x05fb427e, 0xc7ff855e, 0x01ffe3f3, 0x00abb000,
	0x00000000, 0x00000000, 0x00000000, 0x00000000,
	0x061014da, 0x07ff8566, 0x01ffe3f4, 0x00acb000,
	0x00000000, 0x00000000, 0x00000000, 0x00000000,
	0x06252e68, 0x47ff856e, 0x01ffe3f4, 0x00adb000,
	0x00000000, 0x00000000, 0x00000000, 0x00000000,
	0x063a9303, 0x87ff8576, 0x01ffe3f4, 0x00aeb000,
	0x00000000, 0x00000000, 0x00000000, 0x00000000,
	0x065040bd, 0xc7ff857e, 0x01ffe3f4, 0x00afb000,
	0x00000000, 0x00000000, 0x00000000, 0x00000000,
	0x06663b71, 0xc7ff8585, 0x01ffe3f4, 0x00b0b000,
	0x00000000, 0x00000000, 0x00000000, 0x00000000,
	0x067c8131, 0x07ff858d, 0x01ffe3f5, 0x00b1b000,
	0x00000000, 0x00000000, 0x00000000, 0x00000000,
	0x069313e9, 0x47ff8595, 0x01ffe3f5, 0x00b2b000,
	0x00000000, 0x00000000, 0x00000000, 0x00000000,
	0x06a9f775, 0x87ff859d, 0x01ffe3f5, 0x00b3b000,
	0x00000000, 0x00000000, 0x00000000, 0x00000000,
	0x06c129e5, 0x47ff85a4, 0x01ffe3f5, 0x00b4b000,
	0x00000000, 0x00000000, 0x00000000, 0x00000000,
	0x06d8ab3c, 0x87ff85ac, 0x01ffe3f5, 0x00b5b000,
	0x00000000, 0x00000000, 0x00000000, 0x00000000,
	0x06f07f51, 0xc7ff85b4, 0x01ffe3f5, 0x00b6b000,
	0x00000000, 0x00000000, 0x00000000, 0x00000000,
	0x07049add, 0x07ff85bc, 0x01ffe3f6, 0x00b7b000,
	0x00000000, 0x00000000, 0x00000000, 0x00000000,
	0x071d08e4, 0x47ff85c4, 0x01ffe3f6, 0x00b8b000,
	0x00000000, 0x00000000, 0x00000000, 0x00000000,
	0x0735cb97, 0x47ff85cb, 0x01ffe3f6, 0x00b9b000,
	0x00000000, 0x00000000, 0x00000000, 0x00000000,
	0x074ee2f5, 0x87ff85d3, 0x01ffe3f6, 0x00bab000,
	0x00000000, 0x00000000, 0x00000000, 0x00000000,
	0x076854c5, 0xc7ff85db, 0x01ffe3f6, 0x00bbb000,
	0x00000000, 0x00000000, 0x00000000, 0x00000000,
	0x077dcab1, 0xc7ff85e3, 0x01ffe3f6, 0x00bcb000,
	0x00000000, 0x00000000, 0x00000000, 0x00000000,
	0x07937e31, 0xc7ff85ea, 0x01ffe3f6, 0x00bdb000,
	0x00000000, 0x00000000, 0x00000000, 0x00000000,
	0x07addcb2, 0x07ff85f2, 0x01ffe3f7, 0x00beb000,
	0x00000000, 0x00000000, 0x00000000, 0x00000000,
	0x07c89790, 0x47ff85fa, 0x01ffe3f7, 0x00bfb000,
	0x00000000, 0x00000000, 0x00000000, 0x00000000,
	0x07df2483, 0x87ff8602, 0x01ffe3f7, 0x00c0b000,
	0x00000000, 0x00000000, 0x00000000, 0x00000000,
	0x07fa8aa6, 0x47ff8609, 0x01ffe3f7, 0x00c1b000,
	0x00000000, 0x00000000, 0x00000000, 0x00000000,
	0x0811a9d8, 0x87ff8611, 0x01ffe3f7, 0x00c2b000,
	0x00000000, 0x00000000, 0x00000000, 0x00000000,
	0x08290a78, 0xc7ff8619, 0x01ffe3f7, 0x00c3b000,
	0x00000000, 0x00000000, 0x00000000, 0x00000000,
	0x08457089, 0x87ff8620, 0x01ffe3f7, 0x00c4b000,
	0x00000000, 0x00000000, 0x00000000, 0x00000000,
	0x085d692e, 0xc7ff8628, 0x01ffe3f7, 0x00c5b000,
	0x00000000, 0x00000000, 0x00000000, 0x00000000,
	0x087a860f, 0x07ff8630, 0x01ffe3f8, 0x00c6b000,
	0x00000000, 0x00000000, 0x00000000, 0x00000000,
	0x089316b9, 0x07ff8638, 0x01ffe3f8, 0x00c7b000,
	0x00000000, 0x00000000, 0x00000000, 0x00000000,
	0x08abee97, 0x07ff863f, 0x01ffe3f8, 0x00c8b000,
	0x00000000, 0x00000000, 0x00000000, 0x00000000,
	0x08ca1cb8, 0x47ff8647, 0x01ffe3f8, 0x00c9b000,
	0x00000000, 0x00000000, 0x00000000, 0x00000000,
	0x08e3944e, 0x47ff864f, 0x01ffe3f8, 0x00cab000,
	0x00000000, 0x00000000, 0x00000000, 0x00000000,
	0x08fd5503, 0x47ff8656, 0x01ffe3f8, 0x00cbb000,
	0x00000000, 0x00000000, 0x00000000, 0x00000000,
	0x091760c5, 0x87ff865e, 0x01ffe3f8, 0x00ccb000,
	0x00000000, 0x00000000, 0x00000000, 0x00000000,
	0x09370624, 0x87ff8666, 0x01ffe3f8, 0x00cdb000,
	0x00000000, 0x00000000, 0x00000000, 0x00000000,
	0x0951b950, 0x87ff866d, 0x01ffe3f8, 0x00ceb000,
	0x00000000, 0x00000000, 0x00000000, 0x00000000,
	0x096cb975, 0x87ff8675, 0x01ffe3f8, 0x00cfb000,
	0x00000000, 0x00000000, 0x00000000, 0x00000000,
	0x09880880, 0xc7ff867d, 0x01ffe3f8, 0x00d0b000,
	0x00000000, 0x00000000, 0x00000000, 0x00000000,
	0x09a3a483, 0x87ff8684, 0x01ffe3f8, 0x00d1b000,
	0x00000000, 0x00000000, 0x00000000, 0x00000000,
	0x09bf9346, 0xc7ff868c, 0x01ffe3f8, 0x00d2b000,
	0x00000000, 0x00000000, 0x00000000, 0x00000000,
	0x09dbd0ee, 0x07ff8694, 0x01ffe3f9, 0x00d3b000,
	0x00000000, 0x00000000, 0x00000000, 0x00000000,
	0x09f86155, 0xc7ff869b, 0x01ffe3f8, 0x00d4b000,
	0x00000000, 0x00000000, 0x00000000, 0x00000000,
	0x0a15447b, 0x07ff86a3, 0x01ffe3f9, 0x00d5b000,
	0x00000000, 0x00000000, 0x00000000, 0x00000000,
	0x0a327c4c, 0xc7ff86aa, 0x01ffe3f8, 0x00d6b000,
	0x00000000, 0x00000000, 0x00000000, 0x00000000,
	0x0a5006dc, 0x07ff86b2, 0x01ffe3f9, 0x00d7b000,
	0x00000000, 0x00000000, 0x00000000, 0x00000000,
	0x0a6de805, 0x07ff86ba, 0x01ffe3f9, 0x00d8b000,
	0x00000000, 0x00000000, 0x00000000, 0x00000000,
	0x0a8c1fc5, 0xc7ff86c1, 0x01ffe3f8, 0x00d9b000,
	0x00000000, 0x00000000, 0x00000000, 0x00000000,
	0x0aaaae1e, 0x07ff86c9, 0x01ffe3f9, 0x00dab000,
	0x00000000, 0x00000000, 0x00000000, 0x00000000,
	0x0ac3616c, 0x07ff86d1, 0x01ffe3f9, 0x00dbb000,
	0x00000000, 0x00000000, 0x00000000, 0x00000000,
	0x0ae28f7c, 0x07ff86d8, 0x01ffe3f9, 0x00dcb000,
	0x00000000, 0x00000000, 0x00000000, 0x00000000,
	0x0b0219eb, 0x07ff86e0, 0x01ffe3f9, 0x00ddb000,
	0x00000000, 0x00000000, 0x00000000, 0x00000000,
	0x0b21feca, 0x07ff86e7, 0x01ffe3f9, 0x00deb000,
	0x00000000, 0x00000000, 0x00000000, 0x00000000,
	0x0b424008, 0x07ff86ef, 0x01ffe3f9, 0x00dfb000,
	0x00000000, 0x00000000, 0x00000000, 0x00000000,
	0x0b5c5190, 0x07ff86f6, 0x01ffe3f9, 0x00e0b000,
	0x00000000, 0x00000000, 0x00000000, 0x00000000,
	0x0b7d3c25, 0x07ff86fe, 0x01ffe3f9, 0x00e1b000,
	0x00000000, 0x00000000, 0x00000000, 0x00000000,
	0x0b9e8504, 0x07ff8706, 0x01ffe3f9, 0x00e2b000,
	0x00000000, 0x00000000, 0x00000000, 0x00000000,
	0x0bc03008, 0x07ff870d, 0x01ffe3f9, 0x00e3b000,
	0x00000000, 0x00000000, 0x00000000, 0x00000000,
	0x0be23b42, 0x07ff8715, 0x01ffe3f9, 0x00e4b000,
	0x00000000, 0x00000000, 0x00000000, 0x00000000,
	0x0bfdbe42, 0x07ff871c, 0x01ffe3f9, 0x00e5b000,
	0x00000000, 0x00000000, 0x00000000, 0x00000000,
	0x0c207c72, 0x07ff8724, 0x01ffe3f9, 0x00e6b000,
	0x00000000, 0x00000000, 0x00000000, 0x00000000,
	0x0c3c8fc5, 0xc7ff872b, 0x01ffe3f8, 0x00e7b000,
	0x00000000, 0x00000000, 0x00000000, 0x00000000,
	0x0c6004c5, 0x07ff8733, 0x01ffe3f9, 0x00e8b000,
	0x00000000, 0x00000000, 0x00000000, 0x00000000,
	0x0c7caa57, 0xc7ff873a, 0x01ffe3f8, 0x00e9b000,
	0x00000000, 0x00000000, 0x00000000, 0x00000000,
	0x0ca0d813, 0xc7ff8742, 0x01ffe3f8, 0x00eab000,
	0x00000000, 0x00000000, 0x00000000, 0x00000000,
	0x0cbe15aa, 0xc7ff8749, 0x01ffe3f8, 0x00ebb000,
	0x00000000, 0x00000000, 0x00000000, 0x00000000,
	0x0ce2fffc, 0xc7ff8751, 0x01ffe3f8, 0x00ecb000,
	0x00000000, 0x00000000, 0x00000000, 0x00000000,
	0x0d00d598, 0x87ff8758, 0x01ffe3f8, 0x00edb000,
	0x00000000, 0x00000000, 0x00000000, 0x00000000,
	0x0d268245, 0xc7ff8760, 0x01ffe3f8, 0x00eeb000,
	0x00000000, 0x00000000, 0x00000000, 0x00000000,
	0x0d44f5ad, 0x87ff8767, 0x01ffe3f8, 0x00efb000,
	0x00000000, 0x00000000, 0x00000000, 0x00000000,
	0x0d6b66a1, 0x87ff876f, 0x01ffe3f8, 0x00f0b000,
	0x00000000, 0x00000000, 0x00000000, 0x00000000,
	0x0d8a79c1, 0x87ff8776, 0x01ffe3f8, 0x00f1b000,
	0x00000000, 0x00000000, 0x00000000, 0x00000000,
	0x0db1b4c2, 0x47ff877d, 0x01ffe3f8, 0x00f2b000,
	0x00000000, 0x00000000, 0x00000000, 0x00000000,
	0x0dd16987, 0x47ff8785, 0x01ffe3f8, 0x00f3b000,
	0x00000000, 0x00000000, 0x00000000, 0x00000000,
	0x0df1676b, 0x07ff878c, 0x01ffe3f8, 0x00f4b000,
	0x00000000, 0x00000000, 0x00000000, 0x00000000,
	0x0e19ccb1, 0x47ff8794, 0x01ffe3f8, 0x00f5b000,
	0x00000000, 0x00000000, 0x00000000, 0x00000000,
	0x0e3a7200, 0x07ff879b, 0x01ffe3f8, 0x00f6b000,
	0x00000000, 0x00000000, 0x00000000, 0x00000000,
	0x0e5b6447, 0x07ff87a3, 0x01ffe3f8, 0x00f7b000,
	0x00000000, 0x00000000, 0x00000000, 0x00000000,
	0x0e7ca19b, 0x07ff87aa, 0x01ffe3f8, 0x00f8b000,
	0x00000000, 0x00000000, 0x00000000, 0x00000000,
	0x0ea69afd, 0xc7ff87b1, 0x01ffe3f7, 0x00f9b000,
	0x00000000, 0x00000000, 0x00000000, 0x00000000,
	0x0ec88581, 0xc7ff87b9, 0x01ffe3f7, 0x00fab000,
	0x00000000, 0x00000000, 0x00000000, 0x00000000,
	0x0eeac0d7, 0x87ff87c0, 0x01ffe3f7, 0x00fbb000,
	0x00000000, 0x00000000, 0x00000000, 0x00000000,
	0x0f0d4926, 0xc7ff87c8, 0x01ffe3f7, 0x00fcb000,
	0x00000000, 0x00000000, 0x00000000, 0x00000000,
	0x0f302248, 0x87ff87cf, 0x01ffe3f7, 0x00fdb000,
	0x00000000, 0x00000000, 0x00000000, 0x00000000,
	0x0f5c233b, 0x47ff87d6, 0x01ffe3f7, 0x00feb000,
	0x00000000, 0x00000000, 0x00000000, 0x00000000,
	0x0f77a074, 0x47ff87de, 0x01ffe3f7, 0x00ffb000,
	0x00000000, 0x00000000, 0x00000000, 0x00000000,
	0x00000000, 0x07ff87e5, 0x01ffe3f7, 0x0100a000,
	0x00000000, 0x00000000, 0x00000000, 0x00000000,
	0x00000000, 0x07ff87ec, 0x01ffe3f7, 0x0101a000,
	0x00000000, 0x00000000, 0x00000000, 0x00000000,
	0x00000000, 0x07ff87f4, 0x01ffe3f7, 0x0102a000,
	0x00000000, 0x00000000, 0x00000000, 0x00000000,
	0x00000000, 0xc7ff87fb, 0x01ffe3f6, 0x0103a000,
	0x00000000, 0x00000000, 0x00000000, 0x00000000,
	0x00000000, 0x87ff8802, 0x01ffe3f6, 0x0104a000,
	0x00000000, 0x00000000, 0x00000000, 0x00000000,
	0x00000000, 0xc7ff880a, 0x01ffe3f6, 0x0105a000,
	0x00000000, 0x00000000, 0x00000000, 0x00000000,
	0x00000000, 0x87ff8811, 0x01ffe3f6, 0x0106a000,
	0x00000000, 0x00000000, 0x00000000, 0x00000000,
	0x00000000, 0x47ff8818, 0x01ffe3f6, 0x0107a000,
	0x00000000, 0x00000000, 0x00000000, 0x00000000,
	0x00000000, 0x07ff881f, 0x01ffe3f6, 0x0108a000,
	0x00000000, 0x00000000, 0x00000000, 0x00000000,
	0x00000000, 0x07ff8827, 0x01ffe3f6, 0x0109a000,
	0x00000000, 0x00000000, 0x00000000, 0x00000000,
	0x00000000, 0xc7ff882e, 0x01ffe3f5, 0x010aa000,
	0x00000000, 0x00000000, 0x00000000, 0x00000000,
	0x00000000, 0xc7ff8835, 0x01ffe3f5, 0x010ba000,
	0x00000000, 0x00000000, 0x00000000, 0x00000000,
	0x00000000, 0xc7ff883d, 0x01ffe3f5, 0x010ca000,
	0x00000000, 0x00000000, 0x00000000, 0x00000000,
	0x00000000, 0x87ff8844, 0x01ffe3f5, 0x010da000,
	0x00000000, 0x00000000, 0x00000000, 0x00000000,
	0x00000000, 0x47ff884b, 0x01ffe3f5, 0x010ea000,
	0x00000000, 0x00000000, 0x00000000, 0x00000000,
	0x00000000, 0x07ff8852, 0x01ffe3f5, 0x010fa000,
	0x00000000, 0x00000000, 0x00000000, 0x00000000,
	0x00000000, 0xc7ff8859, 0x01ffe3f4, 0x0110a000,
	0x00000000, 0x00000000, 0x00000000, 0x00000000,
	0x00000000, 0x07ff8861, 0x01ffe3f5, 0x0111a000,
	0x00000000, 0x00000000, 0x00000000, 0x00000000,
	0x00000000, 0xc7ff8868, 0x01ffe3f4, 0x0112a000,
	0x00000000, 0x00000000, 0x00000000, 0x00000000,
	0x00000000, 0x87ff886f, 0x01ffe3f4, 0x0113a000,
	0x00000000, 0x00000000, 0x00000000, 0x00000000,
	0x00000000, 0x47ff8876, 0x01ffe3f4, 0x0114a000,
	0x00000000, 0x00000000, 0x00000000, 0x00000000,
	0x00000000, 0x07ff887d, 0x01ffe3f4, 0x0115a000,
	0x00000000, 0x00000000, 0x00000000, 0x00000000,
	0x00000000, 0x07ff8885, 0x01ffe3f4, 0x0116a000,
	0x00000000, 0x00000000, 0x00000000, 0x00000000,
	0x00000000, 0xc7ff888c, 0x01ffe3f3, 0x0117a000,
	0x00000000, 0x00000000, 0x00000000, 0x00000000,
	0x00000000, 0xc7ff8893, 0x01ffe3f3, 0x0118a000,
	0x00000000, 0x00000000, 0x00000000, 0x00000000,
	0x00000000, 0x87ff889a, 0x01ffe3f3, 0x0119a000,
	0x00000000, 0x00000000, 0x00000000, 0x00000000,
	0x00000000, 0x47ff88a1, 0x01ffe3f3, 0x011aa000,
	0x00000000, 0x00000000, 0x00000000, 0x00000000,
	0x00000000, 0x07ff88a8, 0x01ffe3f3, 0x011ba000,
	0x00000000, 0x00000000, 0x00000000, 0x00000000,
	0x00000000, 0xc7ff88af, 0x01ffe3f2, 0x011ca000,
	0x00000000, 0x00000000, 0x00000000, 0x00000000,
	0x00000000, 0x87ff88b6, 0x01ffe3f2, 0x011da000,
	0x00000000, 0x00000000, 0x00000000, 0x00000000,
	0x00000000, 0x87ff88be, 0x01ffe3f2, 0x011ea000,
	0x00000000, 0x00000000, 0x00000000, 0x00000000,
	0x00000000, 0x47ff88c5, 0x01ffe3f2, 0x011fa000,
	0x00000000, 0x00000000, 0x00000000, 0x00000000,
	0x00000000, 0x47ff88cc, 0x01ffe3f2, 0x0120a000,
	0x00000000, 0x00000000, 0x00000000, 0x00000000,
	0x00000000, 0x07ff88d3, 0x01ffe3f2, 0x0121a000,
	0x00000000, 0x00000000, 0x00000000, 0x00000000,
	0x00000000, 0xc7ff88da, 0x01ffe3f1, 0x0122a000,
	0x00000000, 0x00000000, 0x00000000, 0x00000000,
	0x00000000, 0x87ff88e1, 0x01ffe3f1, 0x0123a000,
	0x00000000, 0x00000000, 0x00000000, 0x00000000,
	0x00000000, 0x47ff88e8, 0x01ffe3f1, 0x0124a000,
	0x00000000, 0x00000000, 0x00000000, 0x00000000,
	0x00000000, 0x07ff88ef, 0x01ffe3f1, 0x0125a000,
	0x00000000, 0x00000000, 0x00000000, 0x00000000,
	0x00000000, 0xc7ff88f6, 0x01ffe3f0, 0x0126a000,
	0x00000000, 0x00000000, 0x00000000, 0x00000000,
	0x00000000, 0x87ff88fd, 0x01ffe3f0, 0x0127a000,
	0x00000000, 0x00000000, 0x00000000, 0x00000000,
	0x00000000, 0x47ff8904, 0x01ffe3f0, 0x0128a000,
	0x00000000, 0x00000000, 0x00000000, 0x00000000,
	0x00000000, 0x07ff890b, 0x01ffe3f0, 0x0129a000,
	0x00000000, 0x00000000, 0x00000000, 0x00000000,
	0x00000000, 0xc7ff8912, 0x01ffe3ef, 0x012aa000,
	0x00000000, 0x00000000, 0x00000000, 0x00000000,
	0x00000000, 0xc7ff8919, 0x01ffe3ef, 0x012ba000,
	0x00000000, 0x00000000, 0x00000000, 0x00000000,
	0x00000000, 0x87ff8920, 0x01ffe3ef, 0x012ca000,
	0x00000000, 0x00000000, 0x00000000, 0x00000000,
	0x00000000, 0x47ff8927, 0x01ffe3ef, 0x012da000,
	0x00000000, 0x00000000, 0x00000000, 0x00000000,
	0x00000000, 0x07ff892e, 0x01ffe3ef, 0x012ea000,
	0x00000000, 0x00000000, 0x00000000, 0x00000000,
	0x00000000, 0xc7ff8935, 0x01ffe3ee, 0x012fa000,
	0x00000000, 0x00000000, 0x00000000, 0x00000000,
	0x00000000, 0x87ff893c, 0x01ffe3ee, 0x0130a000,
	0x00000000, 0x00000000, 0x00000000, 0x00000000,
	0x00000000, 0x47ff8943, 0x01ffe3ee, 0x0131a000,
	0x00000000, 0x00000000, 0x00000000, 0x00000000,
	0x00000000, 0xc7ff8949, 0x01ffe3ed, 0x0132a000,
	0x00000000, 0x00000000, 0x00000000, 0x00000000,
	0x00000000, 0x87ff8950, 0x01ffe3ed, 0x0133a000,
	0x00000000, 0x00000000, 0x00000000, 0x00000000,
	0x00000000, 0x47ff8957, 0x01ffe3ed, 0x0134a000,
	0x00000000, 0x00000000, 0x00000000, 0x00000000,
	0x00000000, 0x07ff895e, 0x01ffe3ed, 0x0135a000,
	0x00000000, 0x00000000, 0x00000000, 0x00000000,
	0x00000000, 0xc7ff8965, 0x01ffe3ec, 0x0136a000,
	0x00000000, 0x00000000, 0x00000000, 0x00000000,
	0x00000000, 0x87ff896c, 0x01ffe3ec, 0x0137a000,
	0x00000000, 0x00000000, 0x00000000, 0x00000000,
	0x00000000, 0x47ff8973, 0x01ffe3ec, 0x0138a000,
	0x00000000, 0x00000000, 0x00000000, 0x00000000,
	0x00000000, 0x07ff8979, 0x01ffe3ec, 0x0139a000,
	0x00000000, 0x00000000, 0x00000000, 0x00000000,
	0x00000000, 0xc7ff8980, 0x01ffe3eb, 0x013aa000,
	0x00000000, 0x00000000, 0x00000000, 0x00000000,
	0x00000000, 0x87ff8987, 0x01ffe3eb, 0x013ba000,
	0x00000000, 0x00000000, 0x00000000, 0x00000000,
	0x00000000, 0x47ff898e, 0x01ffe3eb, 0x013ca000,
	0x00000000, 0x00000000, 0x00000000, 0x00000000,
	0x00000000, 0x07ff8995, 0x01ffe3eb, 0x013da000,
	0x00000000, 0x00000000, 0x00000000, 0x00000000,
	0x00000000, 0x87ff899b, 0x01ffe3ea, 0x013ea000,
	0x00000000, 0x00000000, 0x00000000, 0x00000000,
	0x00000000, 0x47ff89a2, 0x01ffe3ea, 0x013fa000,
	0x00000000, 0x00000000, 0x00000000, 0x00000000,
	0x00000000, 0x07ff89a9, 0x01ffe3ea, 0x0140a000,
	0x00000000, 0x00000000, 0x00000000, 0x00000000,
	0x00000000, 0xc7ff89b0, 0x01ffe3e9, 0x0141a000,
	0x00000000, 0x00000000, 0x00000000, 0x00000000,
	0x00000000, 0x47ff89b6, 0x01ffe3e9, 0x0142a000,
	0x00000000, 0x00000000, 0x00000000, 0x00000000,
	0x00000000, 0x07ff89bd, 0x01ffe3e9, 0x0143a000,
	0x00000000, 0x00000000, 0x00000000, 0x00000000,
	0x00000000, 0xc7ff89c4, 0x01ffe3e8, 0x0144a000,
	0x00000000, 0x00000000, 0x00000000, 0x00000000,
	0x00000000, 0x87ff89cb, 0x01ffe3e8, 0x0145a000,
	0x00000000, 0x00000000, 0x00000000, 0x00000000,
	0x00000000, 0x07ff89d1, 0x01ffe3e8, 0x0146a000,
	0x00000000, 0x00000000, 0x00000000, 0x00000000,
	0x00000000, 0xc7ff89d8, 0x01ffe3e7, 0x0147a000,
	0x00000000, 0x00000000, 0x00000000, 0x00000000,
	0x00000000, 0x87ff89df, 0x01ffe3e7, 0x0148a000,
	0x00000000, 0x00000000, 0x00000000, 0x00000000,
	0x00000000, 0x07ff89e5, 0x01ffe3e7, 0x0149a000,
	0x00000000, 0x00000000, 0x00000000, 0x00000000,
	0x00000000, 0xc7ff89ec, 0x01ffe3e6, 0x014aa000,
	0x00000000, 0x00000000, 0x00000000, 0x00000000,
	0x00000000, 0x87ff89f3, 0x01ffe3e6, 0x014ba000,
	0x00000000, 0x00000000, 0x00000000, 0x00000000,
	0x00000000, 0x07ff89f9, 0x01ffe3e6, 0x014ca000,
	0x00000000, 0x00000000, 0x00000000, 0x00000000,
	0x00000000, 0xc7ff8a00, 0x01ffe3e5, 0x014da000,
	0x00000000, 0x00000000, 0x00000000, 0x00000000,
	0x00000000, 0x87ff8a07, 0x01ffe3e5, 0x014ea000,
	0x00000000, 0x00000000, 0x00000000, 0x00000000,
	0x00000000, 0x07ff8a0d, 0x01ffe3e5, 0x014fa000,
	0x00000000, 0x00000000, 0x00000000, 0x00000000,
	0x00000000, 0xc7ff8a14, 0x01ffe3e4, 0x0150a000,
	0x00000000, 0x00000000, 0x00000000, 0x00000000,
	0x00000000, 0x47ff8a1a, 0x01ffe3e4, 0x0151a000,
	0x00000000, 0x00000000, 0x00000000, 0x00000000,
	0x00000000, 0x07ff8a21, 0x01ffe3e4, 0x0152a000,
	0x00000000, 0x00000000, 0x00000000, 0x00000000,
	0x00000000, 0xc7ff8a27, 0x01ffe3e3, 0x0153a000,
	0x00000000, 0x00000000, 0x00000000, 0x00000000,
	0x00000000, 0x87ff8a2e, 0x01ffe3e3, 0x0154a000,
	0x00000000, 0x00000000, 0x00000000, 0x00000000,
	0x00000000, 0x07ff8a34, 0x01ffe3e3, 0x0155a000,
	0x00000000, 0x00000000, 0x00000000, 0x00000000,
	0x00000000, 0xc7ff8a3b, 0x01ffe3e2, 0x0156a000,
	0x00000000, 0x00000000, 0x00000000, 0x00000000,
	0x00000000, 0x87ff8a42, 0x01ffe3e2, 0x0157a000,
	0x00000000, 0x00000000, 0x00000000, 0x00000000,
	0x00000000, 0x07ff8a48, 0x01ffe3e2, 0x0158a000,
	0x00000000, 0x00000000, 0x00000000, 0x00000000,
	0x00000000, 0x87ff8a4e, 0x01ffe3e1, 0x0159a000,
	0x00000000, 0x00000000, 0x00000000, 0x00000000,
	0x00000000, 0x47ff8a55, 0x01ffe3e1, 0x015aa000,
	0x00000000, 0x00000000, 0x00000000, 0x00000000,
	0x00000000, 0xc7ff8a5b, 0x01ffe3e0, 0x015ba000,
	0x00000000, 0x00000000, 0x00000000, 0x00000000,
	0x00000000, 0x87ff8a62, 0x01ffe3e0, 0x015ca000,
	0x00000000, 0x00000000, 0x00000000, 0x00000000,
	0x00000000, 0x07ff8a68, 0x01ffe3e0, 0x015da000,
	0x00000000, 0x00000000, 0x00000000, 0x00000000,
	0x00000000, 0xc7ff8a6f, 0x01ffe3df, 0x015ea000,
	0x00000000, 0x00000000, 0x00000000, 0x00000000,
	0x00000000, 0x47ff8a75, 0x01ffe3df, 0x015fa000,
	0x00000000, 0x00000000, 0x00000000, 0x00000000,
	0x00000000, 0x07ff8a7c, 0x01ffe3df, 0x0160a000,
	0x00000000, 0x00000000, 0x00000000, 0x00000000,
	0x00000000, 0x87ff8a82, 0x01ffe3de, 0x0161a000,
	0x00000000, 0x00000000, 0x00000000, 0x00000000,
	0x00000000, 0x07ff8a88, 0x01ffe3de, 0x0162a000,
	0x00000000, 0x00000000, 0x00000000, 0x00000000,
	0x00000000, 0xc7ff8a8f, 0x01ffe3dd, 0x0163a000,
	0x00000000, 0x00000000, 0x00000000, 0x00000000,
	0x00000000, 0x47ff8a95, 0x01ffe3dd, 0x0164a000,
	0x00000000, 0x00000000, 0x00000000, 0x00000000,
	0x00000000, 0xc7ff8a9b, 0x01ffe3dc, 0x0165a000,
	0x00000000, 0x00000000, 0x00000000, 0x00000000,
	0x00000000, 0x87ff8aa2, 0x01ffe3dc, 0x0166a000,
	0x00000000, 0x00000000, 0x00000000, 0x00000000,
	0x00000000, 0x07ff8aa8, 0x01ffe3dc, 0x0167a000,
	0x00000000, 0x00000000, 0x00000000, 0x00000000,
	0x00000000, 0x87ff8aae, 0x01ffe3db, 0x0168a000,
	0x00000000, 0x00000000, 0x00000000, 0x00000000,
	0x00000000, 0x47ff8ab5, 0x01ffe3db, 0x0169a000,
	0x00000000, 0x00000000, 0x00000000, 0x00000000,
	0x00000000, 0xc7ff8abb, 0x01ffe3da, 0x016aa000,
	0x00000000, 0x00000000, 0x00000000, 0x00000000,
	0x00000000, 0x47ff8ac1, 0x01ffe3da, 0x016ba000,
	0x00000000, 0x00000000, 0x00000000, 0x00000000,
	0x00000000, 0x07ff8ac8, 0x01ffe3da, 0x016ca000,
	0x00000000, 0x00000000, 0x00000000, 0x00000000,
	0x00000000, 0x87ff8ace, 0x01ffe3d9, 0x016da000,
	0x00000000, 0x00000000, 0x00000000, 0x00000000,
	0x00000000, 0x07ff8ad4, 0x01ffe3d9, 0x016ea000,
	0x00000000, 0x00000000, 0x00000000, 0x00000000,
	0x00000000, 0x87ff8ada, 0x01ffe3d8, 0x016fa000,
	0x00000000, 0x00000000, 0x00000000, 0x00000000,
	0x00000000, 0x07ff8ae0, 0x01ffe3d8, 0x0170a000,
	0x00000000, 0x00000000, 0x00000000, 0x00000000,
	0x00000000, 0xc7ff8ae7, 0x01ffe3d7, 0x0171a000,
	0x00000000, 0x00000000, 0x00000000, 0x00000000,
	0x00000000, 0x47ff8aed, 0x01ffe3d7, 0x0172a000,
	0x00000000, 0x00000000, 0x00000000, 0x00000000,
	0x00000000, 0xc7ff8af3, 0x01ffe3d6, 0x0173a000,
	0x00000000, 0x00000000, 0x00000000, 0x00000000,
	0x00000000, 0x47ff8af9, 0x01ffe3d6, 0x0174a000,
	0x00000000, 0x00000000, 0x00000000, 0x00000000,
	0x00000000, 0xc7ff8aff, 0x01ffe3d5, 0x0175a000,
	0x00000000, 0x00000000, 0x00000000, 0x00000000,
	0x00000000, 0x87ff8b06, 0x01ffe3d5, 0x0176a000,
	0x00000000, 0x00000000, 0x00000000, 0x00000000,
	0x00000000, 0x07ff8b0c, 0x01ffe3d5, 0x0177a000,
	0x00000000, 0x00000000, 0x00000000, 0x00000000,
	0x00000000, 0x87ff8b12, 0x01ffe3d4, 0x0178a000,
	0x00000000, 0x00000000, 0x00000000, 0x00000000,
	0x00000000, 0x07ff8b18, 0x01ffe3d4, 0x0179a000,
	0x00000000, 0x00000000, 0x00000000, 0x00000000,
	0x00000000, 0x87ff8b1e, 0x01ffe3d3, 0x017aa000,
	0x00000000, 0x00000000, 0x00000000, 0x00000000,
	0x00000000, 0x07ff8b24, 0x01ffe3d3, 0x017ba000,
	0x00000000, 0x00000000, 0x00000000, 0x00000000,
	0x00000000, 0x87ff8b2a, 0x01ffe3d2, 0x017ca000,
	0x00000000, 0x00000000, 0x00000000, 0x00000000,
	0x00000000, 0x07ff8b30, 0x01ffe3d2, 0x017da000,
	0x00000000, 0x00000000, 0x00000000, 0x00000000,
	0x00000000, 0x87ff8b36, 0x01ffe3d1, 0x017ea000,
	0x00000000, 0x00000000, 0x00000000, 0x00000000,
	0x00000000, 0x07ff8b3c, 0x01ffe3d1, 0x017fa000,
	0x00000000, 0x00000000, 0x00000000, 0x00000000,
	0x00000000, 0x87ff8b42, 0x01ffe3d0, 0x0180a000,
	0x00000000, 0x00000000, 0x00000000, 0x00000000,
	0x00000000, 0xc7ff8b47, 0x01ffe3cf, 0x0181a000,
	0x00000000, 0x00000000, 0x00000000, 0x00000000,
	0x00000000, 0xc7ff8b47, 0x01ffe3cd, 0x0182a000,
	0x00000000, 0x00000000, 0x00000000, 0x00000000,
	0x00000000, 0xc7ff8b47, 0x01ffe3cb, 0x0183a000,
	0x00000000, 0x00000000, 0x00000000, 0x00000000,
	0x00000000, 0xc7ff8b47, 0x01ffe3c9, 0x0184a000,
	0x00000000, 0x00000000, 0x00000000, 0x00000000,
	0x00000000, 0xc7ff8b47, 0x01ffe3c7, 0x0185a000,
	0x00000000, 0x00000000, 0x00000000, 0x00000000,
	0x00000000, 0xc7ff8b47, 0x01ffe3c5, 0x0186a000,
	0x00000000, 0x00000000, 0x00000000, 0x00000000,
	0x00000000, 0xc7ff8b47, 0x01ffe3c3, 0x0187a000,
	0x00000000, 0x00000000, 0x00000000, 0x00000000,
	0x00000000, 0xc7ff8b47, 0x01ffe3c1, 0x0188a000,
	0x00000000, 0x00000000, 0x00000000, 0x00000000,
	0x00000000, 0xc7ff8b47, 0x01ffe3bf, 0x0189a000,
	0x00000000, 0x00000000, 0x00000000, 0x00000000,
	0x00000000, 0xc7ff8b47, 0x01ffe3bd, 0x018aa000,
	0x00000000, 0x00000000, 0x00000000, 0x00000000,
	0x00000000, 0xc7ff8b47, 0x01ffe3bb, 0x018ba000,
	0x00000000, 0x00000000, 0x00000000, 0x00000000,
	0x00000000, 0xc7ff8b47, 0x01ffe3b9, 0x018ca000,
	0x00000000, 0x00000000, 0x00000000, 0x00000000,
	0x00000000, 0xc7ff8b47, 0x01ffe3b7, 0x018da000,
	0x00000000, 0x00000000, 0x00000000, 0x00000000,
	0x00000000, 0xc7ff8b47, 0x01ffe3b5, 0x018ea000,
	0x00000000, 0x00000000, 0x00000000, 0x00000000,
	0x00000000, 0xc7ff8b47, 0x01ffe3b3, 0x018fa000,
	0x00000000, 0x00000000, 0x00000000, 0x00000000,
	0x00000000, 0xc7ff8b47, 0x01ffe3b1, 0x0190a000,
	0x00000000, 0x00000000, 0x00000000, 0x00000000,
	0x00000000, 0xc7ff8b47, 0x01ffe3af, 0x0191a000,
	0x00000000, 0x00000000, 0x00000000, 0x00000000,
	0x00000000, 0xc7ff8b47, 0x01ffe3ad, 0x0192a000,
	0x00000000, 0x00000000, 0x00000000, 0x00000000,
	0x00000000, 0xc7ff8b47, 0x01ffe3ab, 0x0193a000,
	0x00000000, 0x00000000, 0x00000000, 0x00000000,
	0x00000000, 0xc7ff8b47, 0x01ffe3a9, 0x0194a000,
	0x00000000, 0x00000000, 0x00000000, 0x00000000,
	0x00000000, 0xc7ff8b47, 0x01ffe3a7, 0x0195a000,
	0x00000000, 0x00000000, 0x00000000, 0x00000000,
	0x00000000, 0xc7ff8b47, 0x01ffe3a5, 0x0196a000,
	0x00000000, 0x00000000, 0x00000000, 0x00000000,
	0x00000000, 0xc7ff8b47, 0x01ffe3a3, 0x0197a000,
	0x00000000, 0x00000000, 0x00000000, 0x00000000,
	0x00000000, 0xc7ff8b47, 0x01ffe3a1, 0x0198a000,
	0x00000000, 0x00000000, 0x00000000, 0x00000000,
	0x00000000, 0xc7ff8b47, 0x01ffe39f, 0x0199a000,
	0x00000000, 0x00000000, 0x00000000, 0x00000000,
	0x00000000, 0xc7ff8b47, 0x01ffe39d, 0x019aa000,
	0x00000000, 0x00000000, 0x00000000, 0x00000000,
	0x00000000, 0xc7ff8b47, 0x01ffe39b, 0x019ba000,
	0x00000000, 0x00000000, 0x00000000, 0x00000000,
	0x00000000, 0xc7ff8b47, 0x01ffe399, 0x019ca000,
	0x00000000, 0x00000000, 0x00000000, 0x00000000,
	0x00000000, 0xc7ff8b47, 0x01ffe397, 0x019da000,
	0x00000000, 0x00000000, 0x00000000, 0x00000000,
	0x00000000, 0xc7ff8b47, 0x01ffe395, 0x019ea000,
	0x00000000, 0x00000000, 0x00000000, 0x00000000,
	0x00000000, 0xc7ff8b47, 0x01ffe393, 0x019fa000,
	0x00000000, 0x00000000, 0x00000000, 0x00000000,
	0x00000000, 0xc7ff8b47, 0x01ffe391, 0x01a0a000,
	0x00000000, 0x00000000, 0x00000000, 0x00000000,
	0x00000000, 0xc7ff8b47, 0x01ffe38f, 0x01a1a000,
	0x00000000, 0x00000000, 0x00000000, 0x00000000,
	0x00000000, 0xc7ff8b47, 0x01ffe38d, 0x01a2a000,
	0x00000000, 0x00000000, 0x00000000, 0x00000000,
	0x00000000, 0xc7ff8b47, 0x01ffe38b, 0x01a3a000,
	0x00000000, 0x00000000, 0x00000000, 0x00000000,
	0x00000000, 0xc7ff8b47, 0x01ffe389, 0x01a4a000,
	0x00000000, 0x00000000, 0x00000000, 0x00000000,
	0x00000000, 0xc7ff8b47, 0x01ffe387, 0x01a5a000,
	0x00000000, 0x00000000, 0x00000000, 0x00000000,
	0x00000000, 0xc7ff8b47, 0x01ffe385, 0x01a6a000,
	0x00000000, 0x00000000, 0x00000000, 0x00000000,
	0x00000000, 0xc7ff8b47, 0x01ffe383, 0x01a7a000,
	0x00000000, 0x00000000, 0x00000000, 0x00000000,
	0x00000000, 0xc7ff8b47, 0x01ffe381, 0x01a8a000,
	0x00000000, 0x00000000, 0x00000000, 0x00000000,
	0x00000000, 0xc7ff8b47, 0x01ffe37f, 0x01a9a000,
	0x00000000, 0x00000000, 0x00000000, 0x00000000,
	0x00000000, 0xc7ff8b47, 0x01ffe37d, 0x01aaa000,
	0x00000000, 0x00000000, 0x00000000, 0x00000000,
	0x00000000, 0xc7ff8b47, 0x01ffe37b, 0x01aba000,
	0x00000000, 0x00000000, 0x00000000, 0x00000000,
	0x00000000, 0xc7ff8b47, 0x01ffe379, 0x01aca000,
	0x00000000, 0x00000000, 0x00000000, 0x00000000,
	0x00000000, 0xc7ff8b47, 0x01ffe377, 0x01ada000,
	0x00000000, 0x00000000, 0x00000000, 0x00000000,
	0x00000000, 0xc7ff8b47, 0x01ffe375, 0x01aea000,
	0x00000000, 0x00000000, 0x00000000, 0x00000000,
	0x00000000, 0xc7ff8b47, 0x01ffe373, 0x01afa000,
	0x00000000, 0x00000000, 0x00000000, 0x00000000,
	0x00000000, 0xc7ff8b47, 0x01ffe371, 0x01b0a000,
	0x00000000, 0x00000000, 0x00000000, 0x00000000,
	0x00000000, 0xc7ff8b47, 0x01ffe36f, 0x01b1a000,
	0x00000000, 0x00000000, 0x00000000, 0x00000000,
	0x00000000, 0xc7ff8b47, 0x01ffe36d, 0x01b2a000,
	0x00000000, 0x00000000, 0x00000000, 0x00000000,
	0x00000000, 0xc7ff8b47, 0x01ffe36b, 0x01b3a000,
	0x00000000, 0x00000000, 0x00000000, 0x00000000,
	0x00000000, 0xc7ff8b47, 0x01ffe369, 0x01b4a000,
	0x00000000, 0x00000000, 0x00000000, 0x00000000,
	0x00000000, 0xc7ff8b47, 0x01ffe367, 0x01b5a000,
	0x00000000, 0x00000000, 0x00000000, 0x00000000,
	0x00000000, 0xc7ff8b47, 0x01ffe365, 0x01b6a000,
	0x00000000, 0x00000000, 0x00000000, 0x00000000,
	0x00000000, 0xc7ff8b47, 0x01ffe363, 0x01b7a000,
	0x00000000, 0x00000000, 0x00000000, 0x00000000,
	0x00000000, 0xc7ff8b47, 0x01ffe361, 0x01b8a000,
	0x00000000, 0x00000000, 0x00000000, 0x00000000,
	0x00000000, 0xc7ff8b47, 0x01ffe35f, 0x01b9a000,
	0x00000000, 0x00000000, 0x00000000, 0x00000000,
	0x00000000, 0xc7ff8b47, 0x01ffe35d, 0x01baa000,
	0x00000000, 0x00000000, 0x00000000, 0x00000000,
	0x00000000, 0xc7ff8b47, 0x01ffe35b, 0x01bba000,
	0x00000000, 0x00000000, 0x00000000, 0x00000000,
	0x00000000, 0xc7ff8b47, 0x01ffe359, 0x01bca000,
	0x00000000, 0x00000000, 0x00000000, 0x00000000,
	0x00000000, 0xc7ff8b47, 0x01ffe357, 0x01bda000,
	0x00000000, 0x00000000, 0x00000000, 0x00000000,
	0x00000000, 0xc7ff8b47, 0x01ffe355, 0x01bea000,
	0x00000000, 0x00000000, 0x00000000, 0x00000000,
	0x00000000, 0xc7ff8b47, 0x01ffe353, 0x01bfa000,
	0x00000000, 0x00000000, 0x00000000, 0x00000000,
	0x00000000, 0xc7ff8b47, 0x01ffe351, 0x01c0a000,
	0x00000000, 0x00000000, 0x00000000, 0x00000000,
	0x00000000, 0xc7ff8b47, 0x01ffe34f, 0x01c1a000,
	0x00000000, 0x00000000, 0x00000000, 0x00000000,
	0x00000000, 0xc7ff8b47, 0x01ffe34d, 0x01c2a000,
	0x00000000, 0x00000000, 0x00000000, 0x00000000,
	0x00000000, 0xc7ff8b47, 0x01ffe34b, 0x01c3a000,
	0x00000000, 0x00000000, 0x00000000, 0x00000000,
	0x00000000, 0xc7ff8b47, 0x01ffe349, 0x01c4a000,
	0x00000000, 0x00000000, 0x00000000, 0x00000000,
	0x00000000, 0xc7ff8b47, 0x01ffe347, 0x01c5a000,
	0x00000000, 0x00000000, 0x00000000, 0x00000000,
	0x00000000, 0xc7ff8b47, 0x01ffe345, 0x01c6a000,
	0x00000000, 0x00000000, 0x00000000, 0x00000000,
	0x00000000, 0xc7ff8b47, 0x01ffe343, 0x01c7a000,
	0x00000000, 0x00000000, 0x00000000, 0x00000000,
	0x00000000, 0xc7ff8b47, 0x01ffe341, 0x01c8a000,
	0x00000000, 0x00000000, 0x00000000, 0x00000000,
	0x00000000, 0xc7ff8b47, 0x01ffe33f, 0x01c9a000,
	0x00000000, 0x00000000, 0x00000000, 0x00000000,
	0x00000000, 0xc7ff8b47, 0x01ffe33d, 0x01caa000,
	0x00000000, 0x00000000, 0x00000000, 0x00000000,
	0x00000000, 0xc7ff8b47, 0x01ffe33b, 0x01cba000,
	0x00000000, 0x00000000, 0x00000000, 0x00000000,
	0x00000000, 0xc7ff8b47, 0x01ffe339, 0x01cca000,
	0x00000000, 0x00000000, 0x00000000, 0x00000000,
	0x00000000, 0xc7ff8b47, 0x01ffe337, 0x01cda000,
	0x00000000, 0x00000000, 0x00000000, 0x00000000,
	0x00000000, 0xc7ff8b47, 0x01ffe335, 0x01cea000,
	0x00000000, 0x00000000, 0x00000000, 0x00000000,
	0x00000000, 0xc7ff8b47, 0x01ffe333, 0x01cfa000,
	0x00000000, 0x00000000, 0x00000000, 0x00000000,
	0x00000000, 0xc7ff8b47, 0x01ffe331, 0x01d0a000,
	0x00000000, 0x00000000, 0x00000000, 0x00000000,
	0x00000000, 0xc7ff8b47, 0x01ffe32f, 0x01d1a000,
	0x00000000, 0x00000000, 0x00000000, 0x00000000,
	0x00000000, 0xc7ff8b47, 0x01ffe32d, 0x01d2a000,
	0x00000000, 0x00000000, 0x00000000, 0x00000000,
	0x00000000, 0xc7ff8b47, 0x01ffe32b, 0x01d3a000,
	0x00000000, 0x00000000, 0x00000000, 0x00000000,
	0x00000000, 0xc7ff8b47, 0x01ffe329, 0x01d4a000,
	0x00000000, 0x00000000, 0x00000000, 0x00000000,
	0x00000000, 0xc7ff8b47, 0x01ffe327, 0x01d5a000,
	0x00000000, 0x00000000, 0x00000000, 0x00000000,
	0x00000000, 0xc7ff8b47, 0x01ffe325, 0x01d6a000,
	0x00000000, 0x00000000, 0x00000000, 0x00000000,
	0x00000000, 0xc7ff8b47, 0x01ffe323, 0x01d7a000,
	0x00000000, 0x00000000, 0x00000000, 0x00000000,
	0x00000000, 0xc7ff8b47, 0x01ffe321, 0x01d8a000,
	0x00000000, 0x00000000, 0x00000000, 0x00000000,
	0x00000000, 0xc7ff8b47, 0x01ffe31f, 0x01d9a000,
	0x00000000, 0x00000000, 0x00000000, 0x00000000,
	0x00000000, 0xc7ff8b47, 0x01ffe31d, 0x01daa000,
	0x00000000, 0x00000000, 0x00000000, 0x00000000,
	0x00000000, 0xc7ff8b47, 0x01ffe31b, 0x01dba000,
	0x00000000, 0x00000000, 0x00000000, 0x00000000,
	0x00000000, 0xc7ff8b47, 0x01ffe319, 0x01dca000,
	0x00000000, 0x00000000, 0x00000000, 0x00000000,
	0x00000000, 0xc7ff8b47, 0x01ffe317, 0x01dda000,
	0x00000000, 0x00000000, 0x00000000, 0x00000000,
	0x00000000, 0xc7ff8b47, 0x01ffe315, 0x01dea000,
	0x00000000, 0x00000000, 0x00000000, 0x00000000,
	0x00000000, 0xc7ff8b47, 0x01ffe313, 0x01dfa000,
	0x00000000, 0x00000000, 0x00000000, 0x00000000,
	0x00000000, 0xc7ff8b47, 0x01ffe311, 0x01e0a000,
	0x00000000, 0x00000000, 0x00000000, 0x00000000,
	0x00000000, 0xc7ff8b47, 0x01ffe30f, 0x01e1a000,
	0x00000000, 0x00000000, 0x00000000, 0x00000000,
	0x00000000, 0xc7ff8b47, 0x01ffe30d, 0x01e2a000,
	0x00000000, 0x00000000, 0x00000000, 0x00000000,
	0x00000000, 0xc7ff8b47, 0x01ffe30b, 0x01e3a000,
	0x00000000, 0x00000000, 0x00000000, 0x00000000,
	0x00000000, 0xc7ff8b47, 0x01ffe309, 0x01e4a000,
	0x00000000, 0x00000000, 0x00000000, 0x00000000,
	0x00000000, 0xc7ff8b47, 0x01ffe307, 0x01e5a000,
	0x00000000, 0x00000000, 0x00000000, 0x00000000,
	0x00000000, 0xc7ff8b47, 0x01ffe305, 0x01e6a000,
	0x00000000, 0x00000000, 0x00000000, 0x00000000,
	0x00000000, 0xc7ff8b47, 0x01ffe303, 0x01e7a000,
	0x00000000, 0x00000000, 0x00000000, 0x00000000,
	0x00000000, 0xc7ff8b47, 0x01ffe301, 0x01e8a000,
	0x00000000, 0x00000000, 0x00000000, 0x00000000,
	0x00000000, 0xc7ff8b47, 0x01ffe2ff, 0x01e9a000,
	0x00000000, 0x00000000, 0x00000000, 0x00000000,
	0x00000000, 0xc7ff8b47, 0x01ffe2fd, 0x01eaa000,
	0x00000000, 0x00000000, 0x00000000, 0x00000000,
	0x00000000, 0xc7ff8b47, 0x01ffe2fb, 0x01eba000,
	0x00000000, 0x00000000, 0x00000000, 0x00000000,
	0x00000000, 0xc7ff8b47, 0x01ffe2f9, 0x01eca000,
	0x00000000, 0x00000000, 0x00000000, 0x00000000,
	0x00000000, 0xc7ff8b47, 0x01ffe2f7, 0x01eda000,
	0x00000000, 0x00000000, 0x00000000, 0x00000000,
	0x00000000, 0xc7ff8b47, 0x01ffe2f5, 0x01eea000,
	0x00000000, 0x00000000, 0x00000000, 0x00000000,
	0x00000000, 0xc7ff8b47, 0x01ffe2f3, 0x01efa000,
	0x00000000, 0x00000000, 0x00000000, 0x00000000,
	0x00000000, 0xc7ff8b47, 0x01ffe2f1, 0x01f0a000,
	0x00000000, 0x00000000, 0x00000000, 0x00000000,
	0x00000000, 0xc7ff8b47, 0x01ffe2ef, 0x01f1a000,
	0x00000000, 0x00000000, 0x00000000, 0x00000000,
	0x00000000, 0xc7ff8b47, 0x01ffe2ed, 0x01f2a000,
	0x00000000, 0x00000000, 0x00000000, 0x00000000,
	0x00000000, 0xc7ff8b47, 0x01ffe2eb, 0x01f3a000,
	0x00000000, 0x00000000, 0x00000000, 0x00000000,
	0x00000000, 0xc7ff8b47, 0x01ffe2e9, 0x01f4a000,
	0x00000000, 0x00000000, 0x00000000, 0x00000000,
	0x00000000, 0xc7ff8b47, 0x01ffe2e7, 0x01f5a000,
	0x00000000, 0x00000000, 0x00000000, 0x00000000,
	0x00000000, 0xc7ff8b47, 0x01ffe2e5, 0x01f6a000,
	0x00000000, 0x00000000, 0x00000000, 0x00000000,
	0x00000000, 0xc7ff8b47, 0x01ffe2e3, 0x01f7a000,
	0x00000000, 0x00000000, 0x00000000, 0x00000000,
	0x00000000, 0xc7ff8b47, 0x01ffe2e1, 0x01f8a000,
	0x00000000, 0x00000000, 0x00000000, 0x00000000,
	0x00000000, 0xc7ff8b47, 0x01ffe2df, 0x01f9a000,
	0x00000000, 0x00000000, 0x00000000, 0x00000000,
	0x00000000, 0xc7ff8b47, 0x01ffe2dd, 0x01faa000,
	0x00000000, 0x00000000, 0x00000000, 0x00000000,
	0x00000000, 0xc7ff8b47, 0x01ffe2db, 0x01fba000,
	0x00000000, 0x00000000, 0x00000000, 0x00000000,
	0x00000000, 0xc7ff8b47, 0x01ffe2d9, 0x01fca000,
	0x00000000, 0x00000000, 0x00000000, 0x00000000,
	0x00000000, 0xc7ff8b47, 0x01ffe2d7, 0x01fda000,
	0x00000000, 0x00000000, 0x00000000, 0x00000000,
	0x00000000, 0xc7ff8b47, 0x01ffe2d5, 0x01fea000,
	0x00000000, 0x00000000, 0x00000000, 0x00000000,
	0x00000000, 0xc7ff8b47, 0x01ffe2d3, 0x01ffa000,
	0x00000000, 0x00000000, 0x00000000, 0x00000000
};

uint32_t idk_ut_5005_ipt_ipt_md_lut[] = {
	0x00000000, 0x00000000, 0x00000000, 0x00000000,
	0x00000000, 0x00000000, 0x00000000, 0x00000000,
	0x00000000, 0x00000000, 0x00000000, 0x00010000,
	0x00000000, 0x00000000, 0x00000000, 0x00000000,
	0x00000000, 0x00000000, 0x00000000, 0x00020000,
	0x00000000, 0x00000000, 0x00000000, 0x00000000,
	0x00000000, 0x00000000, 0x00000000, 0x00030000,
	0x00000000, 0x00000000, 0x00000000, 0x00000000,
	0x0000006e, 0x00000000, 0x00000000, 0x00040000,
	0x00000000, 0x00000000, 0x00000000, 0x00000000,
	0x00000000, 0x00000000, 0x00000000, 0x00050000,
	0x00000000, 0x00000000, 0x00000000, 0x00000000,
	0x00000001, 0x00000000, 0x00000000, 0x00060000,
	0x00000000, 0x00000000, 0x00000000, 0x00000000,
	0x00000020, 0x00000000, 0x00000000, 0x00070000,
	0x00000000, 0x00000000, 0x00000000, 0x00000000,
	0x00000000, 0x00000000, 0x00000000, 0x00080000,
	0x00000000, 0x00000000, 0x00000000, 0x00000000,
	0x00000003, 0x00000000, 0x00000000, 0x00090000,
	0x00000000, 0x00000000, 0x00000000, 0x00000000,
	0x0000001f, 0x00000000, 0x00000000, 0x000a0000,
	0x00000000, 0x00000000, 0x00000000, 0x00000000,
	0x00000006, 0x00000000, 0x00000000, 0x000b0000,
	0x00000000, 0x00000000, 0x00000000, 0x00000000,
	0x00000091, 0x00000000, 0x00000000, 0x000c0000,
	0x00000000, 0x00000000, 0x00000000, 0x00000000,
	0x00000020, 0x00000000, 0x00000000, 0x000d0000,
	0x00000000, 0x00000000, 0x00000000, 0x00000000,
	0x00000000, 0x00000000, 0x00000000, 0x000e0000,
	0x00000000, 0x00000000, 0x00000000, 0x00000000,
	0x000000fc, 0x00000000, 0x00000000, 0x000f0000,
	0x00000000, 0x00000000, 0x00000000, 0x00000000,
	0x0000005b, 0x00000000, 0x00000000, 0x00100000,
	0x00000000, 0x00000000, 0x00000000, 0x00000000,
	0x00000004, 0x00000000, 0x00000000, 0x00110000,
	0x00000000, 0x00000000, 0x00000000, 0x00000000,
	0x00000043, 0x00000000, 0x00000000, 0x00120000,
	0x00000000, 0x00000000, 0x00000000, 0x00000000,
	0x00000020, 0x00000000, 0x00000000, 0x00130000,
	0x00000000, 0x00000000, 0x00000000, 0x00000000,
	0x00000000, 0x00000000, 0x00000000, 0x00140000,
	0x00000000, 0x00000000, 0x00000000, 0x00000000,
	0x00000001, 0x00000000, 0x00000000, 0x00150000,
	0x00000000, 0x00000000, 0x00000000, 0x00000000,
	0x0000000b, 0x00000000, 0x00000000, 0x00160000,
	0x00000000, 0x00000000, 0x00000000, 0x00000000,
	0x000000ea, 0x00000000, 0x00000000, 0x00170000,
	0x00000000, 0x00000000, 0x00000000, 0x00000000,
	0x00000057, 0x00000000, 0x00000000, 0x00180000,
	0x00000000, 0x00000000, 0x00000000, 0x00000000,
	0x00000000, 0x00000000, 0x00000000, 0x00190000,
	0x00000000, 0x00000000, 0x00000000, 0x00000000,
	0x00000000, 0x00000000, 0x00000000, 0x001a0000,
	0x00000000, 0x00000000, 0x00000000, 0x00000000,
	0x00000000, 0x00000000, 0x00000000, 0x001b0000,
	0x00000000, 0x00000000, 0x00000000, 0x00000000,
	0x00000000, 0x00000000, 0x00000000, 0x001c0000,
	0x00000000, 0x00000000, 0x00000000, 0x00000000,
	0x00000008, 0x00000000, 0x00000000, 0x001d0000,
	0x00000000, 0x00000000, 0x00000000, 0x00000000,
	0x00000000, 0x00000000, 0x00000000, 0x001e0000,
	0x00000000, 0x00000000, 0x00000000, 0x00000000,
	0x00000000, 0x00000000, 0x00000000, 0x001f0000,
	0x00000000, 0x00000000, 0x00000000, 0x00000000,
	0x00000000, 0x00000000, 0x00000000, 0x00200000,
	0x00000000, 0x00000000, 0x00000000, 0x00000000,
	0x00000008, 0x00000000, 0x00000000, 0x00210000,
	0x00000000, 0x00000000, 0x00000000, 0x00000000,
	0x00000000, 0x00000000, 0x00000000, 0x00220000,
	0x00000000, 0x00000000, 0x00000000, 0x00000000,
	0x00000000, 0x00000000, 0x00000000, 0x00230000,
	0x00000000, 0x00000000, 0x00000000, 0x00000000,
	0x00000000, 0x00000000, 0x00000000, 0x00240000,
	0x00000000, 0x00000000, 0x00000000, 0x00000000,
	0x00000042, 0x00000000, 0x00000000, 0x00250000,
	0x00000000, 0x00000000, 0x00000000, 0x00000000,
	0x000000b9, 0x00000000, 0x00000000, 0x00260000,
	0x00000000, 0x00000000, 0x00000000, 0x00000000,
	0x000000fe, 0x00000000, 0x00000000, 0x00270000,
	0x00000000, 0x00000000, 0x00000000, 0x00000000,
	0x000000a3, 0x00000000, 0x00000000, 0x00280000,
	0x00000000, 0x00000000, 0x00000000, 0x00000000,
	0x000000fe, 0x00000000, 0x00000000, 0x00290000,
	0x00000000, 0x00000000, 0x00000000, 0x00000000,
	0x000000a3, 0x00000000, 0x00000000, 0x002a0000,
	0x00000000, 0x00000000, 0x00000000, 0x00000000,
	0x000000fe, 0x00000000, 0x00000000, 0x002b0000,
	0x00000000, 0x00000000, 0x00000000, 0x00000000,
	0x000000a3, 0x00000000, 0x00000000, 0x002c0000,
	0x00000000, 0x00000000, 0x00000000, 0x00000000,
	0x00000042, 0x00000000, 0x00000000, 0x002d0000,
	0x00000000, 0x00000000, 0x00000000, 0x00000000,
	0x000000b9, 0x00000000, 0x00000000, 0x002e0000,
	0x00000000, 0x00000000, 0x00000000, 0x00000000,
	0x000000fe, 0x00000000, 0x00000000, 0x002f0000,
	0x00000000, 0x00000000, 0x00000000, 0x00000000,
	0x000000a3, 0x00000000, 0x00000000, 0x00300000,
	0x00000000, 0x00000000, 0x00000000, 0x00000000,
	0x000000fe, 0x00000000, 0x00000000, 0x00310000,
	0x00000000, 0x00000000, 0x00000000, 0x00000000,
	0x000000a3, 0x00000000, 0x00000000, 0x00320000,
	0x00000000, 0x00000000, 0x00000000, 0x00000000,
	0x000000fe, 0x00000000, 0x00000000, 0x00330000,
	0x00000000, 0x00000000, 0x00000000, 0x00000000,
	0x000000a3, 0x00000000, 0x00000000, 0x00340000,
	0x00000000, 0x00000000, 0x00000000, 0x00000000,
	0x00000042, 0x00000000, 0x00000000, 0x00350000,
	0x00000000, 0x00000000, 0x00000000, 0x00000000,
	0x000000b9, 0x00000000, 0x00000000, 0x00360000,
	0x00000000, 0x00000000, 0x00000000, 0x00000000,
	0x000000ff, 0x00000000, 0x00000000, 0x00370000,
	0x00000000, 0x00000000, 0x00000000, 0x00000000,
	0x000000ff, 0x00000000, 0x00000000, 0x00380000,
	0x00000000, 0x00000000, 0x00000000, 0x00000000,
	0x00000000, 0x00000000, 0x00000000, 0x00390000,
	0x00000000, 0x00000000, 0x00000000, 0x00000000,
	0x00000000, 0x00000000, 0x00000000, 0x003a0000,
	0x00000000, 0x00000000, 0x00000000, 0x00000000,
	0x00000000, 0x00000000, 0x00000000, 0x003b0000,
	0x00000000, 0x00000000, 0x00000000, 0x00000000,
	0x00000000, 0x00000000, 0x00000000, 0x003c0000,
	0x00000000, 0x00000000, 0x00000000, 0x00000000,
	0x00000000, 0x00000000, 0x00000000, 0x003d0000,
	0x00000000, 0x00000000, 0x00000000, 0x00000000,
	0x00000000, 0x00000000, 0x00000000, 0x003e0000,
	0x00000000, 0x00000000, 0x00000000, 0x00000000,
	0x00000000, 0x00000000, 0x00000000, 0x003f0000,
	0x00000000, 0x00000000, 0x00000000, 0x00000000,
	0x00000000, 0x00000000, 0x00000000, 0x00400000,
	0x00000000, 0x00000000, 0x00000000, 0x00000000,
	0x0000000c, 0x00000000, 0x00000000, 0x00410000,
	0x00000000, 0x00000000, 0x00000000, 0x00000000,
	0x00000002, 0x00000000, 0x00000000, 0x00420000,
	0x00000000, 0x00000000, 0x00000000, 0x00000000,
	0x00000001, 0x00000000, 0x00000000, 0x00430000,
	0x00000000, 0x00000000, 0x00000000, 0x00000000,
	0x00000001, 0x00000000, 0x00000000, 0x00440000,
	0x00000000, 0x00000000, 0x00000000, 0x00000000,
	0x00000000, 0x00000000, 0x00000000, 0x00450000,
	0x00000000, 0x00000000, 0x00000000, 0x00000000,
	0x0000003e, 0x00000000, 0x00000000, 0x00460000,
	0x00000000, 0x00000000, 0x00000000, 0x00000000,
	0x0000000e, 0x00000000, 0x00000000, 0x00470000,
	0x00000000, 0x00000000, 0x00000000, 0x00000000,
	0x00000070, 0x00000000, 0x00000000, 0x00480000,
	0x00000000, 0x00000000, 0x00000000, 0x00000000,
	0x00000000, 0x00000000, 0x00000000, 0x00490000,
	0x00000000, 0x00000000, 0x00000000, 0x00000000,
	0x0000002a, 0x00000000, 0x00000000, 0x004a0000,
	0x00000000, 0x00000000, 0x00000000, 0x00000000,
	0x00000003, 0x00000000, 0x00000000, 0x004b0000,
	0x00000000, 0x00000000, 0x00000000, 0x00000000,
	0x00000000, 0x00000000, 0x00000000, 0x004c0000,
	0x00000000, 0x00000000, 0x00000000, 0x00000000,
	0x00000000, 0x00000000, 0x00000000, 0x004d0000,
	0x00000000, 0x00000000, 0x00000000, 0x00000000,
	0x00000000, 0x00000000, 0x00000000, 0x004e0000,
	0x00000000, 0x00000000, 0x00000000, 0x00000000,
	0x00000006, 0x00000000, 0x00000000, 0x004f0000,
	0x00000000, 0x00000000, 0x00000000, 0x00000000,
	0x00000001, 0x00000000, 0x00000000, 0x00500000,
	0x00000000, 0x00000000, 0x00000000, 0x00000000,
	0x00000000, 0x00000000, 0x00000000, 0x00510000,
	0x00000000, 0x00000000, 0x00000000, 0x00000000,
	0x00000047, 0x00000000, 0x00000000, 0x00520000,
	0x00000000, 0x00000000, 0x00000000, 0x00000000,
	0x0000000d, 0x00000000, 0x00000000, 0x00530000,
	0x00000000, 0x00000000, 0x00000000, 0x00000000,
	0x0000002d, 0x00000000, 0x00000000, 0x00540000,
	0x00000000, 0x00000000, 0x00000000, 0x00000000,
	0x00000003, 0x00000000, 0x00000000, 0x00550000,
	0x00000000, 0x00000000, 0x00000000, 0x00000000,
	0x000000c2, 0x00000000, 0x00000000, 0x00560000,
	0x00000000, 0x00000000, 0x00000000, 0x00000000,
	0x00000000, 0x00000000, 0x00000000, 0x00570000,
	0x00000000, 0x00000000, 0x00000000, 0x00000000,
	0x00000000, 0x00000000, 0x00000000, 0x00580000,
	0x00000000, 0x00000000, 0x00000000, 0x00000000,
	0x00000000, 0x00000000, 0x00000000, 0x00590000,
	0x00000000, 0x00000000, 0x00000000, 0x00000000,
	0x0000000e, 0x00000000, 0x00000000, 0x005a0000,
	0x00000000, 0x00000000, 0x00000000, 0x00000000,
	0x00000002, 0x00000000, 0x00000000, 0x005b0000,
	0x00000000, 0x00000000, 0x00000000, 0x00000000,
	0x00000008, 0x00000000, 0x00000000, 0x005c0000,
	0x00000000, 0x00000000, 0x00000000, 0x00000000,
	0x00000021, 0x00000000, 0x00000000, 0x005d0000,
	0x00000000, 0x00000000, 0x00000000, 0x00000000,
	0x00000008, 0x00000000, 0x00000000, 0x005e0000,
	0x00000000, 0x00000000, 0x00000000, 0x00000000,
	0x00000000, 0x00000000, 0x00000000, 0x005f0000,
	0x00000000, 0x00000000, 0x00000000, 0x00000000,
	0x00000008, 0x00000000, 0x00000000, 0x00600000,
	0x00000000, 0x00000000, 0x00000000, 0x00000000,
	0x00000000, 0x00000000, 0x00000000, 0x00610000,
	0x00000000, 0x00000000, 0x00000000, 0x00000000,
	0x00000008, 0x00000000, 0x00000000, 0x00620000,
	0x00000000, 0x00000000, 0x00000000, 0x00000000,
	0x00000000, 0x00000000, 0x00000000, 0x00630000,
	0x00000000, 0x00000000, 0x00000000, 0x00000000,
	0x00000008, 0x00000000, 0x00000000, 0x00640000,
	0x00000000, 0x00000000, 0x00000000, 0x00000000,
	0x00000000, 0x00000000, 0x00000000, 0x00650000,
	0x00000000, 0x00000000, 0x00000000, 0x00000000,
	0x00000008, 0x00000000, 0x00000000, 0x00660000,
	0x00000000, 0x00000000, 0x00000000, 0x00000000,
	0x00000000, 0x00000000, 0x00000000, 0x00670000,
	0x00000000, 0x00000000, 0x00000000, 0x00000000,
	0x00000008, 0x00000000, 0x00000000, 0x00680000,
	0x00000000, 0x00000000, 0x00000000, 0x00000000,
	0x00000000, 0x00000000, 0x00000000, 0x00690000,
	0x00000000, 0x00000000, 0x00000000, 0x00000000,
	0x00000000, 0x00000000, 0x00000000, 0x006a0000,
	0x00000000, 0x00000000, 0x00000000, 0x00000000,
	0x00000000, 0x00000000, 0x00000000, 0x006b0000,
	0x00000000, 0x00000000, 0x00000000, 0x00000000,
	0x00000000, 0x00000000, 0x00000000, 0x006c0000,
	0x00000000, 0x00000000, 0x00000000, 0x00000000,
	0x00000004, 0x00000000, 0x00000000, 0x006d0000,
	0x00000000, 0x00000000, 0x00000000, 0x00000000,
	0x00000004, 0x00000000, 0x00000000, 0x006e0000,
	0x00000000, 0x00000000, 0x00000000, 0x00000000,
	0x00000003, 0x00000000, 0x00000000, 0x006f0000,
	0x00000000, 0x00000000, 0x00000000, 0x00000000,
	0x00000083, 0x00000000, 0x00000000, 0x00700000,
	0x00000000, 0x00000000, 0x00000000, 0x00000000,
	0x00000002, 0x00000000, 0x00000000, 0x00710000,
	0x00000000, 0x00000000, 0x00000000, 0x00000000,
	0x00000029, 0x00000000, 0x00000000, 0x00720000,
	0x00000000, 0x00000000, 0x00000000, 0x00000000,
	0x00000000, 0x00000000, 0x00000000, 0x00730000,
	0x00000000, 0x00000000, 0x00000000, 0x00000000,
	0x00000000, 0x00000000, 0x00000000, 0x00740000,
	0x00000000, 0x00000000, 0x00000000, 0x00000000,
	0x00000000, 0x00000000, 0x00000000, 0x00750000,
	0x00000000, 0x00000000, 0x00000000, 0x00000000,
	0x00000000, 0x00000000, 0x00000000, 0x00760000,
	0x00000000, 0x00000000, 0x00000000, 0x00000000,
	0x00000000, 0x00000000, 0x00000000, 0x00770000,
	0x00000000, 0x00000000, 0x00000000, 0x00000000,
	0x00000000, 0x00000000, 0x00000000, 0x00780000,
	0x00000000, 0x00000000, 0x00000000, 0x00000000,
	0x00000000, 0x00000000, 0x00000000, 0x00790000,
	0x00000000, 0x00000000, 0x00000000, 0x00000000,
	0x00000000, 0x00000000, 0x00000000, 0x007a0000,
	0x00000000, 0x00000000, 0x00000000, 0x00000000,
	0x00000000, 0x00000000, 0x00000000, 0x007b0000,
	0x00000000, 0x00000000, 0x00000000, 0x00000000,
	0x00000000, 0x00000000, 0x00000000, 0x007c0000,
	0x00000000, 0x00000000, 0x00000000, 0x00000000,
	0x00000000, 0x00000000, 0x00000000, 0x007d0000,
	0x00000000, 0x00000000, 0x00000000, 0x00000000,
	0x00000000, 0x00000000, 0x00000000, 0x007e0000,
	0x00000000, 0x00000000, 0x00000000, 0x00000000,
	0x00000000, 0x00000000, 0x00000000, 0x007f0000,
	0x00000000, 0x00000000, 0x00000000, 0x00000000
};

uint32_t idk_ut_5005_ipt_sdr_dsys_ml_tbl[] = {
	0x96020000, 0xffff0053, 0x96030000, 0x00ff0053,
	0x96040000, 0xffff0053, 0x96050000, 0x00ff0053,
	0x96060000, 0xffff0053, 0x96070000, 0x00ff0053,
	0x960a0000, 0xffff0053, 0x960b0000, 0x00ff0053,
	0x960c0000, 0xffff0053, 0x960d0000, 0x00ff0053,
	0x960e0000, 0xffff0053, 0x960f0000, 0x00ff0053,
	0x96120000, 0xffff0053, 0x96130000, 0x00ff0053,
	0x96140000, 0xffff0053, 0x96150000, 0x00ff0053,
	0x96160000, 0xffff0053, 0x96170000, 0x00ff0053,
	0x96010000, 0x03ff0053, 0x96090000, 0x03ff0053,
	0x96110000, 0x03ff0053, 0x96010000, 0x80000053,
	0x95010000, 0x00040053, 0x95010000, 0x00080053,
	0x95010000, 0x00020053, 0x91080000, 0x03ff0053,
	0x91090006, 0x03ff0053, 0x910a005f, 0x03ff0053,
	0x910b015f, 0x03ff0053, 0x910c025f, 0x03ff0053,
	0x910d035f, 0x03ff0053, 0x910e03ff, 0x03ff0053,
	0x910f03ff, 0x03ff0053, 0x911003ff, 0x03ff0053,
	0x91125b55, 0xffff0053, 0x91130000, 0x3fff0053,
	0x911441c0, 0xffff0053, 0x91150113, 0x3fff0053,
	0x9116b4e0, 0xffff0053, 0x911716a0, 0x3fff0053,
	0x91187d24, 0xffff0053, 0x91190001, 0x3fff0053,
	0x911aeed4, 0xffff0053, 0x911b00a6, 0x3fff0053,
	0x911c6400, 0xffff0053, 0x911d3ea8, 0x3fff0053,
	0x911edc91, 0xffff0053, 0x911f0002, 0x3fff0053,
	0x9120d2cd, 0xffff0053, 0x9121007d, 0x3fff0053,
	0x9122f955, 0xffff0053, 0x91233fd6, 0x3fff0053,
	0x91244e44, 0xffff0053, 0x91250007, 0x3fff0053,
	0x9126c09b, 0xffff0053, 0x9127005d, 0x3fff0053,
	0x9128e7c4, 0xffff0053, 0x9129000d, 0x3fff0053,
	0x912a8fdf, 0xffff0053, 0x912b3ffc, 0x3fff0053,
	0x912cda67, 0xffff0053, 0x912d0086, 0x3fff0053,
	0x912ebc0a, 0xffff0053, 0x912f3fe6, 0x3fff0053,
	0x9130b6ce, 0xffff0053, 0x91310057, 0x3fff0053,
	0x9132ef0f, 0xffff0053, 0x91333fbd, 0x3fff0053,
	0x9134e2d7, 0xffff0053, 0x91350054, 0x3fff0053,
	0x9136b6ce, 0xffff0053, 0x91370057, 0x3fff0053,
	0x9138ef0f, 0xffff0053, 0x91393fbd, 0x3fff0053,
	0x913ae2d7, 0xffff0053, 0x913b0054, 0x3fff0053,
	0x913cb6ce, 0xffff0053, 0x913d0057, 0x3fff0053,
	0x913eef0f, 0xffff0053, 0x913f3fbd, 0x3fff0053,
	0x9140e2d7, 0xffff0053, 0x91410054, 0x3fff0053,
	0x91420000, 0x03ff0053, 0x914303ff, 0x03ff0053,
	0x914403ff, 0x03ff0053, 0x914503ff, 0x03ff0053,
	0x914603ff, 0x03ff0053, 0x914803b0, 0xffff0053,
	0x91493fe0, 0x3fff0053, 0x914a851f, 0xffff0053,
	0x914b00d6, 0x3fff0053, 0x914c0000, 0xffff0053,
	0x914d0000, 0x3fff0053, 0x914e03b0, 0xffff0053,
	0x914f3fe0, 0x3fff0053, 0x9150851f, 0xffff0053,
	0x915100d6, 0x3fff0053, 0x91520000, 0xffff0053,
	0x91530000, 0x3fff0053, 0x915403b0, 0xffff0053,
	0x91553fe0, 0x3fff0053, 0x9156851f, 0xffff0053,
	0x915700d6, 0x3fff0053, 0x91580000, 0xffff0053,
	0x91590000, 0x3fff0053, 0x915a03b0, 0xffff0053,
	0x915b3fe0, 0x3fff0053, 0x915c851f, 0xffff0053,
	0x915d00d6, 0x3fff0053, 0x915e0000, 0xffff0053,
	0x915f0000, 0x3fff0053, 0x91600000, 0x03ff0053,
	0x916103ff, 0x03ff0053, 0x916203ff, 0x03ff0053,
	0x916303ff, 0x03ff0053, 0x916403ff, 0x03ff0053,
	0x91669dc2, 0xffff0053, 0x91673fda, 0x3fff0053,
	0x91689320, 0xffff0053, 0x916900d6, 0x3fff0053,
	0x916a0000, 0xffff0053, 0x916b0000, 0x3fff0053,
	0x916c9dc2, 0xffff0053, 0x916d3fda, 0x3fff0053,
	0x916e9320, 0xffff0053, 0x916f00d6, 0x3fff0053,
	0x91700000, 0xffff0053, 0x91710000, 0x3fff0053,
	0x91729dc2, 0xffff0053, 0x91733fda, 0x3fff0053,
	0x91749320, 0xffff0053, 0x917500d6, 0x3fff0053,
	0x91760000, 0xffff0053, 0x91770000, 0x3fff0053,
	0x91789dc2, 0xffff0053, 0x91793fda, 0x3fff0053,
	0x917a9320, 0xffff0053, 0x917b00d6, 0x3fff0053,
	0x917c0000, 0xffff0053, 0x917d0000, 0x3fff0053,
	0x92080000, 0xffff0053, 0x92090000, 0xffff0053,
	0x920a0000, 0x00ff0053, 0x920a0000, 0xff000053,
	0x920b0000, 0xffff0053, 0x920c0000, 0xffff0053,
	0x920d0000, 0xffff0053, 0x920e0000, 0xffff0053,
	0x920f0000, 0x00ff0053, 0x92100000, 0xffff0053,
	0x92110000, 0xffff0053, 0x92120000, 0x00ff0053,
	0x92120000, 0xff000053, 0x92130000, 0xffff0053,
	0x92140000, 0xffff0053, 0x92150000, 0xffff0053,
	0x92160000, 0xffff0053, 0x92170000, 0x00ff0053,
	0x92180000, 0xffff0053, 0x92190000, 0xffff0053,
	0x921a0000, 0x00ff0053, 0x921a0000, 0xff000053,
	0x921b0000, 0xffff0053, 0x921c0000, 0xffff0053,
	0x921d0000, 0xffff0053, 0x921e0000, 0xffff0053,
	0x921f0000, 0x00ff0053, 0x92200000, 0xffff0053,
	0x92210000, 0xffff0053, 0x92220000, 0x00ff0053,
	0x92220000, 0xff000053, 0x92230000, 0xffff0053,
	0x92240000, 0xffff0053, 0x92250000, 0xffff0053,
	0x92260000, 0xffff0053, 0x92270000, 0x00ff0053,
	0x92280000, 0xffff0053, 0x92290000, 0xffff0053,
	0x922a0000, 0x00ff0053, 0x922a0000, 0xff000053,
	0x922b0000, 0xffff0053, 0x922c0000, 0xffff0053,
	0x922d0000, 0xffff0053, 0x922e0000, 0xffff0053,
	0x922f0000, 0x00ff0053, 0x92300000, 0xffff0053,
	0x92310000, 0xffff0053, 0x92320000, 0x00ff0053,
	0x92320000, 0xff000053, 0x92330000, 0xffff0053,
	0x92340000, 0xffff0053, 0x92350000, 0xffff0053,
	0x92360000, 0xffff0053, 0x92370000, 0x00ff0053,
	0x92380000, 0xffff0053, 0x92390000, 0xffff0053,
	0x923a0000, 0x00ff0053, 0x923a0000, 0xff000053,
	0x923b0000, 0xffff0053, 0x923c0000, 0xffff0053,
	0x923d0000, 0xffff0053, 0x923e0000, 0xffff0053,
	0x923f0000, 0x00ff0053, 0x92400000, 0xffff0053,
	0x92410000, 0xffff0053, 0x92420000, 0x00ff0053,
	0x92420000, 0xff000053, 0x92430000, 0xffff0053,
	0x92440000, 0xffff0053, 0x92450000, 0xffff0053,
	0x92460000, 0xffff0053, 0x92470000, 0x00ff0053,
	0x92480000, 0xffff0053, 0x92490000, 0xffff0053,
	0x924a0000, 0x00ff0053, 0x924a0000, 0xff000053,
	0x924b0000, 0xffff0053, 0x924c0000, 0xffff0053,
	0x924d0000, 0xffff0053, 0x924e0000, 0xffff0053,
	0x924f0000, 0x00ff0053, 0x92500000, 0xffff0053,
	0x92510000, 0xffff0053, 0x92520000, 0x00ff0053,
	0x92520000, 0xff000053, 0x92530000, 0xffff0053,
	0x92540000, 0xffff0053, 0x92550000, 0xffff0053,
	0x92560000, 0xffff0053, 0x92570000, 0x00ff0053,
	0x92580000, 0xffff0053, 0x92590000, 0xffff0053,
	0x925a0000, 0x00ff0053, 0x925a0000, 0xff000053,
	0x925b0000, 0xffff0053, 0x925c0000, 0xffff0053,
	0x925d0000, 0xffff0053, 0x925e0000, 0xffff0053,
	0x925f0000, 0x00ff0053, 0x92600000, 0xffff0053,
	0x92610000, 0xffff0053, 0x92620000, 0x00ff0053,
	0x92620000, 0xff000053, 0x92630000, 0xffff0053,
	0x92640000, 0xffff0053, 0x92650000, 0xffff0053,
	0x92660000, 0xffff0053, 0x92670000, 0x00ff0053,
	0x92680000, 0xffff0053, 0x92690000, 0xffff0053,
	0x926a0000, 0x00ff0053, 0x926a0000, 0xff000053,
	0x926b0000, 0xffff0053, 0x926c0000, 0xffff0053,
	0x926d0000, 0xffff0053, 0x926e0000, 0xffff0053,
	0x926f0000, 0x00ff0053, 0x92700000, 0xffff0053,
	0x92710000, 0xffff0053, 0x92720000, 0x00ff0053,
	0x92720000, 0xff000053, 0x92730000, 0xffff0053,
	0x92740000, 0xffff0053, 0x92750000, 0xffff0053,
	0x92760000, 0xffff0053, 0x92770000, 0x00ff0053,
	0x92780000, 0xffff0053, 0x92790000, 0xffff0053,
	0x927a0000, 0x00ff0053, 0x927a0000, 0xff000053,
	0x927b0000, 0xffff0053, 0x927c0000, 0xffff0053,
	0x95010000, 0x00100053, 0x95010000, 0x03000053,
	0x95080000, 0x80000053, 0x95100000, 0x80000053,
	0x95080000, 0x1fff0053, 0x95090000, 0x1fff0053,
	0x950a0000, 0x1fff0053, 0x950b0000, 0x1fff0053,
	0x950c0000, 0x1fff0053, 0x950d0000, 0x1fff0053,
	0x950e0000, 0x1fff0053, 0x950f0000, 0x1fff0053,
	0x95100000, 0x00ff0053, 0x95110000, 0x00ff0053,
	0x95120000, 0x00ff0053, 0x95130000, 0x00ff0053,
	0x95140000, 0x00ff0053, 0x95150000, 0x00ff0053,
	0x95160000, 0x00ff0053, 0x95170000, 0x00ff0053,
	0x95180000, 0x00030053, 0x95190000, 0x00030053,
	0x95190000, 0x03000053, 0x95180000, 0x80000053,
	0x91010000, 0x00010053, 0x91010000, 0x00020053,
	0x96180001, 0x00030053, 0x947b0000, 0x00800053,
	0x93060000, 0x00ff0053, 0x93070002, 0x00020053,
	0x93348001, 0x80010053, 0x94070000, 0x00200053,
	0x947302d0, 0xffff0053, 0x947401e0, 0xffff0053,
	0x93060000, 0x00ff0053, 0x94720000, 0x80000053,
	0x94790001, 0x00010053, 0x94320001, 0x00010053,
	0x94010000, 0x20000053, 0x94011000, 0x10000053,
	0x94018000, 0x80000053, 0x94020001, 0x00010053,
	0x94020000, 0x00020053, 0x94020004, 0x00040053,
	0x94020000, 0x00080053, 0x94020000, 0x00100053,
	0x94020000, 0x00200053, 0x941f0005, 0x00070053,
	0x94010000, 0x00040053, 0x94082000, 0xffff0053,
	0x9409031f, 0xffff0053, 0x940a0691, 0xffff0053,
	0x940b2000, 0xffff0053, 0x940cfc5b, 0xffff0053,
	0x940d0443, 0xffff0053, 0x940e2000, 0xffff0053,
	0x940f010b, 0xffff0053, 0x9410ea57, 0xffff0053,
	0x94118000, 0xffff0053, 0x9412004d, 0xffff0053,
	0x9413f000, 0xffff0053, 0x94140004, 0xffff0053,
	0x94151000, 0xffff0053, 0x9416ff5b, 0xffff0053,
	0x941bffff, 0xffff0053, 0x941c01ff, 0xffff0053,
	0x94070280, 0x03800053, 0x94170000, 0xffff0053,
	0x9418fff0, 0xffff0053, 0x94190010, 0xffff0053,
	0x941a0001, 0x00010053, 0x94070000, 0x00020053,
	0x94070000, 0x000c0053, 0x94010000, 0x00080053,
	0x94070001, 0x00010053, 0x94010000, 0x00100053,
	0x94204000, 0xffff0053, 0x9421ffff, 0xffff0053,
	0x9422ffff, 0xffff0053, 0x9423ffff, 0xffff0053,
	0x94244000, 0xffff0053, 0x9425ffff, 0xffff0053,
	0x9426ffff, 0xffff0053, 0x9427ffff, 0xffff0053,
	0x94284000, 0xffff0053, 0x94070c00, 0x0c000053,
	0x94010000, 0x00200053, 0x94070000, 0x00100053,
	0x93440000, 0x80000053, 0x94010000, 0x00400053,
	0x94070000, 0x30000053, 0x94290666, 0xffff0053,
	0x942a0666, 0xffff0053, 0x942b0333, 0xffff0053,
	0x942c4748, 0xffff0053, 0x942db262, 0xffff0053,
	0x942e0656, 0xffff0053, 0x942f0ce4, 0xffff0053,
	0x943005b7, 0xffff0053, 0x9431ed65, 0xffff0053,
	0x94010000, 0x00800053, 0x94010000, 0x00010053,
	0x945d0000, 0x00040053, 0x945d0000, 0x00080053,
	0x945d0000, 0x00010053, 0x945d0000, 0x00020053,
	0x94720000, 0x00030053, 0x94708000, 0x80000053,
	0x94718000, 0x80000053, 0x94718000, 0x80000053,
	0x94718000, 0x80000053, 0x94718000, 0x80000053
};

uint32_t idk_ut_5005_ipt_sdr_msys_ml_tbl[] = {
	0x59010001, 0x00010053, 0x59010000, 0x00020053,
	0x59297fff, 0xffff0053, 0x592a0c7c, 0xffff0053,
	0x592b1a45, 0xffff0053, 0x592c7fff, 0xffff0053,
	0x592df16d, 0xffff0053, 0x592e110d, 0xffff0053,
	0x592f7fff, 0xffff0053, 0x5930042d, 0xffff0053,
	0x5931a95c, 0xffff0053, 0x59070000, 0x30000053,
	0x59010000, 0x00040053, 0x59010000, 0x00080053,
	0x59205ccf, 0xffff0053, 0x5921b0a4, 0xffff0053,
	0x5922028c, 0xffff0053, 0x5923ec83, 0xffff0053,
	0x592426af, 0xffff0053, 0x5925fcce, 0xffff0053,
	0x5926002b, 0xffff0053, 0x5927fc5f, 0xffff0053,
	0x59281375, 0xffff0053, 0x59070400, 0x0c000053,
	0x59460000, 0xffff0053, 0x59470190, 0xffff0053,
	0x5943051e, 0xffff0053, 0x59440000, 0xffff0053,
	0x59010000, 0x00100053, 0x59070000, 0x00010053,
	0x59010000, 0x00200053, 0x59081749, 0xffff0053,
	0x59094e53, 0xffff0053, 0x590a07e7, 0xffff0053,
	0x590bf329, 0xffff0053, 0x590cd4d2, 0xffff0053,
	0x590d3803, 0xffff0053, 0x590e3803, 0xffff0053,
	0x590fcd1f, 0xffff0053, 0x5910fadc, 0xffff0053,
	0x59110100, 0x1fff0053, 0x59130800, 0x1fff0053,
	0x59150800, 0x1fff0053, 0x59070180, 0x01800053,
	0x59170000, 0x0fff0053, 0x59190000, 0xffff0053,
	0x591a0001, 0x00010053, 0x59010040, 0x00400053,
	0x59040000, 0x00010053, 0x591f0000, 0x00030053,
	0x59480001, 0x00010053, 0x59480002, 0x00020053,
	0x59480000, 0x00040053, 0x59480100, 0x01000053,
	0x59480010, 0x00100053, 0x59720001, 0x00010053,
	0x59720000, 0x00020053, 0x597b0000, 0x10000053,
	0x597b0000, 0x10000053, 0x597b0000, 0x10000053
};

uint32_t idk_ut_5005_ipt_ipt_dsys_ml_tbl[] = {
	0x96020000, 0xffff0053, 0x96030000, 0x00ff0053,
	0x96040000, 0xffff0053, 0x96050000, 0x00ff0053,
	0x96060000, 0xffff0053, 0x96070000, 0x00ff0053,
	0x960a0000, 0xffff0053, 0x960b0000, 0x00ff0053,
	0x960c0000, 0xffff0053, 0x960d0000, 0x00ff0053,
	0x960e0000, 0xffff0053, 0x960f0000, 0x00ff0053,
	0x96120000, 0xffff0053, 0x96130000, 0x00ff0053,
	0x96140000, 0xffff0053, 0x96150000, 0x00ff0053,
	0x96160000, 0xffff0053, 0x96170000, 0x00ff0053,
	0x96010000, 0x03ff0053, 0x96090000, 0x03ff0053,
	0x96110000, 0x03ff0053, 0x96010000, 0x80000053,
	0x95010000, 0x00040053, 0x95010000, 0x00080053,
	0x95010000, 0x00020053, 0x91080000, 0x03ff0053,
	0x91090006, 0x03ff0053, 0x910a005f, 0x03ff0053,
	0x910b015f, 0x03ff0053, 0x910c025f, 0x03ff0053,
	0x910d035f, 0x03ff0053, 0x910e03ff, 0x03ff0053,
	0x910f03ff, 0x03ff0053, 0x911003ff, 0x03ff0053,
	0x91125b55, 0xffff0053, 0x91130000, 0x3fff0053,
	0x911441c0, 0xffff0053, 0x91150113, 0x3fff0053,
	0x9116b4e0, 0xffff0053, 0x911716a0, 0x3fff0053,
	0x91187d24, 0xffff0053, 0x91190001, 0x3fff0053,
	0x911aeed4, 0xffff0053, 0x911b00a6, 0x3fff0053,
	0x911c6400, 0xffff0053, 0x911d3ea8, 0x3fff0053,
	0x911edc91, 0xffff0053, 0x911f0002, 0x3fff0053,
	0x9120d2cd, 0xffff0053, 0x9121007d, 0x3fff0053,
	0x9122f955, 0xffff0053, 0x91233fd6, 0x3fff0053,
	0x91244e44, 0xffff0053, 0x91250007, 0x3fff0053,
	0x9126c09b, 0xffff0053, 0x9127005d, 0x3fff0053,
	0x9128e7c4, 0xffff0053, 0x9129000d, 0x3fff0053,
	0x912a8fdf, 0xffff0053, 0x912b3ffc, 0x3fff0053,
	0x912cda67, 0xffff0053, 0x912d0086, 0x3fff0053,
	0x912ebc0a, 0xffff0053, 0x912f3fe6, 0x3fff0053,
	0x9130b6ce, 0xffff0053, 0x91310057, 0x3fff0053,
	0x9132ef0f, 0xffff0053, 0x91333fbd, 0x3fff0053,
	0x9134e2d7, 0xffff0053, 0x91350054, 0x3fff0053,
	0x9136b6ce, 0xffff0053, 0x91370057, 0x3fff0053,
	0x9138ef0f, 0xffff0053, 0x91393fbd, 0x3fff0053,
	0x913ae2d7, 0xffff0053, 0x913b0054, 0x3fff0053,
	0x913cb6ce, 0xffff0053, 0x913d0057, 0x3fff0053,
	0x913eef0f, 0xffff0053, 0x913f3fbd, 0x3fff0053,
	0x9140e2d7, 0xffff0053, 0x91410054, 0x3fff0053,
	0x91420000, 0x03ff0053, 0x914303ff, 0x03ff0053,
	0x914403ff, 0x03ff0053, 0x914503ff, 0x03ff0053,
	0x914603ff, 0x03ff0053, 0x914803b0, 0xffff0053,
	0x91493fe0, 0x3fff0053, 0x914a851f, 0xffff0053,
	0x914b00d6, 0x3fff0053, 0x914c0000, 0xffff0053,
	0x914d0000, 0x3fff0053, 0x914e03b0, 0xffff0053,
	0x914f3fe0, 0x3fff0053, 0x9150851f, 0xffff0053,
	0x915100d6, 0x3fff0053, 0x91520000, 0xffff0053,
	0x91530000, 0x3fff0053, 0x915403b0, 0xffff0053,
	0x91553fe0, 0x3fff0053, 0x9156851f, 0xffff0053,
	0x915700d6, 0x3fff0053, 0x91580000, 0xffff0053,
	0x91590000, 0x3fff0053, 0x915a03b0, 0xffff0053,
	0x915b3fe0, 0x3fff0053, 0x915c851f, 0xffff0053,
	0x915d00d6, 0x3fff0053, 0x915e0000, 0xffff0053,
	0x915f0000, 0x3fff0053, 0x91600000, 0x03ff0053,
	0x916103ff, 0x03ff0053, 0x916203ff, 0x03ff0053,
	0x916303ff, 0x03ff0053, 0x916403ff, 0x03ff0053,
	0x91669dc2, 0xffff0053, 0x91673fda, 0x3fff0053,
	0x91689320, 0xffff0053, 0x916900d6, 0x3fff0053,
	0x916a0000, 0xffff0053, 0x916b0000, 0x3fff0053,
	0x916c9dc2, 0xffff0053, 0x916d3fda, 0x3fff0053,
	0x916e9320, 0xffff0053, 0x916f00d6, 0x3fff0053,
	0x91700000, 0xffff0053, 0x91710000, 0x3fff0053,
	0x91729dc2, 0xffff0053, 0x91733fda, 0x3fff0053,
	0x91749320, 0xffff0053, 0x917500d6, 0x3fff0053,
	0x91760000, 0xffff0053, 0x91770000, 0x3fff0053,
	0x91789dc2, 0xffff0053, 0x91793fda, 0x3fff0053,
	0x917a9320, 0xffff0053, 0x917b00d6, 0x3fff0053,
	0x917c0000, 0xffff0053, 0x917d0000, 0x3fff0053,
	0x92080000, 0xffff0053, 0x92090000, 0xffff0053,
	0x920a0000, 0x00ff0053, 0x920a0000, 0xff000053,
	0x920b0000, 0xffff0053, 0x920c0000, 0xffff0053,
	0x920d0000, 0xffff0053, 0x920e0000, 0xffff0053,
	0x920f0000, 0x00ff0053, 0x92100000, 0xffff0053,
	0x92110000, 0xffff0053, 0x92120000, 0x00ff0053,
	0x92120000, 0xff000053, 0x92130000, 0xffff0053,
	0x92140000, 0xffff0053, 0x92150000, 0xffff0053,
	0x92160000, 0xffff0053, 0x92170000, 0x00ff0053,
	0x92180000, 0xffff0053, 0x92190000, 0xffff0053,
	0x921a0000, 0x00ff0053, 0x921a0000, 0xff000053,
	0x921b0000, 0xffff0053, 0x921c0000, 0xffff0053,
	0x921d0000, 0xffff0053, 0x921e0000, 0xffff0053,
	0x921f0000, 0x00ff0053, 0x92200000, 0xffff0053,
	0x92210000, 0xffff0053, 0x92220000, 0x00ff0053,
	0x92220000, 0xff000053, 0x92230000, 0xffff0053,
	0x92240000, 0xffff0053, 0x92250000, 0xffff0053,
	0x92260000, 0xffff0053, 0x92270000, 0x00ff0053,
	0x92280000, 0xffff0053, 0x92290000, 0xffff0053,
	0x922a0000, 0x00ff0053, 0x922a0000, 0xff000053,
	0x922b0000, 0xffff0053, 0x922c0000, 0xffff0053,
	0x922d0000, 0xffff0053, 0x922e0000, 0xffff0053,
	0x922f0000, 0x00ff0053, 0x92300000, 0xffff0053,
	0x92310000, 0xffff0053, 0x92320000, 0x00ff0053,
	0x92320000, 0xff000053, 0x92330000, 0xffff0053,
	0x92340000, 0xffff0053, 0x92350000, 0xffff0053,
	0x92360000, 0xffff0053, 0x92370000, 0x00ff0053,
	0x92380000, 0xffff0053, 0x92390000, 0xffff0053,
	0x923a0000, 0x00ff0053, 0x923a0000, 0xff000053,
	0x923b0000, 0xffff0053, 0x923c0000, 0xffff0053,
	0x923d0000, 0xffff0053, 0x923e0000, 0xffff0053,
	0x923f0000, 0x00ff0053, 0x92400000, 0xffff0053,
	0x92410000, 0xffff0053, 0x92420000, 0x00ff0053,
	0x92420000, 0xff000053, 0x92430000, 0xffff0053,
	0x92440000, 0xffff0053, 0x92450000, 0xffff0053,
	0x92460000, 0xffff0053, 0x92470000, 0x00ff0053,
	0x92480000, 0xffff0053, 0x92490000, 0xffff0053,
	0x924a0000, 0x00ff0053, 0x924a0000, 0xff000053,
	0x924b0000, 0xffff0053, 0x924c0000, 0xffff0053,
	0x924d0000, 0xffff0053, 0x924e0000, 0xffff0053,
	0x924f0000, 0x00ff0053, 0x92500000, 0xffff0053,
	0x92510000, 0xffff0053, 0x92520000, 0x00ff0053,
	0x92520000, 0xff000053, 0x92530000, 0xffff0053,
	0x92540000, 0xffff0053, 0x92550000, 0xffff0053,
	0x92560000, 0xffff0053, 0x92570000, 0x00ff0053,
	0x92580000, 0xffff0053, 0x92590000, 0xffff0053,
	0x925a0000, 0x00ff0053, 0x925a0000, 0xff000053,
	0x925b0000, 0xffff0053, 0x925c0000, 0xffff0053,
	0x925d0000, 0xffff0053, 0x925e0000, 0xffff0053,
	0x925f0000, 0x00ff0053, 0x92600000, 0xffff0053,
	0x92610000, 0xffff0053, 0x92620000, 0x00ff0053,
	0x92620000, 0xff000053, 0x92630000, 0xffff0053,
	0x92640000, 0xffff0053, 0x92650000, 0xffff0053,
	0x92660000, 0xffff0053, 0x92670000, 0x00ff0053,
	0x92680000, 0xffff0053, 0x92690000, 0xffff0053,
	0x926a0000, 0x00ff0053, 0x926a0000, 0xff000053,
	0x926b0000, 0xffff0053, 0x926c0000, 0xffff0053,
	0x926d0000, 0xffff0053, 0x926e0000, 0xffff0053,
	0x926f0000, 0x00ff0053, 0x92700000, 0xffff0053,
	0x92710000, 0xffff0053, 0x92720000, 0x00ff0053,
	0x92720000, 0xff000053, 0x92730000, 0xffff0053,
	0x92740000, 0xffff0053, 0x92750000, 0xffff0053,
	0x92760000, 0xffff0053, 0x92770000, 0x00ff0053,
	0x92780000, 0xffff0053, 0x92790000, 0xffff0053,
	0x927a0000, 0x00ff0053, 0x927a0000, 0xff000053,
	0x927b0000, 0xffff0053, 0x927c0000, 0xffff0053,
	0x95010000, 0x00100053, 0x95010000, 0x03000053,
	0x95080000, 0x80000053, 0x95100000, 0x80000053,
	0x95080000, 0x1fff0053, 0x95090000, 0x1fff0053,
	0x950a0000, 0x1fff0053, 0x950b0000, 0x1fff0053,
	0x950c0000, 0x1fff0053, 0x950d0000, 0x1fff0053,
	0x950e0000, 0x1fff0053, 0x950f0000, 0x1fff0053,
	0x95100000, 0x00ff0053, 0x95110000, 0x00ff0053,
	0x95120000, 0x00ff0053, 0x95130000, 0x00ff0053,
	0x95140000, 0x00ff0053, 0x95150000, 0x00ff0053,
	0x95160000, 0x00ff0053, 0x95170000, 0x00ff0053,
	0x95180000, 0x00030053, 0x95190000, 0x00030053,
	0x95190000, 0x03000053, 0x95180000, 0x80000053,
	0x91010000, 0x00010053, 0x91010000, 0x00020053,
	0x96180001, 0x00030053, 0x947b0000, 0x00800053,
	0x93060000, 0x00ff0053, 0x93070002, 0x00020053,
	0x93348001, 0x80010053, 0x94070000, 0x00200053,
	0x947302d0, 0xffff0053, 0x947401e0, 0xffff0053,
	0x93060000, 0x00ff0053, 0x94720000, 0x80000053,
	0x94790001, 0x00010053, 0x94320001, 0x00010053,
	0x94010000, 0x20000053, 0x94011000, 0x10000053,
	0x94018000, 0x80000053, 0x94020001, 0x00010053,
	0x94020000, 0x00020053, 0x94020004, 0x00040053,
	0x94020000, 0x00080053, 0x94020000, 0x00100053,
	0x94020000, 0x00200053, 0x941f0005, 0x00070053,
	0x94010000, 0x00040053, 0x94082000, 0xffff0053,
	0x9409031f, 0xffff0053, 0x940a0691, 0xffff0053,
	0x940b2000, 0xffff0053, 0x940cfc5b, 0xffff0053,
	0x940d0443, 0xffff0053, 0x940e2000, 0xffff0053,
	0x940f010b, 0xffff0053, 0x9410ea57, 0xffff0053,
	0x94118000, 0xffff0053, 0x9412004d, 0xffff0053,
	0x9413f000, 0xffff0053, 0x94140004, 0xffff0053,
	0x94151000, 0xffff0053, 0x9416ff5b, 0xffff0053,
	0x941bffff, 0xffff0053, 0x941c01ff, 0xffff0053,
	0x94070280, 0x03800053, 0x94170000, 0xffff0053,
	0x9418fff0, 0xffff0053, 0x94190010, 0xffff0053,
	0x941a0001, 0x00010053, 0x94070000, 0x00020053,
	0x94070000, 0x000c0053, 0x94010000, 0x00080053,
	0x94070001, 0x00010053, 0x94010000, 0x00100053,
	0x94204000, 0xffff0053, 0x9421ffff, 0xffff0053,
	0x9422ffff, 0xffff0053, 0x9423ffff, 0xffff0053,
	0x94244000, 0xffff0053, 0x9425ffff, 0xffff0053,
	0x9426ffff, 0xffff0053, 0x9427ffff, 0xffff0053,
	0x94284000, 0xffff0053, 0x94070c00, 0x0c000053,
	0x94010000, 0x00200053, 0x94070000, 0x00100053,
	0x93440000, 0x80000053, 0x94010000, 0x00400053,
	0x94070000, 0x30000053, 0x94290666, 0xffff0053,
	0x942a0666, 0xffff0053, 0x942b0333, 0xffff0053,
	0x942c4748, 0xffff0053, 0x942db262, 0xffff0053,
	0x942e0656, 0xffff0053, 0x942f0ce4, 0xffff0053,
	0x943005b7, 0xffff0053, 0x9431ed65, 0xffff0053,
	0x94010000, 0x00800053, 0x94010000, 0x00010053,
	0x945d0000, 0x00040053, 0x945d0000, 0x00080053,
	0x945d0000, 0x00010053, 0x945d0000, 0x00020053,
	0x94720000, 0x00030053, 0x94708000, 0x80000053,
	0x94718000, 0x80000053, 0x94718000, 0x80000053,
	0x94718000, 0x80000053, 0x94718000, 0x80000053
};

uint32_t idk_ut_5005_ipt_ipt_msys_ml_tbl[] = {
	0x59010001, 0x00010053, 0x59010000, 0x00020053,
	0x59297fff, 0xffff0053, 0x592a0c7c, 0xffff0053,
	0x592b1a45, 0xffff0053, 0x592c7fff, 0xffff0053,
	0x592df16d, 0xffff0053, 0x592e110d, 0xffff0053,
	0x592f7fff, 0xffff0053, 0x5930042d, 0xffff0053,
	0x5931a95c, 0xffff0053, 0x59070000, 0x30000053,
	0x59010000, 0x00040053, 0x59010000, 0x00080053,
	0x59204000, 0xffff0053, 0x59210000, 0xffff0053,
	0x59220000, 0xffff0053, 0x59230000, 0xffff0053,
	0x59244000, 0xffff0053, 0x59250000, 0xffff0053,
	0x59260000, 0xffff0053, 0x59270000, 0xffff0053,
	0x59284000, 0xffff0053, 0x59071000, 0x0c000053,
	0x59460000, 0xffff0053, 0x59479c40, 0xffff0053,
	0x59430000, 0xffff0053, 0x59440000, 0xffff0053,
	0x59010000, 0x00100053, 0x59070001, 0x00010053,
	0x59010000, 0x00200053, 0x59080666, 0xffff0053,
	0x59090666, 0xffff0053, 0x590a0333, 0xffff0053,
	0x590b4748, 0xffff0053, 0x590cb262, 0xffff0053,
	0x590d0656, 0xffff0053, 0x590e0ce4, 0xffff0053,
	0x590f05b7, 0xffff0053, 0x5910ed65, 0xffff0053,
	0x59110000, 0x1fff0053, 0x59130800, 0x1fff0053,
	0x59150800, 0x1fff0053, 0x59070000, 0x01800053,
	0x59170000, 0x0fff0053, 0x5919fff0, 0xffff0053,
	0x591a0000, 0x00010053, 0x59010000, 0x00400053,
	0x59040000, 0x00010053, 0x591f0000, 0x00030053,
	0x59480000, 0x00010053, 0x59480000, 0x00020053,
	0x59480000, 0x00040053, 0x59480100, 0x01000053,
	0x59480010, 0x00100053, 0x59708000, 0x80000053,
	0x59718000, 0x80000053, 0x597401e0, 0xffff0053,
	0x59720000, 0x00010053, 0x59770001, 0x00ff0053,
	0x59760003, 0x00070053, 0x59780080, 0x0fff0053,
	0x59720002, 0x00020053, 0x597b0000, 0x10000053
};

uint32_t idk_ut_5005_ipt_ipt_dsys_sub_ml_tbl[] = {
	0xae020000, 0xffff0053, 0xae030000, 0x00ff0053,
	0xae040000, 0xffff0053, 0xae050000, 0x00ff0053,
	0xae060000, 0xffff0053, 0xae070000, 0x00ff0053,
	0xae0a0000, 0xffff0053, 0xae0b0000, 0x00ff0053,
	0xae0c0000, 0xffff0053, 0xae0d0000, 0x00ff0053,
	0xae0e0000, 0xffff0053, 0xae0f0000, 0x00ff0053,
	0xae120000, 0xffff0053, 0xae130000, 0x00ff0053,
	0xae140000, 0xffff0053, 0xae150000, 0x00ff0053,
	0xae160000, 0xffff0053, 0xae170000, 0x00ff0053,
	0xae010000, 0x03ff0053, 0xae090000, 0x03ff0053,
	0xae110000, 0x03ff0053, 0xae010000, 0x80000053,
	0xad010000, 0x00040053, 0xad010000, 0x00080053,
	0xad010000, 0x00020053, 0xa9080000, 0x03ff0053,
	0xa9090006, 0x03ff0053, 0xa90a005f, 0x03ff0053,
	0xa90b015f, 0x03ff0053, 0xa90c025f, 0x03ff0053,
	0xa90d035f, 0x03ff0053, 0xa90e03ff, 0x03ff0053,
	0xa90f03ff, 0x03ff0053, 0xa91003ff, 0x03ff0053,
	0xa9125b55, 0xffff0053, 0xa9130000, 0x3fff0053,
	0xa91441c0, 0xffff0053, 0xa9150113, 0x3fff0053,
	0xa916b4e0, 0xffff0053, 0xa91716a0, 0x3fff0053,
	0xa9187d24, 0xffff0053, 0xa9190001, 0x3fff0053,
	0xa91aeed4, 0xffff0053, 0xa91b00a6, 0x3fff0053,
	0xa91c6400, 0xffff0053, 0xa91d3ea8, 0x3fff0053,
	0xa91edc91, 0xffff0053, 0xa91f0002, 0x3fff0053,
	0xa920d2cd, 0xffff0053, 0xa921007d, 0x3fff0053,
	0xa922f955, 0xffff0053, 0xa9233fd6, 0x3fff0053,
	0xa9244e44, 0xffff0053, 0xa9250007, 0x3fff0053,
	0xa926c09b, 0xffff0053, 0xa927005d, 0x3fff0053,
	0xa928e7c4, 0xffff0053, 0xa929000d, 0x3fff0053,
	0xa92a8fdf, 0xffff0053, 0xa92b3ffc, 0x3fff0053,
	0xa92cda67, 0xffff0053, 0xa92d0086, 0x3fff0053,
	0xa92ebc0a, 0xffff0053, 0xa92f3fe6, 0x3fff0053,
	0xa930b6ce, 0xffff0053, 0xa9310057, 0x3fff0053,
	0xa932ef0f, 0xffff0053, 0xa9333fbd, 0x3fff0053,
	0xa934e2d7, 0xffff0053, 0xa9350054, 0x3fff0053,
	0xa936b6ce, 0xffff0053, 0xa9370057, 0x3fff0053,
	0xa938ef0f, 0xffff0053, 0xa9393fbd, 0x3fff0053,
	0xa93ae2d7, 0xffff0053, 0xa93b0054, 0x3fff0053,
	0xa93cb6ce, 0xffff0053, 0xa93d0057, 0x3fff0053,
	0xa93eef0f, 0xffff0053, 0xa93f3fbd, 0x3fff0053,
	0xa940e2d7, 0xffff0053, 0xa9410054, 0x3fff0053,
	0xa9420000, 0x03ff0053, 0xa94303ff, 0x03ff0053,
	0xa94403ff, 0x03ff0053, 0xa94503ff, 0x03ff0053,
	0xa94603ff, 0x03ff0053, 0xa94803b0, 0xffff0053,
	0xa9493fe0, 0x3fff0053, 0xa94a851f, 0xffff0053,
	0xa94b00d6, 0x3fff0053, 0xa94c0000, 0xffff0053,
	0xa94d0000, 0x3fff0053, 0xa94e03b0, 0xffff0053,
	0xa94f3fe0, 0x3fff0053, 0xa950851f, 0xffff0053,
	0xa95100d6, 0x3fff0053, 0xa9520000, 0xffff0053,
	0xa9530000, 0x3fff0053, 0xa95403b0, 0xffff0053,
	0xa9553fe0, 0x3fff0053, 0xa956851f, 0xffff0053,
	0xa95700d6, 0x3fff0053, 0xa9580000, 0xffff0053,
	0xa9590000, 0x3fff0053, 0xa95a03b0, 0xffff0053,
	0xa95b3fe0, 0x3fff0053, 0xa95c851f, 0xffff0053,
	0xa95d00d6, 0x3fff0053, 0xa95e0000, 0xffff0053,
	0xa95f0000, 0x3fff0053, 0xa9600000, 0x03ff0053,
	0xa96103ff, 0x03ff0053, 0xa96203ff, 0x03ff0053,
	0xa96303ff, 0x03ff0053, 0xa96403ff, 0x03ff0053,
	0xa9669dc2, 0xffff0053, 0xa9673fda, 0x3fff0053,
	0xa9689320, 0xffff0053, 0xa96900d6, 0x3fff0053,
	0xa96a0000, 0xffff0053, 0xa96b0000, 0x3fff0053,
	0xa96c9dc2, 0xffff0053, 0xa96d3fda, 0x3fff0053,
	0xa96e9320, 0xffff0053, 0xa96f00d6, 0x3fff0053,
	0xa9700000, 0xffff0053, 0xa9710000, 0x3fff0053,
	0xa9729dc2, 0xffff0053, 0xa9733fda, 0x3fff0053,
	0xa9749320, 0xffff0053, 0xa97500d6, 0x3fff0053,
	0xa9760000, 0xffff0053, 0xa9770000, 0x3fff0053,
	0xa9789dc2, 0xffff0053, 0xa9793fda, 0x3fff0053,
	0xa97a9320, 0xffff0053, 0xa97b00d6, 0x3fff0053,
	0xa97c0000, 0xffff0053, 0xa97d0000, 0x3fff0053,
	0xaa080000, 0xffff0053, 0xaa090000, 0xffff0053,
	0xaa0a0000, 0x00ff0053, 0xaa0a0000, 0xff000053,
	0xaa0b0000, 0xffff0053, 0xaa0c0000, 0xffff0053,
	0xaa0d0000, 0xffff0053, 0xaa0e0000, 0xffff0053,
	0xaa0f0000, 0x00ff0053, 0xaa100000, 0xffff0053,
	0xaa110000, 0xffff0053, 0xaa120000, 0x00ff0053,
	0xaa120000, 0xff000053, 0xaa130000, 0xffff0053,
	0xaa140000, 0xffff0053, 0xaa150000, 0xffff0053,
	0xaa160000, 0xffff0053, 0xaa170000, 0x00ff0053,
	0xaa180000, 0xffff0053, 0xaa190000, 0xffff0053,
	0xaa1a0000, 0x00ff0053, 0xaa1a0000, 0xff000053,
	0xaa1b0000, 0xffff0053, 0xaa1c0000, 0xffff0053,
	0xaa1d0000, 0xffff0053, 0xaa1e0000, 0xffff0053,
	0xaa1f0000, 0x00ff0053, 0xaa200000, 0xffff0053,
	0xaa210000, 0xffff0053, 0xaa220000, 0x00ff0053,
	0xaa220000, 0xff000053, 0xaa230000, 0xffff0053,
	0xaa240000, 0xffff0053, 0xaa250000, 0xffff0053,
	0xaa260000, 0xffff0053, 0xaa270000, 0x00ff0053,
	0xaa280000, 0xffff0053, 0xaa290000, 0xffff0053,
	0xaa2a0000, 0x00ff0053, 0xaa2a0000, 0xff000053,
	0xaa2b0000, 0xffff0053, 0xaa2c0000, 0xffff0053,
	0xaa2d0000, 0xffff0053, 0xaa2e0000, 0xffff0053,
	0xaa2f0000, 0x00ff0053, 0xaa300000, 0xffff0053,
	0xaa310000, 0xffff0053, 0xaa320000, 0x00ff0053,
	0xaa320000, 0xff000053, 0xaa330000, 0xffff0053,
	0xaa340000, 0xffff0053, 0xaa350000, 0xffff0053,
	0xaa360000, 0xffff0053, 0xaa370000, 0x00ff0053,
	0xaa380000, 0xffff0053, 0xaa390000, 0xffff0053,
	0xaa3a0000, 0x00ff0053, 0xaa3a0000, 0xff000053,
	0xaa3b0000, 0xffff0053, 0xaa3c0000, 0xffff0053,
	0xaa3d0000, 0xffff0053, 0xaa3e0000, 0xffff0053,
	0xaa3f0000, 0x00ff0053, 0xaa400000, 0xffff0053,
	0xaa410000, 0xffff0053, 0xaa420000, 0x00ff0053,
	0xaa420000, 0xff000053, 0xaa430000, 0xffff0053,
	0xaa440000, 0xffff0053, 0xaa450000, 0xffff0053,
	0xaa460000, 0xffff0053, 0xaa470000, 0x00ff0053,
	0xaa480000, 0xffff0053, 0xaa490000, 0xffff0053,
	0xaa4a0000, 0x00ff0053, 0xaa4a0000, 0xff000053,
	0xaa4b0000, 0xffff0053, 0xaa4c0000, 0xffff0053,
	0xaa4d0000, 0xffff0053, 0xaa4e0000, 0xffff0053,
	0xaa4f0000, 0x00ff0053, 0xaa500000, 0xffff0053,
	0xaa510000, 0xffff0053, 0xaa520000, 0x00ff0053,
	0xaa520000, 0xff000053, 0xaa530000, 0xffff0053,
	0xaa540000, 0xffff0053, 0xaa550000, 0xffff0053,
	0xaa560000, 0xffff0053, 0xaa570000, 0x00ff0053,
	0xaa580000, 0xffff0053, 0xaa590000, 0xffff0053,
	0xaa5a0000, 0x00ff0053, 0xaa5a0000, 0xff000053,
	0xaa5b0000, 0xffff0053, 0xaa5c0000, 0xffff0053,
	0xaa5d0000, 0xffff0053, 0xaa5e0000, 0xffff0053,
	0xaa5f0000, 0x00ff0053, 0xaa600000, 0xffff0053,
	0xaa610000, 0xffff0053, 0xaa620000, 0x00ff0053,
	0xaa620000, 0xff000053, 0xaa630000, 0xffff0053,
	0xaa640000, 0xffff0053, 0xaa650000, 0xffff0053,
	0xaa660000, 0xffff0053, 0xaa670000, 0x00ff0053,
	0xaa680000, 0xffff0053, 0xaa690000, 0xffff0053,
	0xaa6a0000, 0x00ff0053, 0xaa6a0000, 0xff000053,
	0xaa6b0000, 0xffff0053, 0xaa6c0000, 0xffff0053,
	0xaa6d0000, 0xffff0053, 0xaa6e0000, 0xffff0053,
	0xaa6f0000, 0x00ff0053, 0xaa700000, 0xffff0053,
	0xaa710000, 0xffff0053, 0xaa720000, 0x00ff0053,
	0xaa720000, 0xff000053, 0xaa730000, 0xffff0053,
	0xaa740000, 0xffff0053, 0xaa750000, 0xffff0053,
	0xaa760000, 0xffff0053, 0xaa770000, 0x00ff0053,
	0xaa780000, 0xffff0053, 0xaa790000, 0xffff0053,
	0xaa7a0000, 0x00ff0053, 0xaa7a0000, 0xff000053,
	0xaa7b0000, 0xffff0053, 0xaa7c0000, 0xffff0053,
	0xad010000, 0x00100053, 0xad010000, 0x03000053,
	0xad080000, 0x80000053, 0xad100000, 0x80000053,
	0xad080000, 0x1fff0053, 0xad090000, 0x1fff0053,
	0xad0a0000, 0x1fff0053, 0xad0b0000, 0x1fff0053,
	0xad0c0000, 0x1fff0053, 0xad0d0000, 0x1fff0053,
	0xad0e0000, 0x1fff0053, 0xad0f0000, 0x1fff0053,
	0xad100000, 0x00ff0053, 0xad110000, 0x00ff0053,
	0xad120000, 0x00ff0053, 0xad130000, 0x00ff0053,
	0xad140000, 0x00ff0053, 0xad150000, 0x00ff0053,
	0xad160000, 0x00ff0053, 0xad170000, 0x00ff0053,
	0xad180000, 0x00030053, 0xad190000, 0x00030053,
	0xad190000, 0x03000053, 0xad180000, 0x80000053,
	0xa9010000, 0x00010053, 0xa9010000, 0x00020053,
	0xae180001, 0x00030053, 0xac7b0000, 0x00800053,
	0xab060000, 0x00ff0053, 0xab070002, 0x00020053,
	0xab348001, 0x80010053, 0xac070000, 0x00200053,
	0xac7302d0, 0xffff0053, 0xac7401e0, 0xffff0053,
	0xab060000, 0x00ff0053, 0xac720000, 0x80000053,
	0xac790001, 0x00010053, 0xac320001, 0x00010053,
	0xac010000, 0x20000053, 0xac011000, 0x10000053,
	0xac018000, 0x80000053, 0xac020001, 0x00010053,
	0xac020000, 0x00020053, 0xac020004, 0x00040053,
	0xac020000, 0x00080053, 0xac020000, 0x00100053,
	0xac020000, 0x00200053, 0xac1f0005, 0x00070053,
	0xac010000, 0x00040053, 0xac082000, 0xffff0053,
	0xac09031f, 0xffff0053, 0xac0a0691, 0xffff0053,
	0xac0b2000, 0xffff0053, 0xac0cfc5b, 0xffff0053,
	0xac0d0443, 0xffff0053, 0xac0e2000, 0xffff0053,
	0xac0f010b, 0xffff0053, 0xac10ea57, 0xffff0053,
	0xac118000, 0xffff0053, 0xac12004d, 0xffff0053,
	0xac13f000, 0xffff0053, 0xac140004, 0xffff0053,
	0xac151000, 0xffff0053, 0xac16ff5b, 0xffff0053,
	0xac1bffff, 0xffff0053, 0xac1c01ff, 0xffff0053,
	0xac070280, 0x03800053, 0xac170000, 0xffff0053,
	0xac18fff0, 0xffff0053, 0xac190010, 0xffff0053,
	0xac1a0001, 0x00010053, 0xac070000, 0x00020053,
	0xac070000, 0x000c0053, 0xac010000, 0x00080053,
	0xac070001, 0x00010053, 0xac010000, 0x00100053,
	0xac204000, 0xffff0053, 0xac21ffff, 0xffff0053,
	0xac22ffff, 0xffff0053, 0xac23ffff, 0xffff0053,
	0xac244000, 0xffff0053, 0xac25ffff, 0xffff0053,
	0xac26ffff, 0xffff0053, 0xac27ffff, 0xffff0053,
	0xac284000, 0xffff0053, 0xac070c00, 0x0c000053,
	0xac010000, 0x00200053, 0xac070000, 0x00100053,
	0xab440000, 0x80000053, 0xac010000, 0x00400053,
	0xac070000, 0x30000053, 0xac290666, 0xffff0053,
	0xac2a0666, 0xffff0053, 0xac2b0333, 0xffff0053,
	0xac2c4748, 0xffff0053, 0xac2db262, 0xffff0053,
	0xac2e0656, 0xffff0053, 0xac2f0ce4, 0xffff0053,
	0xac3005b7, 0xffff0053, 0xac31ed65, 0xffff0053,
	0xac010000, 0x00800053, 0xac010000, 0x00010053,
	0xac5d0000, 0x00040053, 0xac5d0000, 0x00080053,
	0xac5d0000, 0x00010053, 0xac5d0000, 0x00020053,
	0xac720000, 0x00030053, 0xac708000, 0x80000053,
	0xac718000, 0x80000053, 0xac718000, 0x80000053,
	0xac718000, 0x80000053, 0xac718000, 0x80000053,
};

uint32_t idk_ut_5005_ipt_sdr_dsys_sub_ml_tbl[] = {
	0xae020000, 0xffff0053, 0xae030000, 0x00ff0053,
	0xae040000, 0xffff0053, 0xae050000, 0x00ff0053,
	0xae060000, 0xffff0053, 0xae070000, 0x00ff0053,
	0xae0a0000, 0xffff0053, 0xae0b0000, 0x00ff0053,
	0xae0c0000, 0xffff0053, 0xae0d0000, 0x00ff0053,
	0xae0e0000, 0xffff0053, 0xae0f0000, 0x00ff0053,
	0xae120000, 0xffff0053, 0xae130000, 0x00ff0053,
	0xae140000, 0xffff0053, 0xae150000, 0x00ff0053,
	0xae160000, 0xffff0053, 0xae170000, 0x00ff0053,
	0xae010000, 0x03ff0053, 0xae090000, 0x03ff0053,
	0xae110000, 0x03ff0053, 0xae010000, 0x80000053,
	0xad010000, 0x00040053, 0xad010000, 0x00080053,
	0xad010000, 0x00020053, 0xa9080000, 0x03ff0053,
	0xa9090006, 0x03ff0053, 0xa90a005f, 0x03ff0053,
	0xa90b015f, 0x03ff0053, 0xa90c025f, 0x03ff0053,
	0xa90d035f, 0x03ff0053, 0xa90e03ff, 0x03ff0053,
	0xa90f03ff, 0x03ff0053, 0xa91003ff, 0x03ff0053,
	0xa9125b55, 0xffff0053, 0xa9130000, 0x3fff0053,
	0xa91441c0, 0xffff0053, 0xa9150113, 0x3fff0053,
	0xa916b4e0, 0xffff0053, 0xa91716a0, 0x3fff0053,
	0xa9187d24, 0xffff0053, 0xa9190001, 0x3fff0053,
	0xa91aeed4, 0xffff0053, 0xa91b00a6, 0x3fff0053,
	0xa91c6400, 0xffff0053, 0xa91d3ea8, 0x3fff0053,
	0xa91edc91, 0xffff0053, 0xa91f0002, 0x3fff0053,
	0xa920d2cd, 0xffff0053, 0xa921007d, 0x3fff0053,
	0xa922f955, 0xffff0053, 0xa9233fd6, 0x3fff0053,
	0xa9244e44, 0xffff0053, 0xa9250007, 0x3fff0053,
	0xa926c09b, 0xffff0053, 0xa927005d, 0x3fff0053,
	0xa928e7c4, 0xffff0053, 0xa929000d, 0x3fff0053,
	0xa92a8fdf, 0xffff0053, 0xa92b3ffc, 0x3fff0053,
	0xa92cda67, 0xffff0053, 0xa92d0086, 0x3fff0053,
	0xa92ebc0a, 0xffff0053, 0xa92f3fe6, 0x3fff0053,
	0xa930b6ce, 0xffff0053, 0xa9310057, 0x3fff0053,
	0xa932ef0f, 0xffff0053, 0xa9333fbd, 0x3fff0053,
	0xa934e2d7, 0xffff0053, 0xa9350054, 0x3fff0053,
	0xa936b6ce, 0xffff0053, 0xa9370057, 0x3fff0053,
	0xa938ef0f, 0xffff0053, 0xa9393fbd, 0x3fff0053,
	0xa93ae2d7, 0xffff0053, 0xa93b0054, 0x3fff0053,
	0xa93cb6ce, 0xffff0053, 0xa93d0057, 0x3fff0053,
	0xa93eef0f, 0xffff0053, 0xa93f3fbd, 0x3fff0053,
	0xa940e2d7, 0xffff0053, 0xa9410054, 0x3fff0053,
	0xa9420000, 0x03ff0053, 0xa94303ff, 0x03ff0053,
	0xa94403ff, 0x03ff0053, 0xa94503ff, 0x03ff0053,
	0xa94603ff, 0x03ff0053, 0xa94803b0, 0xffff0053,
	0xa9493fe0, 0x3fff0053, 0xa94a851f, 0xffff0053,
	0xa94b00d6, 0x3fff0053, 0xa94c0000, 0xffff0053,
	0xa94d0000, 0x3fff0053, 0xa94e03b0, 0xffff0053,
	0xa94f3fe0, 0x3fff0053, 0xa950851f, 0xffff0053,
	0xa95100d6, 0x3fff0053, 0xa9520000, 0xffff0053,
	0xa9530000, 0x3fff0053, 0xa95403b0, 0xffff0053,
	0xa9553fe0, 0x3fff0053, 0xa956851f, 0xffff0053,
	0xa95700d6, 0x3fff0053, 0xa9580000, 0xffff0053,
	0xa9590000, 0x3fff0053, 0xa95a03b0, 0xffff0053,
	0xa95b3fe0, 0x3fff0053, 0xa95c851f, 0xffff0053,
	0xa95d00d6, 0x3fff0053, 0xa95e0000, 0xffff0053,
	0xa95f0000, 0x3fff0053, 0xa9600000, 0x03ff0053,
	0xa96103ff, 0x03ff0053, 0xa96203ff, 0x03ff0053,
	0xa96303ff, 0x03ff0053, 0xa96403ff, 0x03ff0053,
	0xa9669dc2, 0xffff0053, 0xa9673fda, 0x3fff0053,
	0xa9689320, 0xffff0053, 0xa96900d6, 0x3fff0053,
	0xa96a0000, 0xffff0053, 0xa96b0000, 0x3fff0053,
	0xa96c9dc2, 0xffff0053, 0xa96d3fda, 0x3fff0053,
	0xa96e9320, 0xffff0053, 0xa96f00d6, 0x3fff0053,
	0xa9700000, 0xffff0053, 0xa9710000, 0x3fff0053,
	0xa9729dc2, 0xffff0053, 0xa9733fda, 0x3fff0053,
	0xa9749320, 0xffff0053, 0xa97500d6, 0x3fff0053,
	0xa9760000, 0xffff0053, 0xa9770000, 0x3fff0053,
	0xa9789dc2, 0xffff0053, 0xa9793fda, 0x3fff0053,
	0xa97a9320, 0xffff0053, 0xa97b00d6, 0x3fff0053,
	0xa97c0000, 0xffff0053, 0xa97d0000, 0x3fff0053,
	0xaa080000, 0xffff0053, 0xaa090000, 0xffff0053,
	0xaa0a0000, 0x00ff0053, 0xaa0a0000, 0xff000053,
	0xaa0b0000, 0xffff0053, 0xaa0c0000, 0xffff0053,
	0xaa0d0000, 0xffff0053, 0xaa0e0000, 0xffff0053,
	0xaa0f0000, 0x00ff0053, 0xaa100000, 0xffff0053,
	0xaa110000, 0xffff0053, 0xaa120000, 0x00ff0053,
	0xaa120000, 0xff000053, 0xaa130000, 0xffff0053,
	0xaa140000, 0xffff0053, 0xaa150000, 0xffff0053,
	0xaa160000, 0xffff0053, 0xaa170000, 0x00ff0053,
	0xaa180000, 0xffff0053, 0xaa190000, 0xffff0053,
	0xaa1a0000, 0x00ff0053, 0xaa1a0000, 0xff000053,
	0xaa1b0000, 0xffff0053, 0xaa1c0000, 0xffff0053,
	0xaa1d0000, 0xffff0053, 0xaa1e0000, 0xffff0053,
	0xaa1f0000, 0x00ff0053, 0xaa200000, 0xffff0053,
	0xaa210000, 0xffff0053, 0xaa220000, 0x00ff0053,
	0xaa220000, 0xff000053, 0xaa230000, 0xffff0053,
	0xaa240000, 0xffff0053, 0xaa250000, 0xffff0053,
	0xaa260000, 0xffff0053, 0xaa270000, 0x00ff0053,
	0xaa280000, 0xffff0053, 0xaa290000, 0xffff0053,
	0xaa2a0000, 0x00ff0053, 0xaa2a0000, 0xff000053,
	0xaa2b0000, 0xffff0053, 0xaa2c0000, 0xffff0053,
	0xaa2d0000, 0xffff0053, 0xaa2e0000, 0xffff0053,
	0xaa2f0000, 0x00ff0053, 0xaa300000, 0xffff0053,
	0xaa310000, 0xffff0053, 0xaa320000, 0x00ff0053,
	0xaa320000, 0xff000053, 0xaa330000, 0xffff0053,
	0xaa340000, 0xffff0053, 0xaa350000, 0xffff0053,
	0xaa360000, 0xffff0053, 0xaa370000, 0x00ff0053,
	0xaa380000, 0xffff0053, 0xaa390000, 0xffff0053,
	0xaa3a0000, 0x00ff0053, 0xaa3a0000, 0xff000053,
	0xaa3b0000, 0xffff0053, 0xaa3c0000, 0xffff0053,
	0xaa3d0000, 0xffff0053, 0xaa3e0000, 0xffff0053,
	0xaa3f0000, 0x00ff0053, 0xaa400000, 0xffff0053,
	0xaa410000, 0xffff0053, 0xaa420000, 0x00ff0053,
	0xaa420000, 0xff000053, 0xaa430000, 0xffff0053,
	0xaa440000, 0xffff0053, 0xaa450000, 0xffff0053,
	0xaa460000, 0xffff0053, 0xaa470000, 0x00ff0053,
	0xaa480000, 0xffff0053, 0xaa490000, 0xffff0053,
	0xaa4a0000, 0x00ff0053, 0xaa4a0000, 0xff000053,
	0xaa4b0000, 0xffff0053, 0xaa4c0000, 0xffff0053,
	0xaa4d0000, 0xffff0053, 0xaa4e0000, 0xffff0053,
	0xaa4f0000, 0x00ff0053, 0xaa500000, 0xffff0053,
	0xaa510000, 0xffff0053, 0xaa520000, 0x00ff0053,
	0xaa520000, 0xff000053, 0xaa530000, 0xffff0053,
	0xaa540000, 0xffff0053, 0xaa550000, 0xffff0053,
	0xaa560000, 0xffff0053, 0xaa570000, 0x00ff0053,
	0xaa580000, 0xffff0053, 0xaa590000, 0xffff0053,
	0xaa5a0000, 0x00ff0053, 0xaa5a0000, 0xff000053,
	0xaa5b0000, 0xffff0053, 0xaa5c0000, 0xffff0053,
	0xaa5d0000, 0xffff0053, 0xaa5e0000, 0xffff0053,
	0xaa5f0000, 0x00ff0053, 0xaa600000, 0xffff0053,
	0xaa610000, 0xffff0053, 0xaa620000, 0x00ff0053,
	0xaa620000, 0xff000053, 0xaa630000, 0xffff0053,
	0xaa640000, 0xffff0053, 0xaa650000, 0xffff0053,
	0xaa660000, 0xffff0053, 0xaa670000, 0x00ff0053,
	0xaa680000, 0xffff0053, 0xaa690000, 0xffff0053,
	0xaa6a0000, 0x00ff0053, 0xaa6a0000, 0xff000053,
	0xaa6b0000, 0xffff0053, 0xaa6c0000, 0xffff0053,
	0xaa6d0000, 0xffff0053, 0xaa6e0000, 0xffff0053,
	0xaa6f0000, 0x00ff0053, 0xaa700000, 0xffff0053,
	0xaa710000, 0xffff0053, 0xaa720000, 0x00ff0053,
	0xaa720000, 0xff000053, 0xaa730000, 0xffff0053,
	0xaa740000, 0xffff0053, 0xaa750000, 0xffff0053,
	0xaa760000, 0xffff0053, 0xaa770000, 0x00ff0053,
	0xaa780000, 0xffff0053, 0xaa790000, 0xffff0053,
	0xaa7a0000, 0x00ff0053, 0xaa7a0000, 0xff000053,
	0xaa7b0000, 0xffff0053, 0xaa7c0000, 0xffff0053,
	0xad010000, 0x00100053, 0xad010000, 0x03000053,
	0xad080000, 0x80000053, 0xad100000, 0x80000053,
	0xad080000, 0x1fff0053, 0xad090000, 0x1fff0053,
	0xad0a0000, 0x1fff0053, 0xad0b0000, 0x1fff0053,
	0xad0c0000, 0x1fff0053, 0xad0d0000, 0x1fff0053,
	0xad0e0000, 0x1fff0053, 0xad0f0000, 0x1fff0053,
	0xad100000, 0x00ff0053, 0xad110000, 0x00ff0053,
	0xad120000, 0x00ff0053, 0xad130000, 0x00ff0053,
	0xad140000, 0x00ff0053, 0xad150000, 0x00ff0053,
	0xad160000, 0x00ff0053, 0xad170000, 0x00ff0053,
	0xad180000, 0x00030053, 0xad190000, 0x00030053,
	0xad190000, 0x03000053, 0xad180000, 0x80000053,
	0xa9010000, 0x00010053, 0xa9010000, 0x00020053,
	0xae180001, 0x00030053, 0xac7b0000, 0x00800053,
	0xab060000, 0x00ff0053, 0xab070002, 0x00020053,
	0xab348001, 0x80010053, 0xac070000, 0x00200053,
	0xac7302d0, 0xffff0053, 0xac7401e0, 0xffff0053,
	0xab060000, 0x00ff0053, 0xac720000, 0x80000053,
	0xac790001, 0x00010053, 0xac320001, 0x00010053,
	0xac010000, 0x20000053, 0xac011000, 0x10000053,
	0xac018000, 0x80000053, 0xac020001, 0x00010053,
	0xac020000, 0x00020053, 0xac020004, 0x00040053,
	0xac020000, 0x00080053, 0xac020000, 0x00100053,
	0xac020000, 0x00200053, 0xac1f0005, 0x00070053,
	0xac010000, 0x00040053, 0xac082000, 0xffff0053,
	0xac09031f, 0xffff0053, 0xac0a0691, 0xffff0053,
	0xac0b2000, 0xffff0053, 0xac0cfc5b, 0xffff0053,
	0xac0d0443, 0xffff0053, 0xac0e2000, 0xffff0053,
	0xac0f010b, 0xffff0053, 0xac10ea57, 0xffff0053,
	0xac118000, 0xffff0053, 0xac12004d, 0xffff0053,
	0xac13f000, 0xffff0053, 0xac140004, 0xffff0053,
	0xac151000, 0xffff0053, 0xac16ff5b, 0xffff0053,
	0xac1bffff, 0xffff0053, 0xac1c01ff, 0xffff0053,
	0xac070280, 0x03800053, 0xac170000, 0xffff0053,
	0xac18fff0, 0xffff0053, 0xac190010, 0xffff0053,
	0xac1a0001, 0x00010053, 0xac070000, 0x00020053,
	0xac070000, 0x000c0053, 0xac010000, 0x00080053,
	0xac070001, 0x00010053, 0xac010000, 0x00100053,
	0xac204000, 0xffff0053, 0xac21ffff, 0xffff0053,
	0xac22ffff, 0xffff0053, 0xac23ffff, 0xffff0053,
	0xac244000, 0xffff0053, 0xac25ffff, 0xffff0053,
	0xac26ffff, 0xffff0053, 0xac27ffff, 0xffff0053,
	0xac284000, 0xffff0053, 0xac070c00, 0x0c000053,
	0xac010000, 0x00200053, 0xac070000, 0x00100053,
	0xab440000, 0x80000053, 0xac010000, 0x00400053,
	0xac070000, 0x30000053, 0xac290666, 0xffff0053,
	0xac2a0666, 0xffff0053, 0xac2b0333, 0xffff0053,
	0xac2c4748, 0xffff0053, 0xac2db262, 0xffff0053,
	0xac2e0656, 0xffff0053, 0xac2f0ce4, 0xffff0053,
	0xac3005b7, 0xffff0053, 0xac31ed65, 0xffff0053,
	0xac010000, 0x00800053, 0xac010000, 0x00010053,
	0xac5d0000, 0x00040053, 0xac5d0000, 0x00080053,
	0xac5d0000, 0x00010053, 0xac5d0000, 0x00020053,
	0xac720000, 0x00030053, 0xac708000, 0x80000053,
	0xac718000, 0x80000053, 0xac718000, 0x80000053,
	0xac718000, 0x80000053, 0xac718000, 0x80000053,
};

uint32_t idk_ut_5005_ipt_ipt_g_lut[] = {
	0x00000511, 0x07ff8104, 0x01ffe3a3, 0x0000b000,
	0x00000000, 0x00000000, 0x00000000, 0x00000000,
	0x0000105e, 0x47ff8104, 0x01ffe3a1, 0x0001b000,
	0x00000000, 0x00000000, 0x00000000, 0x00000000,
	0x000023e7, 0xc7ff8104, 0x01ffe39f, 0x0002b000,
	0x00000000, 0x00000000, 0x00000000, 0x00000000,
	0x000040c1, 0x07ff8104, 0x01ffe39e, 0x0003b000,
	0x00000000, 0x00000000, 0x00000000, 0x00000000,
	0x000067e2, 0x47ff8104, 0x01ffe39c, 0x0004b000,
	0x00000000, 0x00000000, 0x00000000, 0x00000000,
	0x00009a61, 0x87ff8104, 0x01ffe39a, 0x0005b000,
	0x00000000, 0x00000000, 0x00000000, 0x00000000,
	0x0000d862, 0xc7ff8104, 0x01ffe398, 0x0006b000,
	0x00000000, 0x00000000, 0x00000000, 0x00000000,
	0x0001233e, 0x07ff8104, 0x01ffe397, 0x0007b000,
	0x00000000, 0x00000000, 0x00000000, 0x00000000,
	0x00017cb2, 0x87ff8104, 0x01ffe395, 0x0008b000,
	0x00000000, 0x00000000, 0x00000000, 0x00000000,
	0x0001e231, 0x47ff8105, 0x01ffe394, 0x0009b000,
	0x00000000, 0x00000000, 0x00000000, 0x00000000,
	0x000257d8, 0x87ff8105, 0x01ffe392, 0x000ab000,
	0x00000000, 0x00000000, 0x00000000, 0x00000000,
	0x0002db3d, 0x47ff8106, 0x01ffe391, 0x000bb000,
	0x00000000, 0x00000000, 0x00000000, 0x00000000,
	0x00036f76, 0x07ff8107, 0x01ffe390, 0x000cb000,
	0x00000000, 0x00000000, 0x00000000, 0x00000000,
	0x00040edc, 0x07ff8108, 0x01ffe38f, 0x000db000,
	0x00000000, 0x00000000, 0x00000000, 0x00000000,
	0x0004c2df, 0x47ff810a, 0x01ffe38e, 0x000eb000,
	0x00000000, 0x00000000, 0x00000000, 0x00000000,
	0x00058942, 0x07ff810b, 0x01ffe38d, 0x000fb000,
	0x00000000, 0x00000000, 0x00000000, 0x00000000,
	0x00065d81, 0x47ff810d, 0x01ffe38c, 0x0010b000,
	0x00000000, 0x00000000, 0x00000000, 0x00000000,
	0x000744ef, 0x87ff810f, 0x01ffe38b, 0x0011b000,
	0x00000000, 0x00000000, 0x00000000, 0x00000000,
	0x00083eea, 0x07ff8111, 0x01ffe38b, 0x0012b000,
	0x00000000, 0x00000000, 0x00000000, 0x00000000,
	0x00094fbf, 0xc7ff8114, 0x01ffe38a, 0x0013b000,
	0x00000000, 0x00000000, 0x00000000, 0x00000000,
	0x000a65b0, 0xc7ff8116, 0x01ffe389, 0x0014b000,
	0x00000000, 0x00000000, 0x00000000, 0x00000000,
	0x000b9c0b, 0x87ff8119, 0x01ffe389, 0x0015b000,
	0x00000000, 0x00000000, 0x00000000, 0x00000000,
	0x000ce043, 0x87ff811c, 0x01ffe389, 0x0016b000,
	0x00000000, 0x00000000, 0x00000000, 0x00000000,
	0x000e3f9a, 0x47ff811f, 0x01ffe389, 0x0017b000,
	0x00000000, 0x00000000, 0x00000000, 0x00000000,
	0x000fa940, 0x47ff8123, 0x01ffe389, 0x0018b000,
	0x00000000, 0x00000000, 0x00000000, 0x00000000,
	0x00112cda, 0x87ff8127, 0x01ffe389, 0x0019b000,
	0x00000000, 0x00000000, 0x00000000, 0x00000000,
	0x0012cb17, 0x87ff812a, 0x01ffe389, 0x001ab000,
	0x00000000, 0x00000000, 0x00000000, 0x00000000,
	0x00146ce8, 0x07ff812f, 0x01ffe38a, 0x001bb000,
	0x00000000, 0x00000000, 0x00000000, 0x00000000,
	0x00163304, 0x47ff8133, 0x01ffe38a, 0x001cb000,
	0x00000000, 0x00000000, 0x00000000, 0x00000000,
	0x001812ae, 0x87ff8137, 0x01ffe38a, 0x001db000,
	0x00000000, 0x00000000, 0x00000000, 0x00000000,
	0x0019fcd0, 0x07ff813c, 0x01ffe38b, 0x001eb000,
	0x00000000, 0x00000000, 0x00000000, 0x00000000,
	0x001bfdcb, 0xc7ff8141, 0x01ffe38b, 0x001fb000,
	0x00000000, 0x00000000, 0x00000000, 0x00000000,
	0x001e2650, 0x87ff8146, 0x01ffe38c, 0x0020b000,
	0x00000000, 0x00000000, 0x00000000, 0x00000000,
	0x00205418, 0x47ff814b, 0x01ffe38d, 0x0021b000,
	0x00000000, 0x00000000, 0x00000000, 0x00000000,
	0x0022963b, 0xc7ff8150, 0x01ffe38d, 0x0022b000,
	0x00000000, 0x00000000, 0x00000000, 0x00000000,
	0x002500bf, 0x87ff8156, 0x01ffe38e, 0x0023b000,
	0x00000000, 0x00000000, 0x00000000, 0x00000000,
	0x002768f3, 0x47ff815b, 0x01ffe38f, 0x0024b000,
	0x00000000, 0x00000000, 0x00000000, 0x00000000,
	0x0029f924, 0x47ff8161, 0x01ffe390, 0x0025b000,
	0x00000000, 0x00000000, 0x00000000, 0x00000000,
	0x002c9a69, 0x47ff8167, 0x01ffe391, 0x0026b000,
	0x00000000, 0x00000000, 0x00000000, 0x00000000,
	0x002f6604, 0x87ff816d, 0x01ffe392, 0x0027b000,
	0x00000000, 0x00000000, 0x00000000, 0x00000000,
	0x00324142, 0x47ff8173, 0x01ffe393, 0x0028b000,
	0x00000000, 0x00000000, 0x00000000, 0x00000000,
	0x003529f7, 0x47ff8179, 0x01ffe394, 0x0029b000,
	0x00000000, 0x00000000, 0x00000000, 0x00000000,
	0x00381d43, 0x47ff817f, 0x01ffe395, 0x002ab000,
	0x00000000, 0x00000000, 0x00000000, 0x00000000,
	0x003b3aa6, 0x87ff8186, 0x01ffe396, 0x002bb000,
	0x00000000, 0x00000000, 0x00000000, 0x00000000,
	0x003e844c, 0x87ff818c, 0x01ffe397, 0x002cb000,
	0x00000000, 0x00000000, 0x00000000, 0x00000000,
	0x0041fc9c, 0xc7ff8193, 0x01ffe398, 0x002db000,
	0x00000000, 0x00000000, 0x00000000, 0x00000000,
	0x00455622, 0xc7ff8199, 0x01ffe399, 0x002eb000,
	0x00000000, 0x00000000, 0x00000000, 0x00000000,
	0x0048db32, 0x07ff81a0, 0x01ffe39b, 0x002fb000,
	0x00000000, 0x00000000, 0x00000000, 0x00000000,
	0x004c8e33, 0x47ff81a7, 0x01ffe39c, 0x0030b000,
	0x00000000, 0x00000000, 0x00000000, 0x00000000,
	0x005042a5, 0x87ff81ae, 0x01ffe39d, 0x0031b000,
	0x00000000, 0x00000000, 0x00000000, 0x00000000,
	0x00542547, 0x47ff81b4, 0x01ffe39e, 0x0032b000,
	0x00000000, 0x00000000, 0x00000000, 0x00000000,
	0x005837c7, 0x87ff81bb, 0x01ffe39f, 0x0033b000,
	0x00000000, 0x00000000, 0x00000000, 0x00000000,
	0x005c47a1, 0x07ff81c2, 0x01ffe3a1, 0x0034b000,
	0x00000000, 0x00000000, 0x00000000, 0x00000000,
	0x00608759, 0x07ff81c9, 0x01ffe3a2, 0x0035b000,
	0x00000000, 0x00000000, 0x00000000, 0x00000000,
	0x0064bf21, 0xc7ff81d1, 0x01ffe3a3, 0x0036b000,
	0x00000000, 0x00000000, 0x00000000, 0x00000000,
	0x0069260f, 0xc7ff81d8, 0x01ffe3a4, 0x0037b000,
	0x00000000, 0x00000000, 0x00000000, 0x00000000,
	0x006dbe4c, 0xc7ff81df, 0x01ffe3a5, 0x0038b000,
	0x00000000, 0x00000000, 0x00000000, 0x00000000,
	0x007247dd, 0x07ff81e6, 0x01ffe3a7, 0x0039b000,
	0x00000000, 0x00000000, 0x00000000, 0x00000000,
	0x00774617, 0x07ff81ed, 0x01ffe3a8, 0x003ab000,
	0x00000000, 0x00000000, 0x00000000, 0x00000000,
	0x007bed00, 0x87ff81f5, 0x01ffe3a9, 0x003bb000,
	0x00000000, 0x00000000, 0x00000000, 0x00000000,
	0x0080c293, 0x87ff81fc, 0x01ffe3aa, 0x003cb000,
	0x00000000, 0x00000000, 0x00000000, 0x00000000,
	0x00861579, 0xc7ff8203, 0x01ffe3ab, 0x003db000,
	0x00000000, 0x00000000, 0x00000000, 0x00000000,
	0x008b5051, 0x47ff820b, 0x01ffe3ad, 0x003eb000,
	0x00000000, 0x00000000, 0x00000000, 0x00000000,
	0x00906c21, 0x47ff8212, 0x01ffe3ae, 0x003fb000,
	0x00000000, 0x00000000, 0x00000000, 0x00000000,
	0x00960e2a, 0x87ff821a, 0x01ffe3af, 0x0040b000,
	0x00000000, 0x00000000, 0x00000000, 0x00000000,
	0x009b8ec4, 0x87ff8221, 0x01ffe3b0, 0x0041b000,
	0x00000000, 0x00000000, 0x00000000, 0x00000000,
	0x00a14314, 0x87ff8228, 0x01ffe3b1, 0x0042b000,
	0x00000000, 0x00000000, 0x00000000, 0x00000000,
	0x00a72ccc, 0xc7ff8230, 0x01ffe3b2, 0x0043b000,
	0x00000000, 0x00000000, 0x00000000, 0x00000000,
	0x00acea7e, 0x07ff8238, 0x01ffe3b4, 0x0044b000,
	0x00000000, 0x00000000, 0x00000000, 0x00000000,
	0x00b2da76, 0x07ff823f, 0x01ffe3b5, 0x0045b000,
	0x00000000, 0x00000000, 0x00000000, 0x00000000,
	0x00b8fede, 0x47ff8247, 0x01ffe3b6, 0x0046b000,
	0x00000000, 0x00000000, 0x00000000, 0x00000000,
	0x00bf58ea, 0x07ff824e, 0x01ffe3b7, 0x0047b000,
	0x00000000, 0x00000000, 0x00000000, 0x00000000,
	0x00c5eb02, 0x47ff8256, 0x01ffe3b8, 0x0048b000,
	0x00000000, 0x00000000, 0x00000000, 0x00000000,
	0x00cc4135, 0x47ff825d, 0x01ffe3b9, 0x0049b000,
	0x00000000, 0x00000000, 0x00000000, 0x00000000,
	0x00d2cb1f, 0x47ff8265, 0x01ffe3ba, 0x004ab000,
	0x00000000, 0x00000000, 0x00000000, 0x00000000,
	0x00d98aad, 0x87ff826d, 0x01ffe3bb, 0x004bb000,
	0x00000000, 0x00000000, 0x00000000, 0x00000000,
	0x00e08151, 0x87ff8274, 0x01ffe3bc, 0x004cb000,
	0x00000000, 0x00000000, 0x00000000, 0x00000000,
	0x00e7b171, 0xc7ff827c, 0x01ffe3bd, 0x004db000,
	0x00000000, 0x00000000, 0x00000000, 0x00000000,
	0x00ef1c43, 0x07ff8284, 0x01ffe3bf, 0x004eb000,
	0x00000000, 0x00000000, 0x00000000, 0x00000000,
	0x00f635c7, 0x07ff828c, 0x01ffe3c0, 0x004fb000,
	0x00000000, 0x00000000, 0x00000000, 0x00000000,
	0x00fd852d, 0xc7ff8293, 0x01ffe3c0, 0x0050b000,
	0x00000000, 0x00000000, 0x00000000, 0x00000000,
	0x01050c61, 0xc7ff829b, 0x01ffe3c1, 0x0051b000,
	0x00000000, 0x00000000, 0x00000000, 0x00000000,
	0x010ccc97, 0x07ff82a3, 0x01ffe3c3, 0x0052b000,
	0x00000000, 0x00000000, 0x00000000, 0x00000000,
	0x011428bd, 0x87ff82aa, 0x01ffe3c3, 0x0053b000,
	0x00000000, 0x00000000, 0x00000000, 0x00000000,
	0x011c5bed, 0xc7ff82b2, 0x01ffe3c4, 0x0054b000,
	0x00000000, 0x00000000, 0x00000000, 0x00000000,
	0x0124cd6a, 0xc7ff82ba, 0x01ffe3c5, 0x0055b000,
	0x00000000, 0x00000000, 0x00000000, 0x00000000,
	0x012cd175, 0xc7ff82c2, 0x01ffe3c6, 0x0056b000,
	0x00000000, 0x00000000, 0x00000000, 0x00000000,
	0x01350dc9, 0xc7ff82ca, 0x01ffe3c7, 0x0057b000,
	0x00000000, 0x00000000, 0x00000000, 0x00000000,
	0x013d83d8, 0x47ff82d1, 0x01ffe3c8, 0x0058b000,
	0x00000000, 0x00000000, 0x00000000, 0x00000000,
	0x01463551, 0x47ff82d9, 0x01ffe3c9, 0x0059b000,
	0x00000000, 0x00000000, 0x00000000, 0x00000000,
	0x014e62bb, 0x47ff82e1, 0x01ffe3ca, 0x005ab000,
	0x00000000, 0x00000000, 0x00000000, 0x00000000,
	0x01578a4f, 0x47ff82e9, 0x01ffe3cb, 0x005bb000,
	0x00000000, 0x00000000, 0x00000000, 0x00000000,
	0x01602718, 0x47ff82f1, 0x01ffe3cc, 0x005cb000,
	0x00000000, 0x00000000, 0x00000000, 0x00000000,
	0x0169cb08, 0xc7ff82f8, 0x01ffe3cc, 0x005db000,
	0x00000000, 0x00000000, 0x00000000, 0x00000000,
	0x0172dcf5, 0x87ff8300, 0x01ffe3cd, 0x005eb000,
	0x00000000, 0x00000000, 0x00000000, 0x00000000,
	0x017c28db, 0x87ff8308, 0x01ffe3ce, 0x005fb000,
	0x00000000, 0x00000000, 0x00000000, 0x00000000,
	0x0185b0a6, 0x47ff8310, 0x01ffe3cf, 0x0060b000,
	0x00000000, 0x00000000, 0x00000000, 0x00000000,
	0x018e8f1a, 0x47ff8318, 0x01ffe3d0, 0x0061b000,
	0x00000000, 0x00000000, 0x00000000, 0x00000000,
	0x0197a1c1, 0x07ff8320, 0x01ffe3d1, 0x0062b000,
	0x00000000, 0x00000000, 0x00000000, 0x00000000,
	0x01a1dad3, 0x87ff8327, 0x01ffe3d1, 0x0063b000,
	0x00000000, 0x00000000, 0x00000000, 0x00000000,
	0x01ac5365, 0x87ff832f, 0x01ffe3d2, 0x0064b000,
	0x00000000, 0x00000000, 0x00000000, 0x00000000,
	0x01b6133c, 0x47ff8337, 0x01ffe3d3, 0x0065b000,
	0x00000000, 0x00000000, 0x00000000, 0x00000000,
	0x01c10ea9, 0x07ff833f, 0x01ffe3d4, 0x0066b000,
	0x00000000, 0x00000000, 0x00000000, 0x00000000,
	0x01cb47bb, 0xc7ff8347, 0x01ffe3d4, 0x0067b000,
	0x00000000, 0x00000000, 0x00000000, 0x00000000,
	0x01d5bc74, 0x87ff834f, 0x01ffe3d5, 0x0068b000,
	0x00000000, 0x00000000, 0x00000000, 0x00000000,
	0x01e06cd5, 0x87ff8357, 0x01ffe3d6, 0x0069b000,
	0x00000000, 0x00000000, 0x00000000, 0x00000000,
	0x01eb5cb7, 0xc7ff835e, 0x01ffe3d6, 0x006ab000,
	0x00000000, 0x00000000, 0x00000000, 0x00000000,
	0x01f68c19, 0x87ff8366, 0x01ffe3d7, 0x006bb000,
	0x00000000, 0x00000000, 0x00000000, 0x00000000,
	0x0201fce8, 0x47ff836e, 0x01ffe3d8, 0x006cb000,
	0x00000000, 0x00000000, 0x00000000, 0x00000000,
	0x020db111, 0x07ff8376, 0x01ffe3d9, 0x006db000,
	0x00000000, 0x00000000, 0x00000000, 0x00000000,
	0x021872c3, 0xc7ff837e, 0x01ffe3d9, 0x006eb000,
	0x00000000, 0x00000000, 0x00000000, 0x00000000,
	0x0224a7da, 0x87ff8386, 0x01ffe3da, 0x006fb000,
	0x00000000, 0x00000000, 0x00000000, 0x00000000,
	0x022fe2c8, 0x07ff838e, 0x01ffe3db, 0x0070b000,
	0x00000000, 0x00000000, 0x00000000, 0x00000000,
	0x023b5771, 0xc7ff8396, 0x01ffe3db, 0x0071b000,
	0x00000000, 0x00000000, 0x00000000, 0x00000000,
	0x02485882, 0x87ff839e, 0x01ffe3dc, 0x0072b000,
	0x00000000, 0x00000000, 0x00000000, 0x00000000,
	0x02544e18, 0x07ff83a5, 0x01ffe3dd, 0x0073b000,
	0x00000000, 0x00000000, 0x00000000, 0x00000000,
	0x0260832f, 0xc7ff83ad, 0x01ffe3dd, 0x0074b000,
	0x00000000, 0x00000000, 0x00000000, 0x00000000,
	0x026cf5da, 0x47ff83b5, 0x01ffe3de, 0x0075b000,
	0x00000000, 0x00000000, 0x00000000, 0x00000000,
	0x0279abdf, 0x07ff83bd, 0x01ffe3df, 0x0076b000,
	0x00000000, 0x00000000, 0x00000000, 0x00000000,
	0x0286a351, 0x87ff83c5, 0x01ffe3df, 0x0077b000,
	0x00000000, 0x00000000, 0x00000000, 0x00000000,
	0x0293de1d, 0x47ff83cd, 0x01ffe3e0, 0x0078b000,
	0x00000000, 0x00000000, 0x00000000, 0x00000000,
	0x029fdb66, 0xc7ff83d5, 0x01ffe3e0, 0x0079b000,
	0x00000000, 0x00000000, 0x00000000, 0x00000000,
	0x02ad9af9, 0x87ff83dd, 0x01ffe3e1, 0x007ab000,
	0x00000000, 0x00000000, 0x00000000, 0x00000000,
	0x02bba3ac, 0x07ff83e5, 0x01ffe3e2, 0x007bb000,
	0x00000000, 0x00000000, 0x00000000, 0x00000000,
	0x02c859b1, 0x87ff83ed, 0x01ffe3e2, 0x007cb000,
	0x00000000, 0x00000000, 0x00000000, 0x00000000,
	0x02d6ecf1, 0xc7ff83f4, 0x01ffe3e2, 0x007db000,
	0x00000000, 0x00000000, 0x00000000, 0x00000000,
	0x02e421f7, 0x87ff83fc, 0x01ffe3e3, 0x007eb000,
	0x00000000, 0x00000000, 0x00000000, 0x00000000,
	0x02f19491, 0x07ff8404, 0x01ffe3e4, 0x007fb000,
	0x00000000, 0x00000000, 0x00000000, 0x00000000,
	0x03010144, 0x87ff840c, 0x01ffe3e4, 0x0080b000,
	0x00000000, 0x00000000, 0x00000000, 0x00000000,
	0x030efa91, 0x07ff8414, 0x01ffe3e5, 0x0081b000,
	0x00000000, 0x00000000, 0x00000000, 0x00000000,
	0x031d3360, 0x87ff841c, 0x01ffe3e5, 0x0082b000,
	0x00000000, 0x00000000, 0x00000000, 0x00000000,
	0x032baf88, 0x07ff8424, 0x01ffe3e6, 0x0083b000,
	0x00000000, 0x00000000, 0x00000000, 0x00000000,
	0x033a6f0b, 0x87ff842c, 0x01ffe3e6, 0x0084b000,
	0x00000000, 0x00000000, 0x00000000, 0x00000000,
	0x034973d3, 0x07ff8434, 0x01ffe3e7, 0x0085b000,
	0x00000000, 0x00000000, 0x00000000, 0x00000000,
	0x0358bde3, 0x47ff843b, 0x01ffe3e7, 0x0086b000,
	0x00000000, 0x00000000, 0x00000000, 0x00000000,
	0x03684f25, 0xc7ff8443, 0x01ffe3e7, 0x0087b000,
	0x00000000, 0x00000000, 0x00000000, 0x00000000,
	0x0378279a, 0x47ff844b, 0x01ffe3e8, 0x0088b000,
	0x00000000, 0x00000000, 0x00000000, 0x00000000,
	0x0386438c, 0xc7ff8453, 0x01ffe3e8, 0x0089b000,
	0x00000000, 0x00000000, 0x00000000, 0x00000000,
	0x0396a87b, 0x47ff845b, 0x01ffe3e9, 0x008ab000,
	0x00000000, 0x00000000, 0x00000000, 0x00000000,
	0x03a75876, 0xc7ff8463, 0x01ffe3e9, 0x008bb000,
	0x00000000, 0x00000000, 0x00000000, 0x00000000,
	0x03b85757, 0x47ff846b, 0x01ffe3ea, 0x008cb000,
	0x00000000, 0x00000000, 0x00000000, 0x00000000,
	0x03c77711, 0x87ff8473, 0x01ffe3ea, 0x008db000,
	0x00000000, 0x00000000, 0x00000000, 0x00000000,
	0x03d90c0b, 0x07ff847b, 0x01ffe3eb, 0x008eb000,
	0x00000000, 0x00000000, 0x00000000, 0x00000000,
	0x03e8b08b, 0x47ff8482, 0x01ffe3eb, 0x008fb000,
	0x00000000, 0x00000000, 0x00000000, 0x00000000,
	0x03f8948d, 0x87ff848a, 0x01ffe3eb, 0x0090b000,
	0x00000000, 0x00000000, 0x00000000, 0x00000000,
	0x0408b9fb, 0x07ff8492, 0x01ffe3ec, 0x0091b000,
	0x00000000, 0x00000000, 0x00000000, 0x00000000,
	0x04191eea, 0x87ff849a, 0x01ffe3ec, 0x0092b000,
	0x00000000, 0x00000000, 0x00000000, 0x00000000,
	0x042c2efb, 0xc7ff84a2, 0x01ffe3ec, 0x0093b000,
	0x00000000, 0x00000000, 0x00000000, 0x00000000,
	0x043d262a, 0x47ff84aa, 0x01ffe3ed, 0x0094b000,
	0x00000000, 0x00000000, 0x00000000, 0x00000000,
	0x044e60b2, 0x87ff84b2, 0x01ffe3ed, 0x0095b000,
	0x00000000, 0x00000000, 0x00000000, 0x00000000,
	0x045fe26e, 0x07ff84ba, 0x01ffe3ee, 0x0096b000,
	0x00000000, 0x00000000, 0x00000000, 0x00000000,
	0x0471ab5d, 0x07ff84c1, 0x01ffe3ee, 0x0097b000,
	0x00000000, 0x00000000, 0x00000000, 0x00000000,
	0x0483bd6b, 0x87ff84c9, 0x01ffe3ee, 0x0098b000,
	0x00000000, 0x00000000, 0x00000000, 0x00000000,
	0x049616ad, 0xc7ff84d1, 0x01ffe3ee, 0x0099b000,
	0x00000000, 0x00000000, 0x00000000, 0x00000000,
	0x04a8bce7, 0x47ff84d9, 0x01ffe3ef, 0x009ab000,
	0x00000000, 0x00000000, 0x00000000, 0x00000000,
	0x04bbae2e, 0x87ff84e1, 0x01ffe3ef, 0x009bb000,
	0x00000000, 0x00000000, 0x00000000, 0x00000000,
	0x04ceec6e, 0xc7ff84e9, 0x01ffe3ef, 0x009cb000,
	0x00000000, 0x00000000, 0x00000000, 0x00000000,
	0x04dfa7f6, 0x47ff84f1, 0x01ffe3f0, 0x009db000,
	0x00000000, 0x00000000, 0x00000000, 0x00000000,
	0x04f37875, 0x47ff84f8, 0x01ffe3f0, 0x009eb000,
	0x00000000, 0x00000000, 0x00000000, 0x00000000,
	0x050799c7, 0x87ff8500, 0x01ffe3f0, 0x009fb000,
	0x00000000, 0x00000000, 0x00000000, 0x00000000,
	0x051c0beb, 0x07ff8508, 0x01ffe3f1, 0x00a0b000,
	0x00000000, 0x00000000, 0x00000000, 0x00000000,
	0x052dd4da, 0x47ff8510, 0x01ffe3f1, 0x00a1b000,
	0x00000000, 0x00000000, 0x00000000, 0x00000000,
	0x0542e2dc, 0x87ff8518, 0x01ffe3f1, 0x00a2b000,
	0x00000000, 0x00000000, 0x00000000, 0x00000000,
	0x0555327f, 0x07ff8520, 0x01ffe3f2, 0x00a3b000,
	0x00000000, 0x00000000, 0x00000000, 0x00000000,
	0x0567c38f, 0x47ff8528, 0x01ffe3f2, 0x00a4b000,
	0x00000000, 0x00000000, 0x00000000, 0x00000000,
	0x057dbc55, 0x47ff852f, 0x01ffe3f2, 0x00a5b000,
	0x00000000, 0x00000000, 0x00000000, 0x00000000,
	0x05940f8e, 0x87ff8537, 0x01ffe3f2, 0x00a6b000,
	0x00000000, 0x00000000, 0x00000000, 0x00000000,
	0x05a77a10, 0xc7ff853f, 0x01ffe3f2, 0x00a7b000,
	0x00000000, 0x00000000, 0x00000000, 0x00000000,
	0x05bb27ec, 0x07ff8547, 0x01ffe3f3, 0x00a8b000,
	0x00000000, 0x00000000, 0x00000000, 0x00000000,
	0x05cf1b0f, 0x87ff854f, 0x01ffe3f3, 0x00a9b000,
	0x00000000, 0x00000000, 0x00000000, 0x00000000,
	0x05e35378, 0x47ff8556, 0x01ffe3f3, 0x00aab000,
	0x00000000, 0x00000000, 0x00000000, 0x00000000,
	0x05fb427e, 0xc7ff855e, 0x01ffe3f3, 0x00abb000,
	0x00000000, 0x00000000, 0x00000000, 0x00000000,
	0x061014da, 0x07ff8566, 0x01ffe3f4, 0x00acb000,
	0x00000000, 0x00000000, 0x00000000, 0x00000000,
	0x06252e68, 0x47ff856e, 0x01ffe3f4, 0x00adb000,
	0x00000000, 0x00000000, 0x00000000, 0x00000000,
	0x063a9303, 0x87ff8576, 0x01ffe3f4, 0x00aeb000,
	0x00000000, 0x00000000, 0x00000000, 0x00000000,
	0x065040bd, 0xc7ff857e, 0x01ffe3f4, 0x00afb000,
	0x00000000, 0x00000000, 0x00000000, 0x00000000,
	0x06663b71, 0xc7ff8585, 0x01ffe3f4, 0x00b0b000,
	0x00000000, 0x00000000, 0x00000000, 0x00000000,
	0x067c8131, 0x07ff858d, 0x01ffe3f5, 0x00b1b000,
	0x00000000, 0x00000000, 0x00000000, 0x00000000,
	0x069313e9, 0x47ff8595, 0x01ffe3f5, 0x00b2b000,
	0x00000000, 0x00000000, 0x00000000, 0x00000000,
	0x06a9f775, 0x87ff859d, 0x01ffe3f5, 0x00b3b000,
	0x00000000, 0x00000000, 0x00000000, 0x00000000,
	0x06c129e5, 0x47ff85a4, 0x01ffe3f5, 0x00b4b000,
	0x00000000, 0x00000000, 0x00000000, 0x00000000,
	0x06d8ab3c, 0x87ff85ac, 0x01ffe3f5, 0x00b5b000,
	0x00000000, 0x00000000, 0x00000000, 0x00000000,
	0x06f07f51, 0xc7ff85b4, 0x01ffe3f5, 0x00b6b000,
	0x00000000, 0x00000000, 0x00000000, 0x00000000,
	0x07049add, 0x07ff85bc, 0x01ffe3f6, 0x00b7b000,
	0x00000000, 0x00000000, 0x00000000, 0x00000000,
	0x071d08e4, 0x47ff85c4, 0x01ffe3f6, 0x00b8b000,
	0x00000000, 0x00000000, 0x00000000, 0x00000000,
	0x0735cb97, 0x47ff85cb, 0x01ffe3f6, 0x00b9b000,
	0x00000000, 0x00000000, 0x00000000, 0x00000000,
	0x074ee2f5, 0x87ff85d3, 0x01ffe3f6, 0x00bab000,
	0x00000000, 0x00000000, 0x00000000, 0x00000000,
	0x076854c5, 0xc7ff85db, 0x01ffe3f6, 0x00bbb000,
	0x00000000, 0x00000000, 0x00000000, 0x00000000,
	0x077dcab1, 0xc7ff85e3, 0x01ffe3f6, 0x00bcb000,
	0x00000000, 0x00000000, 0x00000000, 0x00000000,
	0x07937e31, 0xc7ff85ea, 0x01ffe3f6, 0x00bdb000,
	0x00000000, 0x00000000, 0x00000000, 0x00000000,
	0x07addcb2, 0x07ff85f2, 0x01ffe3f7, 0x00beb000,
	0x00000000, 0x00000000, 0x00000000, 0x00000000,
	0x07c89790, 0x47ff85fa, 0x01ffe3f7, 0x00bfb000,
	0x00000000, 0x00000000, 0x00000000, 0x00000000,
	0x07df2483, 0x87ff8602, 0x01ffe3f7, 0x00c0b000,
	0x00000000, 0x00000000, 0x00000000, 0x00000000,
	0x07fa8aa6, 0x47ff8609, 0x01ffe3f7, 0x00c1b000,
	0x00000000, 0x00000000, 0x00000000, 0x00000000,
	0x0811a9d8, 0x87ff8611, 0x01ffe3f7, 0x00c2b000,
	0x00000000, 0x00000000, 0x00000000, 0x00000000,
	0x08290a78, 0xc7ff8619, 0x01ffe3f7, 0x00c3b000,
	0x00000000, 0x00000000, 0x00000000, 0x00000000,
	0x08457089, 0x87ff8620, 0x01ffe3f7, 0x00c4b000,
	0x00000000, 0x00000000, 0x00000000, 0x00000000,
	0x085d692e, 0xc7ff8628, 0x01ffe3f7, 0x00c5b000,
	0x00000000, 0x00000000, 0x00000000, 0x00000000,
	0x087a860f, 0x07ff8630, 0x01ffe3f8, 0x00c6b000,
	0x00000000, 0x00000000, 0x00000000, 0x00000000,
	0x089316b9, 0x07ff8638, 0x01ffe3f8, 0x00c7b000,
	0x00000000, 0x00000000, 0x00000000, 0x00000000,
	0x08abee97, 0x07ff863f, 0x01ffe3f8, 0x00c8b000,
	0x00000000, 0x00000000, 0x00000000, 0x00000000,
	0x08ca1cb8, 0x47ff8647, 0x01ffe3f8, 0x00c9b000,
	0x00000000, 0x00000000, 0x00000000, 0x00000000,
	0x08e3944e, 0x47ff864f, 0x01ffe3f8, 0x00cab000,
	0x00000000, 0x00000000, 0x00000000, 0x00000000,
	0x08fd5503, 0x47ff8656, 0x01ffe3f8, 0x00cbb000,
	0x00000000, 0x00000000, 0x00000000, 0x00000000,
	0x091760c5, 0x87ff865e, 0x01ffe3f8, 0x00ccb000,
	0x00000000, 0x00000000, 0x00000000, 0x00000000,
	0x09370624, 0x87ff8666, 0x01ffe3f8, 0x00cdb000,
	0x00000000, 0x00000000, 0x00000000, 0x00000000,
	0x0951b950, 0x87ff866d, 0x01ffe3f8, 0x00ceb000,
	0x00000000, 0x00000000, 0x00000000, 0x00000000,
	0x096cb975, 0x87ff8675, 0x01ffe3f8, 0x00cfb000,
	0x00000000, 0x00000000, 0x00000000, 0x00000000,
	0x09880880, 0xc7ff867d, 0x01ffe3f8, 0x00d0b000,
	0x00000000, 0x00000000, 0x00000000, 0x00000000,
	0x09a3a483, 0x87ff8684, 0x01ffe3f8, 0x00d1b000,
	0x00000000, 0x00000000, 0x00000000, 0x00000000,
	0x09bf9346, 0xc7ff868c, 0x01ffe3f8, 0x00d2b000,
	0x00000000, 0x00000000, 0x00000000, 0x00000000,
	0x09dbd0ee, 0x07ff8694, 0x01ffe3f9, 0x00d3b000,
	0x00000000, 0x00000000, 0x00000000, 0x00000000,
	0x09f86155, 0xc7ff869b, 0x01ffe3f8, 0x00d4b000,
	0x00000000, 0x00000000, 0x00000000, 0x00000000,
	0x0a15447b, 0x07ff86a3, 0x01ffe3f9, 0x00d5b000,
	0x00000000, 0x00000000, 0x00000000, 0x00000000,
	0x0a327c4c, 0xc7ff86aa, 0x01ffe3f8, 0x00d6b000,
	0x00000000, 0x00000000, 0x00000000, 0x00000000,
	0x0a5006dc, 0x07ff86b2, 0x01ffe3f9, 0x00d7b000,
	0x00000000, 0x00000000, 0x00000000, 0x00000000,
	0x0a6de805, 0x07ff86ba, 0x01ffe3f9, 0x00d8b000,
	0x00000000, 0x00000000, 0x00000000, 0x00000000,
	0x0a8c1fc5, 0xc7ff86c1, 0x01ffe3f8, 0x00d9b000,
	0x00000000, 0x00000000, 0x00000000, 0x00000000,
	0x0aaaae1e, 0x07ff86c9, 0x01ffe3f9, 0x00dab000,
	0x00000000, 0x00000000, 0x00000000, 0x00000000,
	0x0ac3616c, 0x07ff86d1, 0x01ffe3f9, 0x00dbb000,
	0x00000000, 0x00000000, 0x00000000, 0x00000000,
	0x0ae28f7c, 0x07ff86d8, 0x01ffe3f9, 0x00dcb000,
	0x00000000, 0x00000000, 0x00000000, 0x00000000,
	0x0b0219eb, 0x07ff86e0, 0x01ffe3f9, 0x00ddb000,
	0x00000000, 0x00000000, 0x00000000, 0x00000000,
	0x0b21feca, 0x07ff86e7, 0x01ffe3f9, 0x00deb000,
	0x00000000, 0x00000000, 0x00000000, 0x00000000,
	0x0b424008, 0x07ff86ef, 0x01ffe3f9, 0x00dfb000,
	0x00000000, 0x00000000, 0x00000000, 0x00000000,
	0x0b5c5190, 0x07ff86f6, 0x01ffe3f9, 0x00e0b000,
	0x00000000, 0x00000000, 0x00000000, 0x00000000,
	0x0b7d3c25, 0x07ff86fe, 0x01ffe3f9, 0x00e1b000,
	0x00000000, 0x00000000, 0x00000000, 0x00000000,
	0x0b9e8504, 0x07ff8706, 0x01ffe3f9, 0x00e2b000,
	0x00000000, 0x00000000, 0x00000000, 0x00000000,
	0x0bc03008, 0x07ff870d, 0x01ffe3f9, 0x00e3b000,
	0x00000000, 0x00000000, 0x00000000, 0x00000000,
	0x0be23b42, 0x07ff8715, 0x01ffe3f9, 0x00e4b000,
	0x00000000, 0x00000000, 0x00000000, 0x00000000,
	0x0bfdbe42, 0x07ff871c, 0x01ffe3f9, 0x00e5b000,
	0x00000000, 0x00000000, 0x00000000, 0x00000000,
	0x0c207c72, 0x07ff8724, 0x01ffe3f9, 0x00e6b000,
	0x00000000, 0x00000000, 0x00000000, 0x00000000,
	0x0c3c8fc5, 0xc7ff872b, 0x01ffe3f8, 0x00e7b000,
	0x00000000, 0x00000000, 0x00000000, 0x00000000,
	0x0c6004c5, 0x07ff8733, 0x01ffe3f9, 0x00e8b000,
	0x00000000, 0x00000000, 0x00000000, 0x00000000,
	0x0c7caa57, 0xc7ff873a, 0x01ffe3f8, 0x00e9b000,
	0x00000000, 0x00000000, 0x00000000, 0x00000000,
	0x0ca0d813, 0xc7ff8742, 0x01ffe3f8, 0x00eab000,
	0x00000000, 0x00000000, 0x00000000, 0x00000000,
	0x0cbe15aa, 0xc7ff8749, 0x01ffe3f8, 0x00ebb000,
	0x00000000, 0x00000000, 0x00000000, 0x00000000,
	0x0ce2fffc, 0xc7ff8751, 0x01ffe3f8, 0x00ecb000,
	0x00000000, 0x00000000, 0x00000000, 0x00000000,
	0x0d00d598, 0x87ff8758, 0x01ffe3f8, 0x00edb000,
	0x00000000, 0x00000000, 0x00000000, 0x00000000,
	0x0d268245, 0xc7ff8760, 0x01ffe3f8, 0x00eeb000,
	0x00000000, 0x00000000, 0x00000000, 0x00000000,
	0x0d44f5ad, 0x87ff8767, 0x01ffe3f8, 0x00efb000,
	0x00000000, 0x00000000, 0x00000000, 0x00000000,
	0x0d6b66a1, 0x87ff876f, 0x01ffe3f8, 0x00f0b000,
	0x00000000, 0x00000000, 0x00000000, 0x00000000,
	0x0d8a79c1, 0x87ff8776, 0x01ffe3f8, 0x00f1b000,
	0x00000000, 0x00000000, 0x00000000, 0x00000000,
	0x0db1b4c2, 0x47ff877d, 0x01ffe3f8, 0x00f2b000,
	0x00000000, 0x00000000, 0x00000000, 0x00000000,
	0x0dd16987, 0x47ff8785, 0x01ffe3f8, 0x00f3b000,
	0x00000000, 0x00000000, 0x00000000, 0x00000000,
	0x0df1676b, 0x07ff878c, 0x01ffe3f8, 0x00f4b000,
	0x00000000, 0x00000000, 0x00000000, 0x00000000,
	0x0e19ccb1, 0x47ff8794, 0x01ffe3f8, 0x00f5b000,
	0x00000000, 0x00000000, 0x00000000, 0x00000000,
	0x0e3a7200, 0x07ff879b, 0x01ffe3f8, 0x00f6b000,
	0x00000000, 0x00000000, 0x00000000, 0x00000000,
	0x0e5b6447, 0x07ff87a3, 0x01ffe3f8, 0x00f7b000,
	0x00000000, 0x00000000, 0x00000000, 0x00000000,
	0x0e7ca19b, 0x07ff87aa, 0x01ffe3f8, 0x00f8b000,
	0x00000000, 0x00000000, 0x00000000, 0x00000000,
	0x0ea69afd, 0xc7ff87b1, 0x01ffe3f7, 0x00f9b000,
	0x00000000, 0x00000000, 0x00000000, 0x00000000,
	0x0ec88581, 0xc7ff87b9, 0x01ffe3f7, 0x00fab000,
	0x00000000, 0x00000000, 0x00000000, 0x00000000,
	0x0eeac0d7, 0x87ff87c0, 0x01ffe3f7, 0x00fbb000,
	0x00000000, 0x00000000, 0x00000000, 0x00000000,
	0x0f0d4926, 0xc7ff87c8, 0x01ffe3f7, 0x00fcb000,
	0x00000000, 0x00000000, 0x00000000, 0x00000000,
	0x0f302248, 0x87ff87cf, 0x01ffe3f7, 0x00fdb000,
	0x00000000, 0x00000000, 0x00000000, 0x00000000,
	0x0f5c233b, 0x47ff87d6, 0x01ffe3f7, 0x00feb000,
	0x00000000, 0x00000000, 0x00000000, 0x00000000,
	0x0f77a074, 0x47ff87de, 0x01ffe3f7, 0x00ffb000,
	0x00000000, 0x00000000, 0x00000000, 0x00000000,
	0x00000000, 0x07ff87e5, 0x01ffe3f7, 0x0100a000,
	0x00000000, 0x00000000, 0x00000000, 0x00000000,
	0x00000000, 0x07ff87ec, 0x01ffe3f7, 0x0101a000,
	0x00000000, 0x00000000, 0x00000000, 0x00000000,
	0x00000000, 0x07ff87f4, 0x01ffe3f7, 0x0102a000,
	0x00000000, 0x00000000, 0x00000000, 0x00000000,
	0x00000000, 0xc7ff87fb, 0x01ffe3f6, 0x0103a000,
	0x00000000, 0x00000000, 0x00000000, 0x00000000,
	0x00000000, 0x87ff8802, 0x01ffe3f6, 0x0104a000,
	0x00000000, 0x00000000, 0x00000000, 0x00000000,
	0x00000000, 0xc7ff880a, 0x01ffe3f6, 0x0105a000,
	0x00000000, 0x00000000, 0x00000000, 0x00000000,
	0x00000000, 0x87ff8811, 0x01ffe3f6, 0x0106a000,
	0x00000000, 0x00000000, 0x00000000, 0x00000000,
	0x00000000, 0x47ff8818, 0x01ffe3f6, 0x0107a000,
	0x00000000, 0x00000000, 0x00000000, 0x00000000,
	0x00000000, 0x07ff881f, 0x01ffe3f6, 0x0108a000,
	0x00000000, 0x00000000, 0x00000000, 0x00000000,
	0x00000000, 0x07ff8827, 0x01ffe3f6, 0x0109a000,
	0x00000000, 0x00000000, 0x00000000, 0x00000000,
	0x00000000, 0xc7ff882e, 0x01ffe3f5, 0x010aa000,
	0x00000000, 0x00000000, 0x00000000, 0x00000000,
	0x00000000, 0xc7ff8835, 0x01ffe3f5, 0x010ba000,
	0x00000000, 0x00000000, 0x00000000, 0x00000000,
	0x00000000, 0xc7ff883d, 0x01ffe3f5, 0x010ca000,
	0x00000000, 0x00000000, 0x00000000, 0x00000000,
	0x00000000, 0x87ff8844, 0x01ffe3f5, 0x010da000,
	0x00000000, 0x00000000, 0x00000000, 0x00000000,
	0x00000000, 0x47ff884b, 0x01ffe3f5, 0x010ea000,
	0x00000000, 0x00000000, 0x00000000, 0x00000000,
	0x00000000, 0x07ff8852, 0x01ffe3f5, 0x010fa000,
	0x00000000, 0x00000000, 0x00000000, 0x00000000,
	0x00000000, 0xc7ff8859, 0x01ffe3f4, 0x0110a000,
	0x00000000, 0x00000000, 0x00000000, 0x00000000,
	0x00000000, 0x07ff8861, 0x01ffe3f5, 0x0111a000,
	0x00000000, 0x00000000, 0x00000000, 0x00000000,
	0x00000000, 0xc7ff8868, 0x01ffe3f4, 0x0112a000,
	0x00000000, 0x00000000, 0x00000000, 0x00000000,
	0x00000000, 0x87ff886f, 0x01ffe3f4, 0x0113a000,
	0x00000000, 0x00000000, 0x00000000, 0x00000000,
	0x00000000, 0x47ff8876, 0x01ffe3f4, 0x0114a000,
	0x00000000, 0x00000000, 0x00000000, 0x00000000,
	0x00000000, 0x07ff887d, 0x01ffe3f4, 0x0115a000,
	0x00000000, 0x00000000, 0x00000000, 0x00000000,
	0x00000000, 0x07ff8885, 0x01ffe3f4, 0x0116a000,
	0x00000000, 0x00000000, 0x00000000, 0x00000000,
	0x00000000, 0xc7ff888c, 0x01ffe3f3, 0x0117a000,
	0x00000000, 0x00000000, 0x00000000, 0x00000000,
	0x00000000, 0xc7ff8893, 0x01ffe3f3, 0x0118a000,
	0x00000000, 0x00000000, 0x00000000, 0x00000000,
	0x00000000, 0x87ff889a, 0x01ffe3f3, 0x0119a000,
	0x00000000, 0x00000000, 0x00000000, 0x00000000,
	0x00000000, 0x47ff88a1, 0x01ffe3f3, 0x011aa000,
	0x00000000, 0x00000000, 0x00000000, 0x00000000,
	0x00000000, 0x07ff88a8, 0x01ffe3f3, 0x011ba000,
	0x00000000, 0x00000000, 0x00000000, 0x00000000,
	0x00000000, 0xc7ff88af, 0x01ffe3f2, 0x011ca000,
	0x00000000, 0x00000000, 0x00000000, 0x00000000,
	0x00000000, 0x87ff88b6, 0x01ffe3f2, 0x011da000,
	0x00000000, 0x00000000, 0x00000000, 0x00000000,
	0x00000000, 0x87ff88be, 0x01ffe3f2, 0x011ea000,
	0x00000000, 0x00000000, 0x00000000, 0x00000000,
	0x00000000, 0x47ff88c5, 0x01ffe3f2, 0x011fa000,
	0x00000000, 0x00000000, 0x00000000, 0x00000000,
	0x00000000, 0x47ff88cc, 0x01ffe3f2, 0x0120a000,
	0x00000000, 0x00000000, 0x00000000, 0x00000000,
	0x00000000, 0x07ff88d3, 0x01ffe3f2, 0x0121a000,
	0x00000000, 0x00000000, 0x00000000, 0x00000000,
	0x00000000, 0xc7ff88da, 0x01ffe3f1, 0x0122a000,
	0x00000000, 0x00000000, 0x00000000, 0x00000000,
	0x00000000, 0x87ff88e1, 0x01ffe3f1, 0x0123a000,
	0x00000000, 0x00000000, 0x00000000, 0x00000000,
	0x00000000, 0x47ff88e8, 0x01ffe3f1, 0x0124a000,
	0x00000000, 0x00000000, 0x00000000, 0x00000000,
	0x00000000, 0x07ff88ef, 0x01ffe3f1, 0x0125a000,
	0x00000000, 0x00000000, 0x00000000, 0x00000000,
	0x00000000, 0xc7ff88f6, 0x01ffe3f0, 0x0126a000,
	0x00000000, 0x00000000, 0x00000000, 0x00000000,
	0x00000000, 0x87ff88fd, 0x01ffe3f0, 0x0127a000,
	0x00000000, 0x00000000, 0x00000000, 0x00000000,
	0x00000000, 0x47ff8904, 0x01ffe3f0, 0x0128a000,
	0x00000000, 0x00000000, 0x00000000, 0x00000000,
	0x00000000, 0x07ff890b, 0x01ffe3f0, 0x0129a000,
	0x00000000, 0x00000000, 0x00000000, 0x00000000,
	0x00000000, 0xc7ff8912, 0x01ffe3ef, 0x012aa000,
	0x00000000, 0x00000000, 0x00000000, 0x00000000,
	0x00000000, 0xc7ff8919, 0x01ffe3ef, 0x012ba000,
	0x00000000, 0x00000000, 0x00000000, 0x00000000,
	0x00000000, 0x87ff8920, 0x01ffe3ef, 0x012ca000,
	0x00000000, 0x00000000, 0x00000000, 0x00000000,
	0x00000000, 0x47ff8927, 0x01ffe3ef, 0x012da000,
	0x00000000, 0x00000000, 0x00000000, 0x00000000,
	0x00000000, 0x07ff892e, 0x01ffe3ef, 0x012ea000,
	0x00000000, 0x00000000, 0x00000000, 0x00000000,
	0x00000000, 0xc7ff8935, 0x01ffe3ee, 0x012fa000,
	0x00000000, 0x00000000, 0x00000000, 0x00000000,
	0x00000000, 0x87ff893c, 0x01ffe3ee, 0x0130a000,
	0x00000000, 0x00000000, 0x00000000, 0x00000000,
	0x00000000, 0x47ff8943, 0x01ffe3ee, 0x0131a000,
	0x00000000, 0x00000000, 0x00000000, 0x00000000,
	0x00000000, 0xc7ff8949, 0x01ffe3ed, 0x0132a000,
	0x00000000, 0x00000000, 0x00000000, 0x00000000,
	0x00000000, 0x87ff8950, 0x01ffe3ed, 0x0133a000,
	0x00000000, 0x00000000, 0x00000000, 0x00000000,
	0x00000000, 0x47ff8957, 0x01ffe3ed, 0x0134a000,
	0x00000000, 0x00000000, 0x00000000, 0x00000000,
	0x00000000, 0x07ff895e, 0x01ffe3ed, 0x0135a000,
	0x00000000, 0x00000000, 0x00000000, 0x00000000,
	0x00000000, 0xc7ff8965, 0x01ffe3ec, 0x0136a000,
	0x00000000, 0x00000000, 0x00000000, 0x00000000,
	0x00000000, 0x87ff896c, 0x01ffe3ec, 0x0137a000,
	0x00000000, 0x00000000, 0x00000000, 0x00000000,
	0x00000000, 0x47ff8973, 0x01ffe3ec, 0x0138a000,
	0x00000000, 0x00000000, 0x00000000, 0x00000000,
	0x00000000, 0x07ff8979, 0x01ffe3ec, 0x0139a000,
	0x00000000, 0x00000000, 0x00000000, 0x00000000,
	0x00000000, 0xc7ff8980, 0x01ffe3eb, 0x013aa000,
	0x00000000, 0x00000000, 0x00000000, 0x00000000,
	0x00000000, 0x87ff8987, 0x01ffe3eb, 0x013ba000,
	0x00000000, 0x00000000, 0x00000000, 0x00000000,
	0x00000000, 0x47ff898e, 0x01ffe3eb, 0x013ca000,
	0x00000000, 0x00000000, 0x00000000, 0x00000000,
	0x00000000, 0x07ff8995, 0x01ffe3eb, 0x013da000,
	0x00000000, 0x00000000, 0x00000000, 0x00000000,
	0x00000000, 0x87ff899b, 0x01ffe3ea, 0x013ea000,
	0x00000000, 0x00000000, 0x00000000, 0x00000000,
	0x00000000, 0x47ff89a2, 0x01ffe3ea, 0x013fa000,
	0x00000000, 0x00000000, 0x00000000, 0x00000000,
	0x00000000, 0x07ff89a9, 0x01ffe3ea, 0x0140a000,
	0x00000000, 0x00000000, 0x00000000, 0x00000000,
	0x00000000, 0xc7ff89b0, 0x01ffe3e9, 0x0141a000,
	0x00000000, 0x00000000, 0x00000000, 0x00000000,
	0x00000000, 0x47ff89b6, 0x01ffe3e9, 0x0142a000,
	0x00000000, 0x00000000, 0x00000000, 0x00000000,
	0x00000000, 0x07ff89bd, 0x01ffe3e9, 0x0143a000,
	0x00000000, 0x00000000, 0x00000000, 0x00000000,
	0x00000000, 0xc7ff89c4, 0x01ffe3e8, 0x0144a000,
	0x00000000, 0x00000000, 0x00000000, 0x00000000,
	0x00000000, 0x87ff89cb, 0x01ffe3e8, 0x0145a000,
	0x00000000, 0x00000000, 0x00000000, 0x00000000,
	0x00000000, 0x07ff89d1, 0x01ffe3e8, 0x0146a000,
	0x00000000, 0x00000000, 0x00000000, 0x00000000,
	0x00000000, 0xc7ff89d8, 0x01ffe3e7, 0x0147a000,
	0x00000000, 0x00000000, 0x00000000, 0x00000000,
	0x00000000, 0x87ff89df, 0x01ffe3e7, 0x0148a000,
	0x00000000, 0x00000000, 0x00000000, 0x00000000,
	0x00000000, 0x07ff89e5, 0x01ffe3e7, 0x0149a000,
	0x00000000, 0x00000000, 0x00000000, 0x00000000,
	0x00000000, 0xc7ff89ec, 0x01ffe3e6, 0x014aa000,
	0x00000000, 0x00000000, 0x00000000, 0x00000000,
	0x00000000, 0x87ff89f3, 0x01ffe3e6, 0x014ba000,
	0x00000000, 0x00000000, 0x00000000, 0x00000000,
	0x00000000, 0x07ff89f9, 0x01ffe3e6, 0x014ca000,
	0x00000000, 0x00000000, 0x00000000, 0x00000000,
	0x00000000, 0xc7ff8a00, 0x01ffe3e5, 0x014da000,
	0x00000000, 0x00000000, 0x00000000, 0x00000000,
	0x00000000, 0x87ff8a07, 0x01ffe3e5, 0x014ea000,
	0x00000000, 0x00000000, 0x00000000, 0x00000000,
	0x00000000, 0x07ff8a0d, 0x01ffe3e5, 0x014fa000,
	0x00000000, 0x00000000, 0x00000000, 0x00000000,
	0x00000000, 0xc7ff8a14, 0x01ffe3e4, 0x0150a000,
	0x00000000, 0x00000000, 0x00000000, 0x00000000,
	0x00000000, 0x47ff8a1a, 0x01ffe3e4, 0x0151a000,
	0x00000000, 0x00000000, 0x00000000, 0x00000000,
	0x00000000, 0x07ff8a21, 0x01ffe3e4, 0x0152a000,
	0x00000000, 0x00000000, 0x00000000, 0x00000000,
	0x00000000, 0xc7ff8a27, 0x01ffe3e3, 0x0153a000,
	0x00000000, 0x00000000, 0x00000000, 0x00000000,
	0x00000000, 0x87ff8a2e, 0x01ffe3e3, 0x0154a000,
	0x00000000, 0x00000000, 0x00000000, 0x00000000,
	0x00000000, 0x07ff8a34, 0x01ffe3e3, 0x0155a000,
	0x00000000, 0x00000000, 0x00000000, 0x00000000,
	0x00000000, 0xc7ff8a3b, 0x01ffe3e2, 0x0156a000,
	0x00000000, 0x00000000, 0x00000000, 0x00000000,
	0x00000000, 0x87ff8a42, 0x01ffe3e2, 0x0157a000,
	0x00000000, 0x00000000, 0x00000000, 0x00000000,
	0x00000000, 0x07ff8a48, 0x01ffe3e2, 0x0158a000,
	0x00000000, 0x00000000, 0x00000000, 0x00000000,
	0x00000000, 0x87ff8a4e, 0x01ffe3e1, 0x0159a000,
	0x00000000, 0x00000000, 0x00000000, 0x00000000,
	0x00000000, 0x47ff8a55, 0x01ffe3e1, 0x015aa000,
	0x00000000, 0x00000000, 0x00000000, 0x00000000,
	0x00000000, 0xc7ff8a5b, 0x01ffe3e0, 0x015ba000,
	0x00000000, 0x00000000, 0x00000000, 0x00000000,
	0x00000000, 0x87ff8a62, 0x01ffe3e0, 0x015ca000,
	0x00000000, 0x00000000, 0x00000000, 0x00000000,
	0x00000000, 0x07ff8a68, 0x01ffe3e0, 0x015da000,
	0x00000000, 0x00000000, 0x00000000, 0x00000000,
	0x00000000, 0xc7ff8a6f, 0x01ffe3df, 0x015ea000,
	0x00000000, 0x00000000, 0x00000000, 0x00000000,
	0x00000000, 0x47ff8a75, 0x01ffe3df, 0x015fa000,
	0x00000000, 0x00000000, 0x00000000, 0x00000000,
	0x00000000, 0x07ff8a7c, 0x01ffe3df, 0x0160a000,
	0x00000000, 0x00000000, 0x00000000, 0x00000000,
	0x00000000, 0x87ff8a82, 0x01ffe3de, 0x0161a000,
	0x00000000, 0x00000000, 0x00000000, 0x00000000,
	0x00000000, 0x07ff8a88, 0x01ffe3de, 0x0162a000,
	0x00000000, 0x00000000, 0x00000000, 0x00000000,
	0x00000000, 0xc7ff8a8f, 0x01ffe3dd, 0x0163a000,
	0x00000000, 0x00000000, 0x00000000, 0x00000000,
	0x00000000, 0x47ff8a95, 0x01ffe3dd, 0x0164a000,
	0x00000000, 0x00000000, 0x00000000, 0x00000000,
	0x00000000, 0xc7ff8a9b, 0x01ffe3dc, 0x0165a000,
	0x00000000, 0x00000000, 0x00000000, 0x00000000,
	0x00000000, 0x87ff8aa2, 0x01ffe3dc, 0x0166a000,
	0x00000000, 0x00000000, 0x00000000, 0x00000000,
	0x00000000, 0x07ff8aa8, 0x01ffe3dc, 0x0167a000,
	0x00000000, 0x00000000, 0x00000000, 0x00000000,
	0x00000000, 0x87ff8aae, 0x01ffe3db, 0x0168a000,
	0x00000000, 0x00000000, 0x00000000, 0x00000000,
	0x00000000, 0x47ff8ab5, 0x01ffe3db, 0x0169a000,
	0x00000000, 0x00000000, 0x00000000, 0x00000000,
	0x00000000, 0xc7ff8abb, 0x01ffe3da, 0x016aa000,
	0x00000000, 0x00000000, 0x00000000, 0x00000000,
	0x00000000, 0x47ff8ac1, 0x01ffe3da, 0x016ba000,
	0x00000000, 0x00000000, 0x00000000, 0x00000000,
	0x00000000, 0x07ff8ac8, 0x01ffe3da, 0x016ca000,
	0x00000000, 0x00000000, 0x00000000, 0x00000000,
	0x00000000, 0x87ff8ace, 0x01ffe3d9, 0x016da000,
	0x00000000, 0x00000000, 0x00000000, 0x00000000,
	0x00000000, 0x07ff8ad4, 0x01ffe3d9, 0x016ea000,
	0x00000000, 0x00000000, 0x00000000, 0x00000000,
	0x00000000, 0x87ff8ada, 0x01ffe3d8, 0x016fa000,
	0x00000000, 0x00000000, 0x00000000, 0x00000000,
	0x00000000, 0x07ff8ae0, 0x01ffe3d8, 0x0170a000,
	0x00000000, 0x00000000, 0x00000000, 0x00000000,
	0x00000000, 0xc7ff8ae7, 0x01ffe3d7, 0x0171a000,
	0x00000000, 0x00000000, 0x00000000, 0x00000000,
	0x00000000, 0x47ff8aed, 0x01ffe3d7, 0x0172a000,
	0x00000000, 0x00000000, 0x00000000, 0x00000000,
	0x00000000, 0xc7ff8af3, 0x01ffe3d6, 0x0173a000,
	0x00000000, 0x00000000, 0x00000000, 0x00000000,
	0x00000000, 0x47ff8af9, 0x01ffe3d6, 0x0174a000,
	0x00000000, 0x00000000, 0x00000000, 0x00000000,
	0x00000000, 0xc7ff8aff, 0x01ffe3d5, 0x0175a000,
	0x00000000, 0x00000000, 0x00000000, 0x00000000,
	0x00000000, 0x87ff8b06, 0x01ffe3d5, 0x0176a000,
	0x00000000, 0x00000000, 0x00000000, 0x00000000,
	0x00000000, 0x07ff8b0c, 0x01ffe3d5, 0x0177a000,
	0x00000000, 0x00000000, 0x00000000, 0x00000000,
	0x00000000, 0x87ff8b12, 0x01ffe3d4, 0x0178a000,
	0x00000000, 0x00000000, 0x00000000, 0x00000000,
	0x00000000, 0x07ff8b18, 0x01ffe3d4, 0x0179a000,
	0x00000000, 0x00000000, 0x00000000, 0x00000000,
	0x00000000, 0x87ff8b1e, 0x01ffe3d3, 0x017aa000,
	0x00000000, 0x00000000, 0x00000000, 0x00000000,
	0x00000000, 0x07ff8b24, 0x01ffe3d3, 0x017ba000,
	0x00000000, 0x00000000, 0x00000000, 0x00000000,
	0x00000000, 0x87ff8b2a, 0x01ffe3d2, 0x017ca000,
	0x00000000, 0x00000000, 0x00000000, 0x00000000,
	0x00000000, 0x07ff8b30, 0x01ffe3d2, 0x017da000,
	0x00000000, 0x00000000, 0x00000000, 0x00000000,
	0x00000000, 0x87ff8b36, 0x01ffe3d1, 0x017ea000,
	0x00000000, 0x00000000, 0x00000000, 0x00000000,
	0x00000000, 0x07ff8b3c, 0x01ffe3d1, 0x017fa000,
	0x00000000, 0x00000000, 0x00000000, 0x00000000,
	0x00000000, 0x87ff8b42, 0x01ffe3d0, 0x0180a000,
	0x00000000, 0x00000000, 0x00000000, 0x00000000,
	0x00000000, 0xc7ff8b47, 0x01ffe3cf, 0x0181a000,
	0x00000000, 0x00000000, 0x00000000, 0x00000000,
	0x00000000, 0xc7ff8b47, 0x01ffe3cd, 0x0182a000,
	0x00000000, 0x00000000, 0x00000000, 0x00000000,
	0x00000000, 0xc7ff8b47, 0x01ffe3cb, 0x0183a000,
	0x00000000, 0x00000000, 0x00000000, 0x00000000,
	0x00000000, 0xc7ff8b47, 0x01ffe3c9, 0x0184a000,
	0x00000000, 0x00000000, 0x00000000, 0x00000000,
	0x00000000, 0xc7ff8b47, 0x01ffe3c7, 0x0185a000,
	0x00000000, 0x00000000, 0x00000000, 0x00000000,
	0x00000000, 0xc7ff8b47, 0x01ffe3c5, 0x0186a000,
	0x00000000, 0x00000000, 0x00000000, 0x00000000,
	0x00000000, 0xc7ff8b47, 0x01ffe3c3, 0x0187a000,
	0x00000000, 0x00000000, 0x00000000, 0x00000000,
	0x00000000, 0xc7ff8b47, 0x01ffe3c1, 0x0188a000,
	0x00000000, 0x00000000, 0x00000000, 0x00000000,
	0x00000000, 0xc7ff8b47, 0x01ffe3bf, 0x0189a000,
	0x00000000, 0x00000000, 0x00000000, 0x00000000,
	0x00000000, 0xc7ff8b47, 0x01ffe3bd, 0x018aa000,
	0x00000000, 0x00000000, 0x00000000, 0x00000000,
	0x00000000, 0xc7ff8b47, 0x01ffe3bb, 0x018ba000,
	0x00000000, 0x00000000, 0x00000000, 0x00000000,
	0x00000000, 0xc7ff8b47, 0x01ffe3b9, 0x018ca000,
	0x00000000, 0x00000000, 0x00000000, 0x00000000,
	0x00000000, 0xc7ff8b47, 0x01ffe3b7, 0x018da000,
	0x00000000, 0x00000000, 0x00000000, 0x00000000,
	0x00000000, 0xc7ff8b47, 0x01ffe3b5, 0x018ea000,
	0x00000000, 0x00000000, 0x00000000, 0x00000000,
	0x00000000, 0xc7ff8b47, 0x01ffe3b3, 0x018fa000,
	0x00000000, 0x00000000, 0x00000000, 0x00000000,
	0x00000000, 0xc7ff8b47, 0x01ffe3b1, 0x0190a000,
	0x00000000, 0x00000000, 0x00000000, 0x00000000,
	0x00000000, 0xc7ff8b47, 0x01ffe3af, 0x0191a000,
	0x00000000, 0x00000000, 0x00000000, 0x00000000,
	0x00000000, 0xc7ff8b47, 0x01ffe3ad, 0x0192a000,
	0x00000000, 0x00000000, 0x00000000, 0x00000000,
	0x00000000, 0xc7ff8b47, 0x01ffe3ab, 0x0193a000,
	0x00000000, 0x00000000, 0x00000000, 0x00000000,
	0x00000000, 0xc7ff8b47, 0x01ffe3a9, 0x0194a000,
	0x00000000, 0x00000000, 0x00000000, 0x00000000,
	0x00000000, 0xc7ff8b47, 0x01ffe3a7, 0x0195a000,
	0x00000000, 0x00000000, 0x00000000, 0x00000000,
	0x00000000, 0xc7ff8b47, 0x01ffe3a5, 0x0196a000,
	0x00000000, 0x00000000, 0x00000000, 0x00000000,
	0x00000000, 0xc7ff8b47, 0x01ffe3a3, 0x0197a000,
	0x00000000, 0x00000000, 0x00000000, 0x00000000,
	0x00000000, 0xc7ff8b47, 0x01ffe3a1, 0x0198a000,
	0x00000000, 0x00000000, 0x00000000, 0x00000000,
	0x00000000, 0xc7ff8b47, 0x01ffe39f, 0x0199a000,
	0x00000000, 0x00000000, 0x00000000, 0x00000000,
	0x00000000, 0xc7ff8b47, 0x01ffe39d, 0x019aa000,
	0x00000000, 0x00000000, 0x00000000, 0x00000000,
	0x00000000, 0xc7ff8b47, 0x01ffe39b, 0x019ba000,
	0x00000000, 0x00000000, 0x00000000, 0x00000000,
	0x00000000, 0xc7ff8b47, 0x01ffe399, 0x019ca000,
	0x00000000, 0x00000000, 0x00000000, 0x00000000,
	0x00000000, 0xc7ff8b47, 0x01ffe397, 0x019da000,
	0x00000000, 0x00000000, 0x00000000, 0x00000000,
	0x00000000, 0xc7ff8b47, 0x01ffe395, 0x019ea000,
	0x00000000, 0x00000000, 0x00000000, 0x00000000,
	0x00000000, 0xc7ff8b47, 0x01ffe393, 0x019fa000,
	0x00000000, 0x00000000, 0x00000000, 0x00000000,
	0x00000000, 0xc7ff8b47, 0x01ffe391, 0x01a0a000,
	0x00000000, 0x00000000, 0x00000000, 0x00000000,
	0x00000000, 0xc7ff8b47, 0x01ffe38f, 0x01a1a000,
	0x00000000, 0x00000000, 0x00000000, 0x00000000,
	0x00000000, 0xc7ff8b47, 0x01ffe38d, 0x01a2a000,
	0x00000000, 0x00000000, 0x00000000, 0x00000000,
	0x00000000, 0xc7ff8b47, 0x01ffe38b, 0x01a3a000,
	0x00000000, 0x00000000, 0x00000000, 0x00000000,
	0x00000000, 0xc7ff8b47, 0x01ffe389, 0x01a4a000,
	0x00000000, 0x00000000, 0x00000000, 0x00000000,
	0x00000000, 0xc7ff8b47, 0x01ffe387, 0x01a5a000,
	0x00000000, 0x00000000, 0x00000000, 0x00000000,
	0x00000000, 0xc7ff8b47, 0x01ffe385, 0x01a6a000,
	0x00000000, 0x00000000, 0x00000000, 0x00000000,
	0x00000000, 0xc7ff8b47, 0x01ffe383, 0x01a7a000,
	0x00000000, 0x00000000, 0x00000000, 0x00000000,
	0x00000000, 0xc7ff8b47, 0x01ffe381, 0x01a8a000,
	0x00000000, 0x00000000, 0x00000000, 0x00000000,
	0x00000000, 0xc7ff8b47, 0x01ffe37f, 0x01a9a000,
	0x00000000, 0x00000000, 0x00000000, 0x00000000,
	0x00000000, 0xc7ff8b47, 0x01ffe37d, 0x01aaa000,
	0x00000000, 0x00000000, 0x00000000, 0x00000000,
	0x00000000, 0xc7ff8b47, 0x01ffe37b, 0x01aba000,
	0x00000000, 0x00000000, 0x00000000, 0x00000000,
	0x00000000, 0xc7ff8b47, 0x01ffe379, 0x01aca000,
	0x00000000, 0x00000000, 0x00000000, 0x00000000,
	0x00000000, 0xc7ff8b47, 0x01ffe377, 0x01ada000,
	0x00000000, 0x00000000, 0x00000000, 0x00000000,
	0x00000000, 0xc7ff8b47, 0x01ffe375, 0x01aea000,
	0x00000000, 0x00000000, 0x00000000, 0x00000000,
	0x00000000, 0xc7ff8b47, 0x01ffe373, 0x01afa000,
	0x00000000, 0x00000000, 0x00000000, 0x00000000,
	0x00000000, 0xc7ff8b47, 0x01ffe371, 0x01b0a000,
	0x00000000, 0x00000000, 0x00000000, 0x00000000,
	0x00000000, 0xc7ff8b47, 0x01ffe36f, 0x01b1a000,
	0x00000000, 0x00000000, 0x00000000, 0x00000000,
	0x00000000, 0xc7ff8b47, 0x01ffe36d, 0x01b2a000,
	0x00000000, 0x00000000, 0x00000000, 0x00000000,
	0x00000000, 0xc7ff8b47, 0x01ffe36b, 0x01b3a000,
	0x00000000, 0x00000000, 0x00000000, 0x00000000,
	0x00000000, 0xc7ff8b47, 0x01ffe369, 0x01b4a000,
	0x00000000, 0x00000000, 0x00000000, 0x00000000,
	0x00000000, 0xc7ff8b47, 0x01ffe367, 0x01b5a000,
	0x00000000, 0x00000000, 0x00000000, 0x00000000,
	0x00000000, 0xc7ff8b47, 0x01ffe365, 0x01b6a000,
	0x00000000, 0x00000000, 0x00000000, 0x00000000,
	0x00000000, 0xc7ff8b47, 0x01ffe363, 0x01b7a000,
	0x00000000, 0x00000000, 0x00000000, 0x00000000,
	0x00000000, 0xc7ff8b47, 0x01ffe361, 0x01b8a000,
	0x00000000, 0x00000000, 0x00000000, 0x00000000,
	0x00000000, 0xc7ff8b47, 0x01ffe35f, 0x01b9a000,
	0x00000000, 0x00000000, 0x00000000, 0x00000000,
	0x00000000, 0xc7ff8b47, 0x01ffe35d, 0x01baa000,
	0x00000000, 0x00000000, 0x00000000, 0x00000000,
	0x00000000, 0xc7ff8b47, 0x01ffe35b, 0x01bba000,
	0x00000000, 0x00000000, 0x00000000, 0x00000000,
	0x00000000, 0xc7ff8b47, 0x01ffe359, 0x01bca000,
	0x00000000, 0x00000000, 0x00000000, 0x00000000,
	0x00000000, 0xc7ff8b47, 0x01ffe357, 0x01bda000,
	0x00000000, 0x00000000, 0x00000000, 0x00000000,
	0x00000000, 0xc7ff8b47, 0x01ffe355, 0x01bea000,
	0x00000000, 0x00000000, 0x00000000, 0x00000000,
	0x00000000, 0xc7ff8b47, 0x01ffe353, 0x01bfa000,
	0x00000000, 0x00000000, 0x00000000, 0x00000000,
	0x00000000, 0xc7ff8b47, 0x01ffe351, 0x01c0a000,
	0x00000000, 0x00000000, 0x00000000, 0x00000000,
	0x00000000, 0xc7ff8b47, 0x01ffe34f, 0x01c1a000,
	0x00000000, 0x00000000, 0x00000000, 0x00000000,
	0x00000000, 0xc7ff8b47, 0x01ffe34d, 0x01c2a000,
	0x00000000, 0x00000000, 0x00000000, 0x00000000,
	0x00000000, 0xc7ff8b47, 0x01ffe34b, 0x01c3a000,
	0x00000000, 0x00000000, 0x00000000, 0x00000000,
	0x00000000, 0xc7ff8b47, 0x01ffe349, 0x01c4a000,
	0x00000000, 0x00000000, 0x00000000, 0x00000000,
	0x00000000, 0xc7ff8b47, 0x01ffe347, 0x01c5a000,
	0x00000000, 0x00000000, 0x00000000, 0x00000000,
	0x00000000, 0xc7ff8b47, 0x01ffe345, 0x01c6a000,
	0x00000000, 0x00000000, 0x00000000, 0x00000000,
	0x00000000, 0xc7ff8b47, 0x01ffe343, 0x01c7a000,
	0x00000000, 0x00000000, 0x00000000, 0x00000000,
	0x00000000, 0xc7ff8b47, 0x01ffe341, 0x01c8a000,
	0x00000000, 0x00000000, 0x00000000, 0x00000000,
	0x00000000, 0xc7ff8b47, 0x01ffe33f, 0x01c9a000,
	0x00000000, 0x00000000, 0x00000000, 0x00000000,
	0x00000000, 0xc7ff8b47, 0x01ffe33d, 0x01caa000,
	0x00000000, 0x00000000, 0x00000000, 0x00000000,
	0x00000000, 0xc7ff8b47, 0x01ffe33b, 0x01cba000,
	0x00000000, 0x00000000, 0x00000000, 0x00000000,
	0x00000000, 0xc7ff8b47, 0x01ffe339, 0x01cca000,
	0x00000000, 0x00000000, 0x00000000, 0x00000000,
	0x00000000, 0xc7ff8b47, 0x01ffe337, 0x01cda000,
	0x00000000, 0x00000000, 0x00000000, 0x00000000,
	0x00000000, 0xc7ff8b47, 0x01ffe335, 0x01cea000,
	0x00000000, 0x00000000, 0x00000000, 0x00000000,
	0x00000000, 0xc7ff8b47, 0x01ffe333, 0x01cfa000,
	0x00000000, 0x00000000, 0x00000000, 0x00000000,
	0x00000000, 0xc7ff8b47, 0x01ffe331, 0x01d0a000,
	0x00000000, 0x00000000, 0x00000000, 0x00000000,
	0x00000000, 0xc7ff8b47, 0x01ffe32f, 0x01d1a000,
	0x00000000, 0x00000000, 0x00000000, 0x00000000,
	0x00000000, 0xc7ff8b47, 0x01ffe32d, 0x01d2a000,
	0x00000000, 0x00000000, 0x00000000, 0x00000000,
	0x00000000, 0xc7ff8b47, 0x01ffe32b, 0x01d3a000,
	0x00000000, 0x00000000, 0x00000000, 0x00000000,
	0x00000000, 0xc7ff8b47, 0x01ffe329, 0x01d4a000,
	0x00000000, 0x00000000, 0x00000000, 0x00000000,
	0x00000000, 0xc7ff8b47, 0x01ffe327, 0x01d5a000,
	0x00000000, 0x00000000, 0x00000000, 0x00000000,
	0x00000000, 0xc7ff8b47, 0x01ffe325, 0x01d6a000,
	0x00000000, 0x00000000, 0x00000000, 0x00000000,
	0x00000000, 0xc7ff8b47, 0x01ffe323, 0x01d7a000,
	0x00000000, 0x00000000, 0x00000000, 0x00000000,
	0x00000000, 0xc7ff8b47, 0x01ffe321, 0x01d8a000,
	0x00000000, 0x00000000, 0x00000000, 0x00000000,
	0x00000000, 0xc7ff8b47, 0x01ffe31f, 0x01d9a000,
	0x00000000, 0x00000000, 0x00000000, 0x00000000,
	0x00000000, 0xc7ff8b47, 0x01ffe31d, 0x01daa000,
	0x00000000, 0x00000000, 0x00000000, 0x00000000,
	0x00000000, 0xc7ff8b47, 0x01ffe31b, 0x01dba000,
	0x00000000, 0x00000000, 0x00000000, 0x00000000,
	0x00000000, 0xc7ff8b47, 0x01ffe319, 0x01dca000,
	0x00000000, 0x00000000, 0x00000000, 0x00000000,
	0x00000000, 0xc7ff8b47, 0x01ffe317, 0x01dda000,
	0x00000000, 0x00000000, 0x00000000, 0x00000000,
	0x00000000, 0xc7ff8b47, 0x01ffe315, 0x01dea000,
	0x00000000, 0x00000000, 0x00000000, 0x00000000,
	0x00000000, 0xc7ff8b47, 0x01ffe313, 0x01dfa000,
	0x00000000, 0x00000000, 0x00000000, 0x00000000,
	0x00000000, 0xc7ff8b47, 0x01ffe311, 0x01e0a000,
	0x00000000, 0x00000000, 0x00000000, 0x00000000,
	0x00000000, 0xc7ff8b47, 0x01ffe30f, 0x01e1a000,
	0x00000000, 0x00000000, 0x00000000, 0x00000000,
	0x00000000, 0xc7ff8b47, 0x01ffe30d, 0x01e2a000,
	0x00000000, 0x00000000, 0x00000000, 0x00000000,
	0x00000000, 0xc7ff8b47, 0x01ffe30b, 0x01e3a000,
	0x00000000, 0x00000000, 0x00000000, 0x00000000,
	0x00000000, 0xc7ff8b47, 0x01ffe309, 0x01e4a000,
	0x00000000, 0x00000000, 0x00000000, 0x00000000,
	0x00000000, 0xc7ff8b47, 0x01ffe307, 0x01e5a000,
	0x00000000, 0x00000000, 0x00000000, 0x00000000,
	0x00000000, 0xc7ff8b47, 0x01ffe305, 0x01e6a000,
	0x00000000, 0x00000000, 0x00000000, 0x00000000,
	0x00000000, 0xc7ff8b47, 0x01ffe303, 0x01e7a000,
	0x00000000, 0x00000000, 0x00000000, 0x00000000,
	0x00000000, 0xc7ff8b47, 0x01ffe301, 0x01e8a000,
	0x00000000, 0x00000000, 0x00000000, 0x00000000,
	0x00000000, 0xc7ff8b47, 0x01ffe2ff, 0x01e9a000,
	0x00000000, 0x00000000, 0x00000000, 0x00000000,
	0x00000000, 0xc7ff8b47, 0x01ffe2fd, 0x01eaa000,
	0x00000000, 0x00000000, 0x00000000, 0x00000000,
	0x00000000, 0xc7ff8b47, 0x01ffe2fb, 0x01eba000,
	0x00000000, 0x00000000, 0x00000000, 0x00000000,
	0x00000000, 0xc7ff8b47, 0x01ffe2f9, 0x01eca000,
	0x00000000, 0x00000000, 0x00000000, 0x00000000,
	0x00000000, 0xc7ff8b47, 0x01ffe2f7, 0x01eda000,
	0x00000000, 0x00000000, 0x00000000, 0x00000000,
	0x00000000, 0xc7ff8b47, 0x01ffe2f5, 0x01eea000,
	0x00000000, 0x00000000, 0x00000000, 0x00000000,
	0x00000000, 0xc7ff8b47, 0x01ffe2f3, 0x01efa000,
	0x00000000, 0x00000000, 0x00000000, 0x00000000,
	0x00000000, 0xc7ff8b47, 0x01ffe2f1, 0x01f0a000,
	0x00000000, 0x00000000, 0x00000000, 0x00000000,
	0x00000000, 0xc7ff8b47, 0x01ffe2ef, 0x01f1a000,
	0x00000000, 0x00000000, 0x00000000, 0x00000000,
	0x00000000, 0xc7ff8b47, 0x01ffe2ed, 0x01f2a000,
	0x00000000, 0x00000000, 0x00000000, 0x00000000,
	0x00000000, 0xc7ff8b47, 0x01ffe2eb, 0x01f3a000,
	0x00000000, 0x00000000, 0x00000000, 0x00000000,
	0x00000000, 0xc7ff8b47, 0x01ffe2e9, 0x01f4a000,
	0x00000000, 0x00000000, 0x00000000, 0x00000000,
	0x00000000, 0xc7ff8b47, 0x01ffe2e7, 0x01f5a000,
	0x00000000, 0x00000000, 0x00000000, 0x00000000,
	0x00000000, 0xc7ff8b47, 0x01ffe2e5, 0x01f6a000,
	0x00000000, 0x00000000, 0x00000000, 0x00000000,
	0x00000000, 0xc7ff8b47, 0x01ffe2e3, 0x01f7a000,
	0x00000000, 0x00000000, 0x00000000, 0x00000000,
	0x00000000, 0xc7ff8b47, 0x01ffe2e1, 0x01f8a000,
	0x00000000, 0x00000000, 0x00000000, 0x00000000,
	0x00000000, 0xc7ff8b47, 0x01ffe2df, 0x01f9a000,
	0x00000000, 0x00000000, 0x00000000, 0x00000000,
	0x00000000, 0xc7ff8b47, 0x01ffe2dd, 0x01faa000,
	0x00000000, 0x00000000, 0x00000000, 0x00000000,
	0x00000000, 0xc7ff8b47, 0x01ffe2db, 0x01fba000,
	0x00000000, 0x00000000, 0x00000000, 0x00000000,
	0x00000000, 0xc7ff8b47, 0x01ffe2d9, 0x01fca000,
	0x00000000, 0x00000000, 0x00000000, 0x00000000,
	0x00000000, 0xc7ff8b47, 0x01ffe2d7, 0x01fda000,
	0x00000000, 0x00000000, 0x00000000, 0x00000000,
	0x00000000, 0xc7ff8b47, 0x01ffe2d5, 0x01fea000,
	0x00000000, 0x00000000, 0x00000000, 0x00000000,
	0x00000000, 0xc7ff8b47, 0x01ffe2d3, 0x01ffa000,
	0x00000000, 0x00000000, 0x00000000, 0x00000000,
};

uint32_t idk_ut_5005_ipt_ipt_g_md_lut[] = {
	0x00000000, 0x00000000, 0x00000000, 0x00000000,
	0x00000000, 0x00000000, 0x00000000, 0x00000000,
	0x00000000, 0x00000000, 0x00000000, 0x00010000,
	0x00000000, 0x00000000, 0x00000000, 0x00000000,
	0x00000000, 0x00000000, 0x00000000, 0x00020000,
	0x00000000, 0x00000000, 0x00000000, 0x00000000,
	0x00000000, 0x00000000, 0x00000000, 0x00030000,
	0x00000000, 0x00000000, 0x00000000, 0x00000000,
	0x00000047, 0x00000000, 0x00000000, 0x00040000,
	0x00000000, 0x00000000, 0x00000000, 0x00000000,
	0x00000000, 0x00000000, 0x00000000, 0x00050000,
	0x00000000, 0x00000000, 0x00000000, 0x00000000,
	0x00000001, 0x00000000, 0x00000000, 0x00060000,
	0x00000000, 0x00000000, 0x00000000, 0x00000000,
	0x00000020, 0x00000000, 0x00000000, 0x00070000,
	0x00000000, 0x00000000, 0x00000000, 0x00000000,
	0x00000000, 0x00000000, 0x00000000, 0x00080000,
	0x00000000, 0x00000000, 0x00000000, 0x00000000,
	0x00000003, 0x00000000, 0x00000000, 0x00090000,
	0x00000000, 0x00000000, 0x00000000, 0x00000000,
	0x0000001f, 0x00000000, 0x00000000, 0x000a0000,
	0x00000000, 0x00000000, 0x00000000, 0x00000000,
	0x00000006, 0x00000000, 0x00000000, 0x000b0000,
	0x00000000, 0x00000000, 0x00000000, 0x00000000,
	0x00000091, 0x00000000, 0x00000000, 0x000c0000,
	0x00000000, 0x00000000, 0x00000000, 0x00000000,
	0x00000020, 0x00000000, 0x00000000, 0x000d0000,
	0x00000000, 0x00000000, 0x00000000, 0x00000000,
	0x00000000, 0x00000000, 0x00000000, 0x000e0000,
	0x00000000, 0x00000000, 0x00000000, 0x00000000,
	0x000000fc, 0x00000000, 0x00000000, 0x000f0000,
	0x00000000, 0x00000000, 0x00000000, 0x00000000,
	0x0000005b, 0x00000000, 0x00000000, 0x00100000,
	0x00000000, 0x00000000, 0x00000000, 0x00000000,
	0x00000004, 0x00000000, 0x00000000, 0x00110000,
	0x00000000, 0x00000000, 0x00000000, 0x00000000,
	0x00000043, 0x00000000, 0x00000000, 0x00120000,
	0x00000000, 0x00000000, 0x00000000, 0x00000000,
	0x00000020, 0x00000000, 0x00000000, 0x00130000,
	0x00000000, 0x00000000, 0x00000000, 0x00000000,
	0x00000000, 0x00000000, 0x00000000, 0x00140000,
	0x00000000, 0x00000000, 0x00000000, 0x00000000,
	0x00000001, 0x00000000, 0x00000000, 0x00150000,
	0x00000000, 0x00000000, 0x00000000, 0x00000000,
	0x0000000b, 0x00000000, 0x00000000, 0x00160000,
	0x00000000, 0x00000000, 0x00000000, 0x00000000,
	0x000000ea, 0x00000000, 0x00000000, 0x00170000,
	0x00000000, 0x00000000, 0x00000000, 0x00000000,
	0x00000057, 0x00000000, 0x00000000, 0x00180000,
	0x00000000, 0x00000000, 0x00000000, 0x00000000,
	0x00000000, 0x00000000, 0x00000000, 0x00190000,
	0x00000000, 0x00000000, 0x00000000, 0x00000000,
	0x00000000, 0x00000000, 0x00000000, 0x001a0000,
	0x00000000, 0x00000000, 0x00000000, 0x00000000,
	0x00000000, 0x00000000, 0x00000000, 0x001b0000,
	0x00000000, 0x00000000, 0x00000000, 0x00000000,
	0x00000000, 0x00000000, 0x00000000, 0x001c0000,
	0x00000000, 0x00000000, 0x00000000, 0x00000000,
	0x00000008, 0x00000000, 0x00000000, 0x001d0000,
	0x00000000, 0x00000000, 0x00000000, 0x00000000,
	0x00000000, 0x00000000, 0x00000000, 0x001e0000,
	0x00000000, 0x00000000, 0x00000000, 0x00000000,
	0x00000000, 0x00000000, 0x00000000, 0x001f0000,
	0x00000000, 0x00000000, 0x00000000, 0x00000000,
	0x00000000, 0x00000000, 0x00000000, 0x00200000,
	0x00000000, 0x00000000, 0x00000000, 0x00000000,
	0x00000008, 0x00000000, 0x00000000, 0x00210000,
	0x00000000, 0x00000000, 0x00000000, 0x00000000,
	0x00000000, 0x00000000, 0x00000000, 0x00220000,
	0x00000000, 0x00000000, 0x00000000, 0x00000000,
	0x00000000, 0x00000000, 0x00000000, 0x00230000,
	0x00000000, 0x00000000, 0x00000000, 0x00000000,
	0x00000000, 0x00000000, 0x00000000, 0x00240000,
	0x00000000, 0x00000000, 0x00000000, 0x00000000,
	0x00000042, 0x00000000, 0x00000000, 0x00250000,
	0x00000000, 0x00000000, 0x00000000, 0x00000000,
	0x000000b9, 0x00000000, 0x00000000, 0x00260000,
	0x00000000, 0x00000000, 0x00000000, 0x00000000,
	0x000000fe, 0x00000000, 0x00000000, 0x00270000,
	0x00000000, 0x00000000, 0x00000000, 0x00000000,
	0x000000a3, 0x00000000, 0x00000000, 0x00280000,
	0x00000000, 0x00000000, 0x00000000, 0x00000000,
	0x000000fe, 0x00000000, 0x00000000, 0x00290000,
	0x00000000, 0x00000000, 0x00000000, 0x00000000,
	0x000000a3, 0x00000000, 0x00000000, 0x002a0000,
	0x00000000, 0x00000000, 0x00000000, 0x00000000,
	0x000000fe, 0x00000000, 0x00000000, 0x002b0000,
	0x00000000, 0x00000000, 0x00000000, 0x00000000,
	0x000000a3, 0x00000000, 0x00000000, 0x002c0000,
	0x00000000, 0x00000000, 0x00000000, 0x00000000,
	0x00000042, 0x00000000, 0x00000000, 0x002d0000,
	0x00000000, 0x00000000, 0x00000000, 0x00000000,
	0x000000b9, 0x00000000, 0x00000000, 0x002e0000,
	0x00000000, 0x00000000, 0x00000000, 0x00000000,
	0x000000fe, 0x00000000, 0x00000000, 0x002f0000,
	0x00000000, 0x00000000, 0x00000000, 0x00000000,
	0x000000a3, 0x00000000, 0x00000000, 0x00300000,
	0x00000000, 0x00000000, 0x00000000, 0x00000000,
	0x000000fe, 0x00000000, 0x00000000, 0x00310000,
	0x00000000, 0x00000000, 0x00000000, 0x00000000,
	0x000000a3, 0x00000000, 0x00000000, 0x00320000,
	0x00000000, 0x00000000, 0x00000000, 0x00000000,
	0x000000fe, 0x00000000, 0x00000000, 0x00330000,
	0x00000000, 0x00000000, 0x00000000, 0x00000000,
	0x000000a3, 0x00000000, 0x00000000, 0x00340000,
	0x00000000, 0x00000000, 0x00000000, 0x00000000,
	0x00000042, 0x00000000, 0x00000000, 0x00350000,
	0x00000000, 0x00000000, 0x00000000, 0x00000000,
	0x000000b9, 0x00000000, 0x00000000, 0x00360000,
	0x00000000, 0x00000000, 0x00000000, 0x00000000,
	0x000000ff, 0x00000000, 0x00000000, 0x00370000,
	0x00000000, 0x00000000, 0x00000000, 0x00000000,
	0x000000ff, 0x00000000, 0x00000000, 0x00380000,
	0x00000000, 0x00000000, 0x00000000, 0x00000000,
	0x00000000, 0x00000000, 0x00000000, 0x00390000,
	0x00000000, 0x00000000, 0x00000000, 0x00000000,
	0x00000000, 0x00000000, 0x00000000, 0x003a0000,
	0x00000000, 0x00000000, 0x00000000, 0x00000000,
	0x00000000, 0x00000000, 0x00000000, 0x003b0000,
	0x00000000, 0x00000000, 0x00000000, 0x00000000,
	0x00000000, 0x00000000, 0x00000000, 0x003c0000,
	0x00000000, 0x00000000, 0x00000000, 0x00000000,
	0x00000000, 0x00000000, 0x00000000, 0x003d0000,
	0x00000000, 0x00000000, 0x00000000, 0x00000000,
	0x00000000, 0x00000000, 0x00000000, 0x003e0000,
	0x00000000, 0x00000000, 0x00000000, 0x00000000,
	0x00000000, 0x00000000, 0x00000000, 0x003f0000,
	0x00000000, 0x00000000, 0x00000000, 0x00000000,
	0x00000000, 0x00000000, 0x00000000, 0x00400000,
	0x00000000, 0x00000000, 0x00000000, 0x00000000,
	0x0000000c, 0x00000000, 0x00000000, 0x00410000,
	0x00000000, 0x00000000, 0x00000000, 0x00000000,
	0x00000002, 0x00000000, 0x00000000, 0x00420000,
	0x00000000, 0x00000000, 0x00000000, 0x00000000,
	0x00000001, 0x00000000, 0x00000000, 0x00430000,
	0x00000000, 0x00000000, 0x00000000, 0x00000000,
	0x00000001, 0x00000000, 0x00000000, 0x00440000,
	0x00000000, 0x00000000, 0x00000000, 0x00000000,
	0x00000001, 0x00000000, 0x00000000, 0x00450000,
	0x00000000, 0x00000000, 0x00000000, 0x00000000,
	0x00000004, 0x00000000, 0x00000000, 0x00460000,
	0x00000000, 0x00000000, 0x00000000, 0x00000000,
	0x0000000b, 0x00000000, 0x00000000, 0x00470000,
	0x00000000, 0x00000000, 0x00000000, 0x00000000,
	0x00000047, 0x00000000, 0x00000000, 0x00480000,
	0x00000000, 0x00000000, 0x00000000, 0x00000000,
	0x00000000, 0x00000000, 0x00000000, 0x00490000,
	0x00000000, 0x00000000, 0x00000000, 0x00000000,
	0x0000002a, 0x00000000, 0x00000000, 0x004a0000,
	0x00000000, 0x00000000, 0x00000000, 0x00000000,
	0x00000000, 0x00000000, 0x00000000, 0x004b0000,
	0x00000000, 0x00000000, 0x00000000, 0x00000000,
	0x00000000, 0x00000000, 0x00000000, 0x004c0000,
	0x00000000, 0x00000000, 0x00000000, 0x00000000,
	0x00000000, 0x00000000, 0x00000000, 0x004d0000,
	0x00000000, 0x00000000, 0x00000000, 0x00000000,
	0x00000000, 0x00000000, 0x00000000, 0x004e0000,
	0x00000000, 0x00000000, 0x00000000, 0x00000000,
	0x00000000, 0x00000000, 0x00000000, 0x004f0000,
	0x00000000, 0x00000000, 0x00000000, 0x00000000,
	0x00000000, 0x00000000, 0x00000000, 0x00500000,
	0x00000000, 0x00000000, 0x00000000, 0x00000000,
	0x00000000, 0x00000000, 0x00000000, 0x00510000,
	0x00000000, 0x00000000, 0x00000000, 0x00000000,
	0x00000000, 0x00000000, 0x00000000, 0x00520000,
	0x00000000, 0x00000000, 0x00000000, 0x00000000,
	0x00000000, 0x00000000, 0x00000000, 0x00530000,
	0x00000000, 0x00000000, 0x00000000, 0x00000000,
	0x00000000, 0x00000000, 0x00000000, 0x00540000,
	0x00000000, 0x00000000, 0x00000000, 0x00000000,
	0x00000000, 0x00000000, 0x00000000, 0x00550000,
	0x00000000, 0x00000000, 0x00000000, 0x00000000,
	0x00000000, 0x00000000, 0x00000000, 0x00560000,
	0x00000000, 0x00000000, 0x00000000, 0x00000000,
	0x00000000, 0x00000000, 0x00000000, 0x00570000,
	0x00000000, 0x00000000, 0x00000000, 0x00000000,
	0x00000000, 0x00000000, 0x00000000, 0x00580000,
	0x00000000, 0x00000000, 0x00000000, 0x00000000,
	0x00000000, 0x00000000, 0x00000000, 0x00590000,
	0x00000000, 0x00000000, 0x00000000, 0x00000000,
	0x00000000, 0x00000000, 0x00000000, 0x005a0000,
	0x00000000, 0x00000000, 0x00000000, 0x00000000,
	0x00000000, 0x00000000, 0x00000000, 0x005b0000,
	0x00000000, 0x00000000, 0x00000000, 0x00000000,
	0x00000000, 0x00000000, 0x00000000, 0x005c0000,
	0x00000000, 0x00000000, 0x00000000, 0x00000000,
	0x00000000, 0x00000000, 0x00000000, 0x005d0000,
	0x00000000, 0x00000000, 0x00000000, 0x00000000,
	0x00000000, 0x00000000, 0x00000000, 0x005e0000,
	0x00000000, 0x00000000, 0x00000000, 0x00000000,
	0x00000000, 0x00000000, 0x00000000, 0x005f0000,
	0x00000000, 0x00000000, 0x00000000, 0x00000000,
	0x00000000, 0x00000000, 0x00000000, 0x00600000,
	0x00000000, 0x00000000, 0x00000000, 0x00000000,
	0x00000000, 0x00000000, 0x00000000, 0x00610000,
	0x00000000, 0x00000000, 0x00000000, 0x00000000,
	0x00000000, 0x00000000, 0x00000000, 0x00620000,
	0x00000000, 0x00000000, 0x00000000, 0x00000000,
	0x00000000, 0x00000000, 0x00000000, 0x00630000,
	0x00000000, 0x00000000, 0x00000000, 0x00000000,
	0x00000000, 0x00000000, 0x00000000, 0x00640000,
	0x00000000, 0x00000000, 0x00000000, 0x00000000,
	0x00000000, 0x00000000, 0x00000000, 0x00650000,
	0x00000000, 0x00000000, 0x00000000, 0x00000000,
	0x00000000, 0x00000000, 0x00000000, 0x00660000,
	0x00000000, 0x00000000, 0x00000000, 0x00000000,
	0x00000000, 0x00000000, 0x00000000, 0x00670000,
	0x00000000, 0x00000000, 0x00000000, 0x00000000,
	0x00000000, 0x00000000, 0x00000000, 0x00680000,
	0x00000000, 0x00000000, 0x00000000, 0x00000000,
	0x00000000, 0x00000000, 0x00000000, 0x00690000,
	0x00000000, 0x00000000, 0x00000000, 0x00000000,
	0x00000000, 0x00000000, 0x00000000, 0x006a0000,
	0x00000000, 0x00000000, 0x00000000, 0x00000000,
	0x00000000, 0x00000000, 0x00000000, 0x006b0000,
	0x00000000, 0x00000000, 0x00000000, 0x00000000,
	0x00000000, 0x00000000, 0x00000000, 0x006c0000,
	0x00000000, 0x00000000, 0x00000000, 0x00000000,
	0x00000000, 0x00000000, 0x00000000, 0x006d0000,
	0x00000000, 0x00000000, 0x00000000, 0x00000000,
	0x00000000, 0x00000000, 0x00000000, 0x006e0000,
	0x00000000, 0x00000000, 0x00000000, 0x00000000,
	0x00000000, 0x00000000, 0x00000000, 0x006f0000,
	0x00000000, 0x00000000, 0x00000000, 0x00000000,
	0x00000000, 0x00000000, 0x00000000, 0x00700000,
	0x00000000, 0x00000000, 0x00000000, 0x00000000,
	0x00000000, 0x00000000, 0x00000000, 0x00710000,
	0x00000000, 0x00000000, 0x00000000, 0x00000000,
	0x00000000, 0x00000000, 0x00000000, 0x00720000,
	0x00000000, 0x00000000, 0x00000000, 0x00000000,
	0x00000000, 0x00000000, 0x00000000, 0x00730000,
	0x00000000, 0x00000000, 0x00000000, 0x00000000,
	0x00000000, 0x00000000, 0x00000000, 0x00740000,
	0x00000000, 0x00000000, 0x00000000, 0x00000000,
	0x00000000, 0x00000000, 0x00000000, 0x00750000,
	0x00000000, 0x00000000, 0x00000000, 0x00000000,
	0x00000000, 0x00000000, 0x00000000, 0x00760000,
	0x00000000, 0x00000000, 0x00000000, 0x00000000,
	0x00000000, 0x00000000, 0x00000000, 0x00770000,
	0x00000000, 0x00000000, 0x00000000, 0x00000000,
	0x00000000, 0x00000000, 0x00000000, 0x00780000,
	0x00000000, 0x00000000, 0x00000000, 0x00000000,
	0x00000000, 0x00000000, 0x00000000, 0x00790000,
	0x00000000, 0x00000000, 0x00000000, 0x00000000,
	0x00000000, 0x00000000, 0x00000000, 0x007a0000,
	0x00000000, 0x00000000, 0x00000000, 0x00000000,
	0x00000000, 0x00000000, 0x00000000, 0x007b0000,
	0x00000000, 0x00000000, 0x00000000, 0x00000000,
	0x00000000, 0x00000000, 0x00000000, 0x007c0000,
	0x00000000, 0x00000000, 0x00000000, 0x00000000,
	0x00000000, 0x00000000, 0x00000000, 0x007d0000,
	0x00000000, 0x00000000, 0x00000000, 0x00000000,
	0x00000000, 0x00000000, 0x00000000, 0x007e0000,
	0x00000000, 0x00000000, 0x00000000, 0x00000000,
	0x00000000, 0x00000000, 0x00000000, 0x007f0000,
	0x00000000, 0x00000000, 0x00000000, 0x00000000,
};

uint32_t idk_ut_5005_ipt_ipt_g_msys_ml_tbl[] = {
	0x59010001, 0x00010053, 0x59010000, 0x00020053,
	0x59297fff, 0xffff0053, 0x592a0c7c, 0xffff0053,
	0x592b1a45, 0xffff0053, 0x592c7fff, 0xffff0053,
	0x592df16d, 0xffff0053, 0x592e110d, 0xffff0053,
	0x592f7fff, 0xffff0053, 0x5930042d, 0xffff0053,
	0x5931a95c, 0xffff0053, 0x59070000, 0x30000053,
	0x59010000, 0x00040053, 0x59010000, 0x00080053,
	0x59204000, 0xffff0053, 0x59210000, 0xffff0053,
	0x59220000, 0xffff0053, 0x59230000, 0xffff0053,
	0x59244000, 0xffff0053, 0x59250000, 0xffff0053,
	0x59260000, 0xffff0053, 0x59270000, 0xffff0053,
	0x59284000, 0xffff0053, 0x59071000, 0x0c000053,
	0x59460000, 0xffff0053, 0x59479c40, 0xffff0053,
	0x59430000, 0xffff0053, 0x59440000, 0xffff0053,
	0x59010000, 0x00100053, 0x59070001, 0x00010053,
	0x59010000, 0x00200053, 0x59080666, 0xffff0053,
	0x59090666, 0xffff0053, 0x590a0333, 0xffff0053,
	0x590b4748, 0xffff0053, 0x590cb262, 0xffff0053,
	0x590d0656, 0xffff0053, 0x590e0ce4, 0xffff0053,
	0x590f05b7, 0xffff0053, 0x5910ed65, 0xffff0053,
	0x59110000, 0x1fff0053, 0x59130800, 0x1fff0053,
	0x59150800, 0x1fff0053, 0x59070000, 0x01800053,
	0x59170000, 0x0fff0053, 0x5919fff0, 0xffff0053,
	0x591a0000, 0x00010053, 0x59010000, 0x00400053,
	0x59040000, 0x00010053, 0x591f0000, 0x00030053,
	0x49010000, 0x00040053, 0x49084000, 0xffff0053,
	0x49090000, 0xffff0053, 0x490a64c8, 0xffff0053,
	0x490b4000, 0xffff0053, 0x490cf403, 0xffff0053,
	0x490de208, 0xffff0053, 0x490e4000, 0xffff0053,
	0x490f76c2, 0xffff0053, 0x49100000, 0xffff0053,
	0x49116400, 0xffff0053, 0x49120032, 0xffff0053,
	0x49130580, 0xffff0053, 0x4914ffeb, 0xffff0053,
	0x49156100, 0xffff0053, 0x4916003b, 0xffff0053,
	0x491bffff, 0xffff0053, 0x491c003f, 0xffff0053,
	0x49070000, 0x03800053, 0x49170000, 0xffff0053,
	0x4918ff00, 0xffff0053, 0x49190101, 0xffff0053,
	0x491a0001, 0x00010053, 0x49070002, 0x00020053,
	0x49070000, 0x000c0053, 0x49010000, 0x00080053,
	0x49070000, 0x00010053, 0x49010000, 0x00100053,
	0x49202705, 0xffff0053, 0x492150ce, 0xffff0053,
	0x4922082b, 0xffff0053, 0x492313ef, 0xffff0053,
	0x49245f0d, 0xffff0053, 0x49250d01, 0xffff0053,
	0x49260361, 0xffff0053, 0x49271106, 0xffff0053,
	0x49286b97, 0xffff0053, 0x49070000, 0x0c000053,
	0x49010000, 0x00200053, 0x49010000, 0x00400053,
	0x49070000, 0x30000053, 0x49290666, 0xffff0053,
	0x492a0666, 0xffff0053, 0x492b0333, 0xffff0053,
	0x492c4748, 0xffff0053, 0x492db262, 0xffff0053,
	0x492e0656, 0xffff0053, 0x492f0ce4, 0xffff0053,
	0x493005b7, 0xffff0053, 0x4931ed65, 0xffff0053,
	0x49010000, 0x00800053, 0x49010000, 0x00010053,
	0x49720000, 0x00030053, 0x495d0000, 0x00040053,
	0x495d0000, 0x00080053, 0x495d0000, 0x00010053,
	0x495d0000, 0x00020053, 0x49790001, 0x00010053,
	0x497a0000, 0x000c0053, 0x497d0000, 0x00ff0053,
	0x49320001, 0x00010053, 0x497401e0, 0x1fff0053,
	0x49070000, 0x00200053, 0x59480000, 0x00010053,
	0x59480000, 0x00020053, 0x59480000, 0x00040053,
	0x59480100, 0x01000053, 0x59480010, 0x00100053,
	0x59708000, 0x80000053, 0x59718000, 0x80000053,
	0x597401e0, 0xffff0053, 0x59720000, 0x00010053,
	0x59770001, 0x00ff0053, 0x59760003, 0x00070053,
	0x59780080, 0x0fff0053, 0x59720002, 0x00020053,
	0x597b0000, 0x10000053, 0x49708000, 0x80000053,
	0x49718000, 0x80000053, 0x49718000, 0x80000053,
	0x49718000, 0x80000053, 0x49718000, 0x80000053,
};

uint32_t idk_ut_5005_ipt_sdr_g_lut[] = {
	0x00000511, 0xc7ff8000, 0x01ffe3ff, 0x0000b000,
	0x00000000, 0x00000000, 0x00000000, 0x00000000,
	0x0000105e, 0xc7ff8008, 0x01ffe3ff, 0x0001b000,
	0x00000000, 0x00000000, 0x00000000, 0x00000000,
	0x000023e7, 0xc7ff8010, 0x01ffe3ff, 0x0002b000,
	0x00000000, 0x00000000, 0x00000000, 0x00000000,
	0x000040c1, 0xc7ff8018, 0x01ffe3ff, 0x0003b000,
	0x00000000, 0x00000000, 0x00000000, 0x00000000,
	0x000067e2, 0xc7ff8020, 0x01ffe3ff, 0x0004b000,
	0x00000000, 0x00000000, 0x00000000, 0x00000000,
	0x00009a61, 0xc7ff8028, 0x01ffe3ff, 0x0005b000,
	0x00000000, 0x00000000, 0x00000000, 0x00000000,
	0x0000d862, 0xc7ff8030, 0x01ffe3ff, 0x0006b000,
	0x00000000, 0x00000000, 0x00000000, 0x00000000,
	0x0001233e, 0xc7ff8038, 0x01ffe3ff, 0x0007b000,
	0x00000000, 0x00000000, 0x00000000, 0x00000000,
	0x00017cb2, 0xc7ff8040, 0x01ffe3ff, 0x0008b000,
	0x00000000, 0x00000000, 0x00000000, 0x00000000,
	0x0001e231, 0xc7ff8048, 0x01ffe3ff, 0x0009b000,
	0x00000000, 0x00000000, 0x00000000, 0x00000000,
	0x000257d8, 0xc7ff8050, 0x01ffe3ff, 0x000ab000,
	0x00000000, 0x00000000, 0x00000000, 0x00000000,
	0x0002db3d, 0xc7ff8058, 0x01ffe3ff, 0x000bb000,
	0x00000000, 0x00000000, 0x00000000, 0x00000000,
	0x00036f76, 0xc7ff8060, 0x01ffe3ff, 0x000cb000,
	0x00000000, 0x00000000, 0x00000000, 0x00000000,
	0x00040edc, 0xc7ff8068, 0x01ffe3ff, 0x000db000,
	0x00000000, 0x00000000, 0x00000000, 0x00000000,
	0x0004c2df, 0xc7ff8070, 0x01ffe3ff, 0x000eb000,
	0x00000000, 0x00000000, 0x00000000, 0x00000000,
	0x00058942, 0xc7ff8078, 0x01ffe3ff, 0x000fb000,
	0x00000000, 0x00000000, 0x00000000, 0x00000000,
	0x00065d81, 0xc7ff8080, 0x01ffe3ff, 0x0010b000,
	0x00000000, 0x00000000, 0x00000000, 0x00000000,
	0x000744ef, 0xc7ff8088, 0x01ffe3ff, 0x0011b000,
	0x00000000, 0x00000000, 0x00000000, 0x00000000,
	0x00083eea, 0xc7ff8090, 0x01ffe3ff, 0x0012b000,
	0x00000000, 0x00000000, 0x00000000, 0x00000000,
	0x00094fbf, 0xc7ff8098, 0x01ffe3ff, 0x0013b000,
	0x00000000, 0x00000000, 0x00000000, 0x00000000,
	0x000a65b0, 0xc7ff80a0, 0x01ffe3ff, 0x0014b000,
	0x00000000, 0x00000000, 0x00000000, 0x00000000,
	0x000b9c0b, 0xc7ff80a8, 0x01ffe3ff, 0x0015b000,
	0x00000000, 0x00000000, 0x00000000, 0x00000000,
	0x000ce043, 0xc7ff80b0, 0x01ffe3ff, 0x0016b000,
	0x00000000, 0x00000000, 0x00000000, 0x00000000,
	0x000e3f9a, 0xc7ff80b8, 0x01ffe3ff, 0x0017b000,
	0x00000000, 0x00000000, 0x00000000, 0x00000000,
	0x000fa940, 0xc7ff80c0, 0x01ffe3ff, 0x0018b000,
	0x00000000, 0x00000000, 0x00000000, 0x00000000,
	0x00112cda, 0xc7ff80c8, 0x01ffe3ff, 0x0019b000,
	0x00000000, 0x00000000, 0x00000000, 0x00000000,
	0x0012cb17, 0xc7ff80d0, 0x01ffe3ff, 0x001ab000,
	0x00000000, 0x00000000, 0x00000000, 0x00000000,
	0x00146ce8, 0xc7ff80d8, 0x01ffe3ff, 0x001bb000,
	0x00000000, 0x00000000, 0x00000000, 0x00000000,
	0x00163304, 0xc7ff80e0, 0x01ffe3ff, 0x001cb000,
	0x00000000, 0x00000000, 0x00000000, 0x00000000,
	0x001812ae, 0xc7ff80e8, 0x01ffe3ff, 0x001db000,
	0x00000000, 0x00000000, 0x00000000, 0x00000000,
	0x0019fcd0, 0xc7ff80f0, 0x01ffe3ff, 0x001eb000,
	0x00000000, 0x00000000, 0x00000000, 0x00000000,
	0x001bfdcb, 0xc7ff80f8, 0x01ffe3ff, 0x001fb000,
	0x00000000, 0x00000000, 0x00000000, 0x00000000,
	0x001e2650, 0xc7ff8100, 0x01ffe3ff, 0x0020b000,
	0x00000000, 0x00000000, 0x00000000, 0x00000000,
	0x00205418, 0xc7ff8108, 0x01ffe3ff, 0x0021b000,
	0x00000000, 0x00000000, 0x00000000, 0x00000000,
	0x0022963b, 0xc7ff8110, 0x01ffe3ff, 0x0022b000,
	0x00000000, 0x00000000, 0x00000000, 0x00000000,
	0x002500bf, 0xc7ff8118, 0x01ffe3ff, 0x0023b000,
	0x00000000, 0x00000000, 0x00000000, 0x00000000,
	0x002768f3, 0xc7ff8120, 0x01ffe3ff, 0x0024b000,
	0x00000000, 0x00000000, 0x00000000, 0x00000000,
	0x0029f924, 0xc7ff8128, 0x01ffe3ff, 0x0025b000,
	0x00000000, 0x00000000, 0x00000000, 0x00000000,
	0x002c9a69, 0xc7ff8130, 0x01ffe3ff, 0x0026b000,
	0x00000000, 0x00000000, 0x00000000, 0x00000000,
	0x002f6604, 0xc7ff8138, 0x01ffe3ff, 0x0027b000,
	0x00000000, 0x00000000, 0x00000000, 0x00000000,
	0x00324142, 0xc7ff8140, 0x01ffe3ff, 0x0028b000,
	0x00000000, 0x00000000, 0x00000000, 0x00000000,
	0x003529f7, 0xc7ff8148, 0x01ffe3ff, 0x0029b000,
	0x00000000, 0x00000000, 0x00000000, 0x00000000,
	0x00381d43, 0xc7ff8150, 0x01ffe3ff, 0x002ab000,
	0x00000000, 0x00000000, 0x00000000, 0x00000000,
	0x003b3aa6, 0xc7ff8158, 0x01ffe3ff, 0x002bb000,
	0x00000000, 0x00000000, 0x00000000, 0x00000000,
	0x003e844c, 0xc7ff8160, 0x01ffe3ff, 0x002cb000,
	0x00000000, 0x00000000, 0x00000000, 0x00000000,
	0x0041fc9c, 0xc7ff8168, 0x01ffe3ff, 0x002db000,
	0x00000000, 0x00000000, 0x00000000, 0x00000000,
	0x00455622, 0xc7ff8170, 0x01ffe3ff, 0x002eb000,
	0x00000000, 0x00000000, 0x00000000, 0x00000000,
	0x0048db32, 0xc7ff8178, 0x01ffe3ff, 0x002fb000,
	0x00000000, 0x00000000, 0x00000000, 0x00000000,
	0x004c8e33, 0xc7ff8180, 0x01ffe3ff, 0x0030b000,
	0x00000000, 0x00000000, 0x00000000, 0x00000000,
	0x005042a5, 0xc7ff8188, 0x01ffe3ff, 0x0031b000,
	0x00000000, 0x00000000, 0x00000000, 0x00000000,
	0x00542547, 0xc7ff8190, 0x01ffe3ff, 0x0032b000,
	0x00000000, 0x00000000, 0x00000000, 0x00000000,
	0x005837c7, 0xc7ff8198, 0x01ffe3ff, 0x0033b000,
	0x00000000, 0x00000000, 0x00000000, 0x00000000,
	0x005c47a1, 0xc7ff81a0, 0x01ffe3ff, 0x0034b000,
	0x00000000, 0x00000000, 0x00000000, 0x00000000,
	0x00608759, 0xc7ff81a8, 0x01ffe3ff, 0x0035b000,
	0x00000000, 0x00000000, 0x00000000, 0x00000000,
	0x0064bf21, 0xc7ff81b0, 0x01ffe3ff, 0x0036b000,
	0x00000000, 0x00000000, 0x00000000, 0x00000000,
	0x0069260f, 0xc7ff81b8, 0x01ffe3ff, 0x0037b000,
	0x00000000, 0x00000000, 0x00000000, 0x00000000,
	0x006dbe4c, 0xc7ff81c0, 0x01ffe3ff, 0x0038b000,
	0x00000000, 0x00000000, 0x00000000, 0x00000000,
	0x007247dd, 0xc7ff81c8, 0x01ffe3ff, 0x0039b000,
	0x00000000, 0x00000000, 0x00000000, 0x00000000,
	0x00774617, 0xc7ff81d0, 0x01ffe3ff, 0x003ab000,
	0x00000000, 0x00000000, 0x00000000, 0x00000000,
	0x007bed00, 0xc7ff81d8, 0x01ffe3ff, 0x003bb000,
	0x00000000, 0x00000000, 0x00000000, 0x00000000,
	0x0080c293, 0xc7ff81e0, 0x01ffe3ff, 0x003cb000,
	0x00000000, 0x00000000, 0x00000000, 0x00000000,
	0x00861579, 0xc7ff81e8, 0x01ffe3ff, 0x003db000,
	0x00000000, 0x00000000, 0x00000000, 0x00000000,
	0x008b5051, 0xc7ff81f0, 0x01ffe3ff, 0x003eb000,
	0x00000000, 0x00000000, 0x00000000, 0x00000000,
	0x00906c21, 0xc7ff81f8, 0x01ffe3ff, 0x003fb000,
	0x00000000, 0x00000000, 0x00000000, 0x00000000,
	0x00960e2a, 0xc7ff8200, 0x01ffe3ff, 0x0040b000,
	0x00000000, 0x00000000, 0x00000000, 0x00000000,
	0x009b8ec4, 0xc7ff8208, 0x01ffe3ff, 0x0041b000,
	0x00000000, 0x00000000, 0x00000000, 0x00000000,
	0x00a14314, 0xc7ff8210, 0x01ffe3ff, 0x0042b000,
	0x00000000, 0x00000000, 0x00000000, 0x00000000,
	0x00a72ccc, 0xc7ff8218, 0x01ffe3ff, 0x0043b000,
	0x00000000, 0x00000000, 0x00000000, 0x00000000,
	0x00acea7e, 0xc7ff8220, 0x01ffe3ff, 0x0044b000,
	0x00000000, 0x00000000, 0x00000000, 0x00000000,
	0x00b2da76, 0xc7ff8228, 0x01ffe3ff, 0x0045b000,
	0x00000000, 0x00000000, 0x00000000, 0x00000000,
	0x00b8fede, 0xc7ff8230, 0x01ffe3ff, 0x0046b000,
	0x00000000, 0x00000000, 0x00000000, 0x00000000,
	0x00bf58ea, 0xc7ff8238, 0x01ffe3ff, 0x0047b000,
	0x00000000, 0x00000000, 0x00000000, 0x00000000,
	0x00c5eb02, 0xc7ff8240, 0x01ffe3ff, 0x0048b000,
	0x00000000, 0x00000000, 0x00000000, 0x00000000,
	0x00cc4135, 0xc7ff8248, 0x01ffe3ff, 0x0049b000,
	0x00000000, 0x00000000, 0x00000000, 0x00000000,
	0x00d2cb1f, 0xc7ff8250, 0x01ffe3ff, 0x004ab000,
	0x00000000, 0x00000000, 0x00000000, 0x00000000,
	0x00d98aad, 0xc7ff8258, 0x01ffe3ff, 0x004bb000,
	0x00000000, 0x00000000, 0x00000000, 0x00000000,
	0x00e08151, 0xc7ff8260, 0x01ffe3ff, 0x004cb000,
	0x00000000, 0x00000000, 0x00000000, 0x00000000,
	0x00e7b171, 0xc7ff8268, 0x01ffe3ff, 0x004db000,
	0x00000000, 0x00000000, 0x00000000, 0x00000000,
	0x00ef1c43, 0xc7ff8270, 0x01ffe3ff, 0x004eb000,
	0x00000000, 0x00000000, 0x00000000, 0x00000000,
	0x00f635c7, 0xc7ff8278, 0x01ffe3ff, 0x004fb000,
	0x00000000, 0x00000000, 0x00000000, 0x00000000,
	0x00fd852d, 0xc7ff8280, 0x01ffe3ff, 0x0050b000,
	0x00000000, 0x00000000, 0x00000000, 0x00000000,
	0x01050c61, 0xc7ff8288, 0x01ffe3ff, 0x0051b000,
	0x00000000, 0x00000000, 0x00000000, 0x00000000,
	0x010ccc97, 0xc7ff8290, 0x01ffe3ff, 0x0052b000,
	0x00000000, 0x00000000, 0x00000000, 0x00000000,
	0x011428bd, 0xc7ff8298, 0x01ffe3ff, 0x0053b000,
	0x00000000, 0x00000000, 0x00000000, 0x00000000,
	0x011c5bed, 0xc7ff82a0, 0x01ffe3ff, 0x0054b000,
	0x00000000, 0x00000000, 0x00000000, 0x00000000,
	0x0124cd6a, 0xc7ff82a8, 0x01ffe3ff, 0x0055b000,
	0x00000000, 0x00000000, 0x00000000, 0x00000000,
	0x012cd175, 0xc7ff82b0, 0x01ffe3ff, 0x0056b000,
	0x00000000, 0x00000000, 0x00000000, 0x00000000,
	0x01350dc9, 0xc7ff82b8, 0x01ffe3ff, 0x0057b000,
	0x00000000, 0x00000000, 0x00000000, 0x00000000,
	0x013d83d8, 0xc7ff82c0, 0x01ffe3ff, 0x0058b000,
	0x00000000, 0x00000000, 0x00000000, 0x00000000,
	0x01463551, 0xc7ff82c8, 0x01ffe3ff, 0x0059b000,
	0x00000000, 0x00000000, 0x00000000, 0x00000000,
	0x014e62bb, 0xc7ff82d0, 0x01ffe3ff, 0x005ab000,
	0x00000000, 0x00000000, 0x00000000, 0x00000000,
	0x01578a4f, 0xc7ff82d8, 0x01ffe3ff, 0x005bb000,
	0x00000000, 0x00000000, 0x00000000, 0x00000000,
	0x01602718, 0xc7ff82e0, 0x01ffe3ff, 0x005cb000,
	0x00000000, 0x00000000, 0x00000000, 0x00000000,
	0x0169cb08, 0xc7ff82e8, 0x01ffe3ff, 0x005db000,
	0x00000000, 0x00000000, 0x00000000, 0x00000000,
	0x0172dcf5, 0xc7ff82f0, 0x01ffe3ff, 0x005eb000,
	0x00000000, 0x00000000, 0x00000000, 0x00000000,
	0x017c28db, 0xc7ff82f8, 0x01ffe3ff, 0x005fb000,
	0x00000000, 0x00000000, 0x00000000, 0x00000000,
	0x0185b0a6, 0xc7ff8300, 0x01ffe3ff, 0x0060b000,
	0x00000000, 0x00000000, 0x00000000, 0x00000000,
	0x018e8f1a, 0xc7ff8308, 0x01ffe3ff, 0x0061b000,
	0x00000000, 0x00000000, 0x00000000, 0x00000000,
	0x0197a1c1, 0xc7ff8310, 0x01ffe3ff, 0x0062b000,
	0x00000000, 0x00000000, 0x00000000, 0x00000000,
	0x01a1dad3, 0xc7ff8318, 0x01ffe3ff, 0x0063b000,
	0x00000000, 0x00000000, 0x00000000, 0x00000000,
	0x01ac5365, 0xc7ff8320, 0x01ffe3ff, 0x0064b000,
	0x00000000, 0x00000000, 0x00000000, 0x00000000,
	0x01b6133c, 0xc7ff8328, 0x01ffe3ff, 0x0065b000,
	0x00000000, 0x00000000, 0x00000000, 0x00000000,
	0x01c10ea9, 0xc7ff8330, 0x01ffe3ff, 0x0066b000,
	0x00000000, 0x00000000, 0x00000000, 0x00000000,
	0x01cb47bb, 0xc7ff8338, 0x01ffe3ff, 0x0067b000,
	0x00000000, 0x00000000, 0x00000000, 0x00000000,
	0x01d5bc74, 0xc7ff8340, 0x01ffe3ff, 0x0068b000,
	0x00000000, 0x00000000, 0x00000000, 0x00000000,
	0x01e06cd5, 0xc7ff8348, 0x01ffe3ff, 0x0069b000,
	0x00000000, 0x00000000, 0x00000000, 0x00000000,
	0x01eb5cb7, 0xc7ff8350, 0x01ffe3ff, 0x006ab000,
	0x00000000, 0x00000000, 0x00000000, 0x00000000,
	0x01f68c19, 0xc7ff8358, 0x01ffe3ff, 0x006bb000,
	0x00000000, 0x00000000, 0x00000000, 0x00000000,
	0x0201fce8, 0xc7ff8360, 0x01ffe3ff, 0x006cb000,
	0x00000000, 0x00000000, 0x00000000, 0x00000000,
	0x020db111, 0xc7ff8368, 0x01ffe3ff, 0x006db000,
	0x00000000, 0x00000000, 0x00000000, 0x00000000,
	0x021872c3, 0xc7ff8370, 0x01ffe3ff, 0x006eb000,
	0x00000000, 0x00000000, 0x00000000, 0x00000000,
	0x0224a7da, 0xc7ff8378, 0x01ffe3ff, 0x006fb000,
	0x00000000, 0x00000000, 0x00000000, 0x00000000,
	0x022fe2c8, 0xc7ff8380, 0x01ffe3ff, 0x0070b000,
	0x00000000, 0x00000000, 0x00000000, 0x00000000,
	0x023b5771, 0xc7ff8388, 0x01ffe3ff, 0x0071b000,
	0x00000000, 0x00000000, 0x00000000, 0x00000000,
	0x02485882, 0xc7ff8390, 0x01ffe3ff, 0x0072b000,
	0x00000000, 0x00000000, 0x00000000, 0x00000000,
	0x02544e18, 0xc7ff8398, 0x01ffe3ff, 0x0073b000,
	0x00000000, 0x00000000, 0x00000000, 0x00000000,
	0x0260832f, 0xc7ff83a0, 0x01ffe3ff, 0x0074b000,
	0x00000000, 0x00000000, 0x00000000, 0x00000000,
	0x026cf5da, 0xc7ff83a8, 0x01ffe3ff, 0x0075b000,
	0x00000000, 0x00000000, 0x00000000, 0x00000000,
	0x0279abdf, 0xc7ff83b0, 0x01ffe3ff, 0x0076b000,
	0x00000000, 0x00000000, 0x00000000, 0x00000000,
	0x0286a351, 0xc7ff83b8, 0x01ffe3ff, 0x0077b000,
	0x00000000, 0x00000000, 0x00000000, 0x00000000,
	0x0293de1d, 0xc7ff83c0, 0x01ffe3ff, 0x0078b000,
	0x00000000, 0x00000000, 0x00000000, 0x00000000,
	0x029fdb66, 0xc7ff83c8, 0x01ffe3ff, 0x0079b000,
	0x00000000, 0x00000000, 0x00000000, 0x00000000,
	0x02ad9af9, 0xc7ff83d0, 0x01ffe3ff, 0x007ab000,
	0x00000000, 0x00000000, 0x00000000, 0x00000000,
	0x02bba3ac, 0xc7ff83d8, 0x01ffe3ff, 0x007bb000,
	0x00000000, 0x00000000, 0x00000000, 0x00000000,
	0x02c859b1, 0xc7ff83e0, 0x01ffe3ff, 0x007cb000,
	0x00000000, 0x00000000, 0x00000000, 0x00000000,
	0x02d6ecf1, 0xc7ff83e8, 0x01ffe3ff, 0x007db000,
	0x00000000, 0x00000000, 0x00000000, 0x00000000,
	0x02e421f7, 0xc7ff83f0, 0x01ffe3ff, 0x007eb000,
	0x00000000, 0x00000000, 0x00000000, 0x00000000,
	0x02f19491, 0xc7ff83f8, 0x01ffe3ff, 0x007fb000,
	0x00000000, 0x00000000, 0x00000000, 0x00000000,
	0x03010144, 0xc7ff8400, 0x01ffe3ff, 0x0080b000,
	0x00000000, 0x00000000, 0x00000000, 0x00000000,
	0x030efa91, 0xc7ff8408, 0x01ffe3ff, 0x0081b000,
	0x00000000, 0x00000000, 0x00000000, 0x00000000,
	0x031d3360, 0xc7ff8410, 0x01ffe3ff, 0x0082b000,
	0x00000000, 0x00000000, 0x00000000, 0x00000000,
	0x032baf88, 0xc7ff8418, 0x01ffe3ff, 0x0083b000,
	0x00000000, 0x00000000, 0x00000000, 0x00000000,
	0x033a6f0b, 0xc7ff8420, 0x01ffe3ff, 0x0084b000,
	0x00000000, 0x00000000, 0x00000000, 0x00000000,
	0x034973d3, 0xc7ff8428, 0x01ffe3ff, 0x0085b000,
	0x00000000, 0x00000000, 0x00000000, 0x00000000,
	0x0358bde3, 0xc7ff8430, 0x01ffe3ff, 0x0086b000,
	0x00000000, 0x00000000, 0x00000000, 0x00000000,
	0x03684f25, 0xc7ff8438, 0x01ffe3ff, 0x0087b000,
	0x00000000, 0x00000000, 0x00000000, 0x00000000,
	0x0378279a, 0xc7ff8440, 0x01ffe3ff, 0x0088b000,
	0x00000000, 0x00000000, 0x00000000, 0x00000000,
	0x0386438c, 0xc7ff8448, 0x01ffe3ff, 0x0089b000,
	0x00000000, 0x00000000, 0x00000000, 0x00000000,
	0x0396a87b, 0xc7ff8450, 0x01ffe3ff, 0x008ab000,
	0x00000000, 0x00000000, 0x00000000, 0x00000000,
	0x03a75876, 0xc7ff8458, 0x01ffe3ff, 0x008bb000,
	0x00000000, 0x00000000, 0x00000000, 0x00000000,
	0x03b85757, 0xc7ff8460, 0x01ffe3ff, 0x008cb000,
	0x00000000, 0x00000000, 0x00000000, 0x00000000,
	0x03c77711, 0xc7ff8468, 0x01ffe3ff, 0x008db000,
	0x00000000, 0x00000000, 0x00000000, 0x00000000,
	0x03d90c0b, 0xc7ff8470, 0x01ffe3ff, 0x008eb000,
	0x00000000, 0x00000000, 0x00000000, 0x00000000,
	0x03e8b08b, 0xc7ff8478, 0x01ffe3ff, 0x008fb000,
	0x00000000, 0x00000000, 0x00000000, 0x00000000,
	0x03f8948d, 0xc7ff8480, 0x01ffe3ff, 0x0090b000,
	0x00000000, 0x00000000, 0x00000000, 0x00000000,
	0x0408b9fb, 0xc7ff8488, 0x01ffe3ff, 0x0091b000,
	0x00000000, 0x00000000, 0x00000000, 0x00000000,
	0x04191eea, 0xc7ff8490, 0x01ffe3ff, 0x0092b000,
	0x00000000, 0x00000000, 0x00000000, 0x00000000,
	0x042c2efb, 0xc7ff8498, 0x01ffe3ff, 0x0093b000,
	0x00000000, 0x00000000, 0x00000000, 0x00000000,
	0x043d262a, 0xc7ff84a0, 0x01ffe3ff, 0x0094b000,
	0x00000000, 0x00000000, 0x00000000, 0x00000000,
	0x044e60b2, 0xc7ff84a8, 0x01ffe3ff, 0x0095b000,
	0x00000000, 0x00000000, 0x00000000, 0x00000000,
	0x045fe26e, 0xc7ff84b0, 0x01ffe3ff, 0x0096b000,
	0x00000000, 0x00000000, 0x00000000, 0x00000000,
	0x0471ab5d, 0xc7ff84b8, 0x01ffe3ff, 0x0097b000,
	0x00000000, 0x00000000, 0x00000000, 0x00000000,
	0x0483bd6b, 0xc7ff84c0, 0x01ffe3ff, 0x0098b000,
	0x00000000, 0x00000000, 0x00000000, 0x00000000,
	0x049616ad, 0xc7ff84c8, 0x01ffe3ff, 0x0099b000,
	0x00000000, 0x00000000, 0x00000000, 0x00000000,
	0x04a8bce7, 0xc7ff84d0, 0x01ffe3ff, 0x009ab000,
	0x00000000, 0x00000000, 0x00000000, 0x00000000,
	0x04bbae2e, 0xc7ff84d8, 0x01ffe3ff, 0x009bb000,
	0x00000000, 0x00000000, 0x00000000, 0x00000000,
	0x04ceec6e, 0xc7ff84e0, 0x01ffe3ff, 0x009cb000,
	0x00000000, 0x00000000, 0x00000000, 0x00000000,
	0x04dfa7f6, 0xc7ff84e8, 0x01ffe3ff, 0x009db000,
	0x00000000, 0x00000000, 0x00000000, 0x00000000,
	0x04f37875, 0xc7ff84f0, 0x01ffe3ff, 0x009eb000,
	0x00000000, 0x00000000, 0x00000000, 0x00000000,
	0x050799c7, 0xc7ff84f8, 0x01ffe3ff, 0x009fb000,
	0x00000000, 0x00000000, 0x00000000, 0x00000000,
	0x051c0beb, 0xc7ff8500, 0x01ffe3ff, 0x00a0b000,
	0x00000000, 0x00000000, 0x00000000, 0x00000000,
	0x052dd4da, 0xc7ff8508, 0x01ffe3ff, 0x00a1b000,
	0x00000000, 0x00000000, 0x00000000, 0x00000000,
	0x0542e2dc, 0xc7ff8510, 0x01ffe3ff, 0x00a2b000,
	0x00000000, 0x00000000, 0x00000000, 0x00000000,
	0x0555327f, 0xc7ff8518, 0x01ffe3ff, 0x00a3b000,
	0x00000000, 0x00000000, 0x00000000, 0x00000000,
	0x0567c38f, 0xc7ff8520, 0x01ffe3ff, 0x00a4b000,
	0x00000000, 0x00000000, 0x00000000, 0x00000000,
	0x057dbc55, 0xc7ff8528, 0x01ffe3ff, 0x00a5b000,
	0x00000000, 0x00000000, 0x00000000, 0x00000000,
	0x05940f8e, 0xc7ff8530, 0x01ffe3ff, 0x00a6b000,
	0x00000000, 0x00000000, 0x00000000, 0x00000000,
	0x05a77a10, 0xc7ff8538, 0x01ffe3ff, 0x00a7b000,
	0x00000000, 0x00000000, 0x00000000, 0x00000000,
	0x05bb27ec, 0xc7ff8540, 0x01ffe3ff, 0x00a8b000,
	0x00000000, 0x00000000, 0x00000000, 0x00000000,
	0x05cf1b0f, 0xc7ff8548, 0x01ffe3ff, 0x00a9b000,
	0x00000000, 0x00000000, 0x00000000, 0x00000000,
	0x05e35378, 0xc7ff8550, 0x01ffe3ff, 0x00aab000,
	0x00000000, 0x00000000, 0x00000000, 0x00000000,
	0x05fb427e, 0xc7ff8558, 0x01ffe3ff, 0x00abb000,
	0x00000000, 0x00000000, 0x00000000, 0x00000000,
	0x061014da, 0xc7ff8560, 0x01ffe3ff, 0x00acb000,
	0x00000000, 0x00000000, 0x00000000, 0x00000000,
	0x06252e68, 0xc7ff8568, 0x01ffe3ff, 0x00adb000,
	0x00000000, 0x00000000, 0x00000000, 0x00000000,
	0x063a9303, 0xc7ff8570, 0x01ffe3ff, 0x00aeb000,
	0x00000000, 0x00000000, 0x00000000, 0x00000000,
	0x065040bd, 0xc7ff8578, 0x01ffe3ff, 0x00afb000,
	0x00000000, 0x00000000, 0x00000000, 0x00000000,
	0x06663b71, 0xc7ff8580, 0x01ffe3ff, 0x00b0b000,
	0x00000000, 0x00000000, 0x00000000, 0x00000000,
	0x067c8131, 0xc7ff8588, 0x01ffe3ff, 0x00b1b000,
	0x00000000, 0x00000000, 0x00000000, 0x00000000,
	0x069313e9, 0xc7ff8590, 0x01ffe3ff, 0x00b2b000,
	0x00000000, 0x00000000, 0x00000000, 0x00000000,
	0x06a9f775, 0xc7ff8598, 0x01ffe3ff, 0x00b3b000,
	0x00000000, 0x00000000, 0x00000000, 0x00000000,
	0x06c129e5, 0xc7ff85a0, 0x01ffe3ff, 0x00b4b000,
	0x00000000, 0x00000000, 0x00000000, 0x00000000,
	0x06d8ab3c, 0xc7ff85a8, 0x01ffe3ff, 0x00b5b000,
	0x00000000, 0x00000000, 0x00000000, 0x00000000,
	0x06f07f51, 0xc7ff85b0, 0x01ffe3ff, 0x00b6b000,
	0x00000000, 0x00000000, 0x00000000, 0x00000000,
	0x07049add, 0xc7ff85b8, 0x01ffe3ff, 0x00b7b000,
	0x00000000, 0x00000000, 0x00000000, 0x00000000,
	0x071d08e4, 0xc7ff85c0, 0x01ffe3ff, 0x00b8b000,
	0x00000000, 0x00000000, 0x00000000, 0x00000000,
	0x0735cb97, 0xc7ff85c8, 0x01ffe3ff, 0x00b9b000,
	0x00000000, 0x00000000, 0x00000000, 0x00000000,
	0x074ee2f5, 0xc7ff85d0, 0x01ffe3ff, 0x00bab000,
	0x00000000, 0x00000000, 0x00000000, 0x00000000,
	0x076854c5, 0xc7ff85d8, 0x01ffe3ff, 0x00bbb000,
	0x00000000, 0x00000000, 0x00000000, 0x00000000,
	0x077dcab1, 0xc7ff85e0, 0x01ffe3ff, 0x00bcb000,
	0x00000000, 0x00000000, 0x00000000, 0x00000000,
	0x07937e31, 0xc7ff85e8, 0x01ffe3ff, 0x00bdb000,
	0x00000000, 0x00000000, 0x00000000, 0x00000000,
	0x07addcb2, 0xc7ff85f0, 0x01ffe3ff, 0x00beb000,
	0x00000000, 0x00000000, 0x00000000, 0x00000000,
	0x07c89790, 0xc7ff85f8, 0x01ffe3ff, 0x00bfb000,
	0x00000000, 0x00000000, 0x00000000, 0x00000000,
	0x07df2483, 0xc7ff8600, 0x01ffe3ff, 0x00c0b000,
	0x00000000, 0x00000000, 0x00000000, 0x00000000,
	0x07fa8aa6, 0xc7ff8608, 0x01ffe3ff, 0x00c1b000,
	0x00000000, 0x00000000, 0x00000000, 0x00000000,
	0x0811a9d8, 0xc7ff8610, 0x01ffe3ff, 0x00c2b000,
	0x00000000, 0x00000000, 0x00000000, 0x00000000,
	0x08290a78, 0xc7ff8618, 0x01ffe3ff, 0x00c3b000,
	0x00000000, 0x00000000, 0x00000000, 0x00000000,
	0x08457089, 0xc7ff8620, 0x01ffe3ff, 0x00c4b000,
	0x00000000, 0x00000000, 0x00000000, 0x00000000,
	0x085d692e, 0xc7ff8628, 0x01ffe3ff, 0x00c5b000,
	0x00000000, 0x00000000, 0x00000000, 0x00000000,
	0x087a860f, 0xc7ff8630, 0x01ffe3ff, 0x00c6b000,
	0x00000000, 0x00000000, 0x00000000, 0x00000000,
	0x089316b9, 0xc7ff8638, 0x01ffe3ff, 0x00c7b000,
	0x00000000, 0x00000000, 0x00000000, 0x00000000,
	0x08abee97, 0xc7ff8640, 0x01ffe3ff, 0x00c8b000,
	0x00000000, 0x00000000, 0x00000000, 0x00000000,
	0x08ca1cb8, 0xc7ff8648, 0x01ffe3ff, 0x00c9b000,
	0x00000000, 0x00000000, 0x00000000, 0x00000000,
	0x08e3944e, 0xc7ff8650, 0x01ffe3ff, 0x00cab000,
	0x00000000, 0x00000000, 0x00000000, 0x00000000,
	0x08fd5503, 0xc7ff8658, 0x01ffe3ff, 0x00cbb000,
	0x00000000, 0x00000000, 0x00000000, 0x00000000,
	0x091760c5, 0xc7ff8660, 0x01ffe3ff, 0x00ccb000,
	0x00000000, 0x00000000, 0x00000000, 0x00000000,
	0x09370624, 0xc7ff8668, 0x01ffe3ff, 0x00cdb000,
	0x00000000, 0x00000000, 0x00000000, 0x00000000,
	0x0951b950, 0xc7ff8670, 0x01ffe3ff, 0x00ceb000,
	0x00000000, 0x00000000, 0x00000000, 0x00000000,
	0x096cb975, 0xc7ff8678, 0x01ffe3ff, 0x00cfb000,
	0x00000000, 0x00000000, 0x00000000, 0x00000000,
	0x09880880, 0xc7ff8680, 0x01ffe3ff, 0x00d0b000,
	0x00000000, 0x00000000, 0x00000000, 0x00000000,
	0x09a3a483, 0xc7ff8688, 0x01ffe3ff, 0x00d1b000,
	0x00000000, 0x00000000, 0x00000000, 0x00000000,
	0x09bf9346, 0xc7ff8690, 0x01ffe3ff, 0x00d2b000,
	0x00000000, 0x00000000, 0x00000000, 0x00000000,
	0x09dbd0ee, 0xc7ff8698, 0x01ffe3ff, 0x00d3b000,
	0x00000000, 0x00000000, 0x00000000, 0x00000000,
	0x09f86155, 0xc7ff86a0, 0x01ffe3ff, 0x00d4b000,
	0x00000000, 0x00000000, 0x00000000, 0x00000000,
	0x0a15447b, 0xc7ff86a8, 0x01ffe3ff, 0x00d5b000,
	0x00000000, 0x00000000, 0x00000000, 0x00000000,
	0x0a327c4c, 0xc7ff86b0, 0x01ffe3ff, 0x00d6b000,
	0x00000000, 0x00000000, 0x00000000, 0x00000000,
	0x0a5006dc, 0xc7ff86b8, 0x01ffe3ff, 0x00d7b000,
	0x00000000, 0x00000000, 0x00000000, 0x00000000,
	0x0a6de805, 0xc7ff86c0, 0x01ffe3ff, 0x00d8b000,
	0x00000000, 0x00000000, 0x00000000, 0x00000000,
	0x0a8c1fc5, 0xc7ff86c8, 0x01ffe3ff, 0x00d9b000,
	0x00000000, 0x00000000, 0x00000000, 0x00000000,
	0x0aaaae1e, 0xc7ff86d0, 0x01ffe3ff, 0x00dab000,
	0x00000000, 0x00000000, 0x00000000, 0x00000000,
	0x0ac3616c, 0xc7ff86d8, 0x01ffe3ff, 0x00dbb000,
	0x00000000, 0x00000000, 0x00000000, 0x00000000,
	0x0ae28f7c, 0xc7ff86e0, 0x01ffe3ff, 0x00dcb000,
	0x00000000, 0x00000000, 0x00000000, 0x00000000,
	0x0b0219eb, 0xc7ff86e8, 0x01ffe3ff, 0x00ddb000,
	0x00000000, 0x00000000, 0x00000000, 0x00000000,
	0x0b21feca, 0xc7ff86f0, 0x01ffe3ff, 0x00deb000,
	0x00000000, 0x00000000, 0x00000000, 0x00000000,
	0x0b424008, 0xc7ff86f8, 0x01ffe3ff, 0x00dfb000,
	0x00000000, 0x00000000, 0x00000000, 0x00000000,
	0x0b5c5190, 0xc7ff8700, 0x01ffe3ff, 0x00e0b000,
	0x00000000, 0x00000000, 0x00000000, 0x00000000,
	0x0b7d3c25, 0xc7ff8708, 0x01ffe3ff, 0x00e1b000,
	0x00000000, 0x00000000, 0x00000000, 0x00000000,
	0x0b9e8504, 0xc7ff8710, 0x01ffe3ff, 0x00e2b000,
	0x00000000, 0x00000000, 0x00000000, 0x00000000,
	0x0bc03008, 0xc7ff8718, 0x01ffe3ff, 0x00e3b000,
	0x00000000, 0x00000000, 0x00000000, 0x00000000,
	0x0be23b42, 0xc7ff8720, 0x01ffe3ff, 0x00e4b000,
	0x00000000, 0x00000000, 0x00000000, 0x00000000,
	0x0bfdbe42, 0xc7ff8728, 0x01ffe3ff, 0x00e5b000,
	0x00000000, 0x00000000, 0x00000000, 0x00000000,
	0x0c207c72, 0xc7ff8730, 0x01ffe3ff, 0x00e6b000,
	0x00000000, 0x00000000, 0x00000000, 0x00000000,
	0x0c3c8fc5, 0xc7ff8738, 0x01ffe3ff, 0x00e7b000,
	0x00000000, 0x00000000, 0x00000000, 0x00000000,
	0x0c6004c5, 0xc7ff8740, 0x01ffe3ff, 0x00e8b000,
	0x00000000, 0x00000000, 0x00000000, 0x00000000,
	0x0c7caa57, 0xc7ff8748, 0x01ffe3ff, 0x00e9b000,
	0x00000000, 0x00000000, 0x00000000, 0x00000000,
	0x0ca0d813, 0xc7ff8750, 0x01ffe3ff, 0x00eab000,
	0x00000000, 0x00000000, 0x00000000, 0x00000000,
	0x0cbe15aa, 0xc7ff8758, 0x01ffe3ff, 0x00ebb000,
	0x00000000, 0x00000000, 0x00000000, 0x00000000,
	0x0ce2fffc, 0xc7ff8760, 0x01ffe3ff, 0x00ecb000,
	0x00000000, 0x00000000, 0x00000000, 0x00000000,
	0x0d00d598, 0xc7ff8768, 0x01ffe3ff, 0x00edb000,
	0x00000000, 0x00000000, 0x00000000, 0x00000000,
	0x0d268245, 0xc7ff8770, 0x01ffe3ff, 0x00eeb000,
	0x00000000, 0x00000000, 0x00000000, 0x00000000,
	0x0d44f5ad, 0xc7ff8778, 0x01ffe3ff, 0x00efb000,
	0x00000000, 0x00000000, 0x00000000, 0x00000000,
	0x0d6b66a1, 0xc7ff8780, 0x01ffe3ff, 0x00f0b000,
	0x00000000, 0x00000000, 0x00000000, 0x00000000,
	0x0d8a79c1, 0xc7ff8788, 0x01ffe3ff, 0x00f1b000,
	0x00000000, 0x00000000, 0x00000000, 0x00000000,
	0x0db1b4c2, 0xc7ff8790, 0x01ffe3ff, 0x00f2b000,
	0x00000000, 0x00000000, 0x00000000, 0x00000000,
	0x0dd16987, 0xc7ff8798, 0x01ffe3ff, 0x00f3b000,
	0x00000000, 0x00000000, 0x00000000, 0x00000000,
	0x0df1676b, 0xc7ff87a0, 0x01ffe3ff, 0x00f4b000,
	0x00000000, 0x00000000, 0x00000000, 0x00000000,
	0x0e19ccb1, 0xc7ff87a8, 0x01ffe3ff, 0x00f5b000,
	0x00000000, 0x00000000, 0x00000000, 0x00000000,
	0x0e3a7200, 0xc7ff87b0, 0x01ffe3ff, 0x00f6b000,
	0x00000000, 0x00000000, 0x00000000, 0x00000000,
	0x0e5b6447, 0xc7ff87b8, 0x01ffe3ff, 0x00f7b000,
	0x00000000, 0x00000000, 0x00000000, 0x00000000,
	0x0e7ca19b, 0xc7ff87c0, 0x01ffe3ff, 0x00f8b000,
	0x00000000, 0x00000000, 0x00000000, 0x00000000,
	0x0ea69afd, 0xc7ff87c8, 0x01ffe3ff, 0x00f9b000,
	0x00000000, 0x00000000, 0x00000000, 0x00000000,
	0x0ec88581, 0xc7ff87d0, 0x01ffe3ff, 0x00fab000,
	0x00000000, 0x00000000, 0x00000000, 0x00000000,
	0x0eeac0d7, 0xc7ff87d8, 0x01ffe3ff, 0x00fbb000,
	0x00000000, 0x00000000, 0x00000000, 0x00000000,
	0x0f0d4926, 0xc7ff87e0, 0x01ffe3ff, 0x00fcb000,
	0x00000000, 0x00000000, 0x00000000, 0x00000000,
	0x0f302248, 0xc7ff87e8, 0x01ffe3ff, 0x00fdb000,
	0x00000000, 0x00000000, 0x00000000, 0x00000000,
	0x0f5c233b, 0xc7ff87f0, 0x01ffe3ff, 0x00feb000,
	0x00000000, 0x00000000, 0x00000000, 0x00000000,
	0x0f77a074, 0xc7ff87f8, 0x01ffe3ff, 0x00ffb000,
	0x00000000, 0x00000000, 0x00000000, 0x00000000,
	0x00000000, 0xc7ff8800, 0x01ffe3ff, 0x0100a000,
	0x00000000, 0x00000000, 0x00000000, 0x00000000,
	0x00000000, 0xc7ff8808, 0x01ffe3ff, 0x0101a000,
	0x00000000, 0x00000000, 0x00000000, 0x00000000,
	0x00000000, 0xc7ff8810, 0x01ffe3ff, 0x0102a000,
	0x00000000, 0x00000000, 0x00000000, 0x00000000,
	0x00000000, 0xc7ff8818, 0x01ffe3ff, 0x0103a000,
	0x00000000, 0x00000000, 0x00000000, 0x00000000,
	0x00000000, 0xc7ff8820, 0x01ffe3ff, 0x0104a000,
	0x00000000, 0x00000000, 0x00000000, 0x00000000,
	0x00000000, 0xc7ff8828, 0x01ffe3ff, 0x0105a000,
	0x00000000, 0x00000000, 0x00000000, 0x00000000,
	0x00000000, 0xc7ff8830, 0x01ffe3ff, 0x0106a000,
	0x00000000, 0x00000000, 0x00000000, 0x00000000,
	0x00000000, 0xc7ff8838, 0x01ffe3ff, 0x0107a000,
	0x00000000, 0x00000000, 0x00000000, 0x00000000,
	0x00000000, 0xc7ff8840, 0x01ffe3ff, 0x0108a000,
	0x00000000, 0x00000000, 0x00000000, 0x00000000,
	0x00000000, 0xc7ff8848, 0x01ffe3ff, 0x0109a000,
	0x00000000, 0x00000000, 0x00000000, 0x00000000,
	0x00000000, 0xc7ff8850, 0x01ffe3ff, 0x010aa000,
	0x00000000, 0x00000000, 0x00000000, 0x00000000,
	0x00000000, 0xc7ff8858, 0x01ffe3ff, 0x010ba000,
	0x00000000, 0x00000000, 0x00000000, 0x00000000,
	0x00000000, 0xc7ff8860, 0x01ffe3ff, 0x010ca000,
	0x00000000, 0x00000000, 0x00000000, 0x00000000,
	0x00000000, 0xc7ff8868, 0x01ffe3ff, 0x010da000,
	0x00000000, 0x00000000, 0x00000000, 0x00000000,
	0x00000000, 0xc7ff8870, 0x01ffe3ff, 0x010ea000,
	0x00000000, 0x00000000, 0x00000000, 0x00000000,
	0x00000000, 0xc7ff8878, 0x01ffe3ff, 0x010fa000,
	0x00000000, 0x00000000, 0x00000000, 0x00000000,
	0x00000000, 0xc7ff8880, 0x01ffe3ff, 0x0110a000,
	0x00000000, 0x00000000, 0x00000000, 0x00000000,
	0x00000000, 0xc7ff8888, 0x01ffe3ff, 0x0111a000,
	0x00000000, 0x00000000, 0x00000000, 0x00000000,
	0x00000000, 0xc7ff8890, 0x01ffe3ff, 0x0112a000,
	0x00000000, 0x00000000, 0x00000000, 0x00000000,
	0x00000000, 0xc7ff8898, 0x01ffe3ff, 0x0113a000,
	0x00000000, 0x00000000, 0x00000000, 0x00000000,
	0x00000000, 0xc7ff88a0, 0x01ffe3ff, 0x0114a000,
	0x00000000, 0x00000000, 0x00000000, 0x00000000,
	0x00000000, 0xc7ff88a8, 0x01ffe3ff, 0x0115a000,
	0x00000000, 0x00000000, 0x00000000, 0x00000000,
	0x00000000, 0xc7ff88b0, 0x01ffe3ff, 0x0116a000,
	0x00000000, 0x00000000, 0x00000000, 0x00000000,
	0x00000000, 0xc7ff88b8, 0x01ffe3ff, 0x0117a000,
	0x00000000, 0x00000000, 0x00000000, 0x00000000,
	0x00000000, 0xc7ff88c0, 0x01ffe3ff, 0x0118a000,
	0x00000000, 0x00000000, 0x00000000, 0x00000000,
	0x00000000, 0xc7ff88c8, 0x01ffe3ff, 0x0119a000,
	0x00000000, 0x00000000, 0x00000000, 0x00000000,
	0x00000000, 0xc7ff88d0, 0x01ffe3ff, 0x011aa000,
	0x00000000, 0x00000000, 0x00000000, 0x00000000,
	0x00000000, 0xc7ff88d8, 0x01ffe3ff, 0x011ba000,
	0x00000000, 0x00000000, 0x00000000, 0x00000000,
	0x00000000, 0xc7ff88e0, 0x01ffe3ff, 0x011ca000,
	0x00000000, 0x00000000, 0x00000000, 0x00000000,
	0x00000000, 0xc7ff88e8, 0x01ffe3ff, 0x011da000,
	0x00000000, 0x00000000, 0x00000000, 0x00000000,
	0x00000000, 0xc7ff88f0, 0x01ffe3ff, 0x011ea000,
	0x00000000, 0x00000000, 0x00000000, 0x00000000,
	0x00000000, 0xc7ff88f8, 0x01ffe3ff, 0x011fa000,
	0x00000000, 0x00000000, 0x00000000, 0x00000000,
	0x00000000, 0xc7ff8900, 0x01ffe3ff, 0x0120a000,
	0x00000000, 0x00000000, 0x00000000, 0x00000000,
	0x00000000, 0xc7ff8908, 0x01ffe3ff, 0x0121a000,
	0x00000000, 0x00000000, 0x00000000, 0x00000000,
	0x00000000, 0xc7ff8910, 0x01ffe3ff, 0x0122a000,
	0x00000000, 0x00000000, 0x00000000, 0x00000000,
	0x00000000, 0xc7ff8918, 0x01ffe3ff, 0x0123a000,
	0x00000000, 0x00000000, 0x00000000, 0x00000000,
	0x00000000, 0xc7ff8920, 0x01ffe3ff, 0x0124a000,
	0x00000000, 0x00000000, 0x00000000, 0x00000000,
	0x00000000, 0xc7ff8928, 0x01ffe3ff, 0x0125a000,
	0x00000000, 0x00000000, 0x00000000, 0x00000000,
	0x00000000, 0xc7ff8930, 0x01ffe3ff, 0x0126a000,
	0x00000000, 0x00000000, 0x00000000, 0x00000000,
	0x00000000, 0xc7ff8938, 0x01ffe3ff, 0x0127a000,
	0x00000000, 0x00000000, 0x00000000, 0x00000000,
	0x00000000, 0xc7ff8940, 0x01ffe3ff, 0x0128a000,
	0x00000000, 0x00000000, 0x00000000, 0x00000000,
	0x00000000, 0xc7ff8948, 0x01ffe3ff, 0x0129a000,
	0x00000000, 0x00000000, 0x00000000, 0x00000000,
	0x00000000, 0xc7ff8950, 0x01ffe3ff, 0x012aa000,
	0x00000000, 0x00000000, 0x00000000, 0x00000000,
	0x00000000, 0xc7ff8958, 0x01ffe3ff, 0x012ba000,
	0x00000000, 0x00000000, 0x00000000, 0x00000000,
	0x00000000, 0xc7ff8960, 0x01ffe3ff, 0x012ca000,
	0x00000000, 0x00000000, 0x00000000, 0x00000000,
	0x00000000, 0xc7ff8968, 0x01ffe3ff, 0x012da000,
	0x00000000, 0x00000000, 0x00000000, 0x00000000,
	0x00000000, 0xc7ff8970, 0x01ffe3ff, 0x012ea000,
	0x00000000, 0x00000000, 0x00000000, 0x00000000,
	0x00000000, 0xc7ff8978, 0x01ffe3ff, 0x012fa000,
	0x00000000, 0x00000000, 0x00000000, 0x00000000,
	0x00000000, 0xc7ff8980, 0x01ffe3ff, 0x0130a000,
	0x00000000, 0x00000000, 0x00000000, 0x00000000,
	0x00000000, 0xc7ff8988, 0x01ffe3ff, 0x0131a000,
	0x00000000, 0x00000000, 0x00000000, 0x00000000,
	0x00000000, 0xc7ff8990, 0x01ffe3ff, 0x0132a000,
	0x00000000, 0x00000000, 0x00000000, 0x00000000,
	0x00000000, 0xc7ff8998, 0x01ffe3ff, 0x0133a000,
	0x00000000, 0x00000000, 0x00000000, 0x00000000,
	0x00000000, 0xc7ff89a0, 0x01ffe3ff, 0x0134a000,
	0x00000000, 0x00000000, 0x00000000, 0x00000000,
	0x00000000, 0xc7ff89a8, 0x01ffe3ff, 0x0135a000,
	0x00000000, 0x00000000, 0x00000000, 0x00000000,
	0x00000000, 0xc7ff89b0, 0x01ffe3ff, 0x0136a000,
	0x00000000, 0x00000000, 0x00000000, 0x00000000,
	0x00000000, 0xc7ff89b8, 0x01ffe3ff, 0x0137a000,
	0x00000000, 0x00000000, 0x00000000, 0x00000000,
	0x00000000, 0xc7ff89c0, 0x01ffe3ff, 0x0138a000,
	0x00000000, 0x00000000, 0x00000000, 0x00000000,
	0x00000000, 0xc7ff89c8, 0x01ffe3ff, 0x0139a000,
	0x00000000, 0x00000000, 0x00000000, 0x00000000,
	0x00000000, 0xc7ff89d0, 0x01ffe3ff, 0x013aa000,
	0x00000000, 0x00000000, 0x00000000, 0x00000000,
	0x00000000, 0xc7ff89d8, 0x01ffe3ff, 0x013ba000,
	0x00000000, 0x00000000, 0x00000000, 0x00000000,
	0x00000000, 0xc7ff89e0, 0x01ffe3ff, 0x013ca000,
	0x00000000, 0x00000000, 0x00000000, 0x00000000,
	0x00000000, 0xc7ff89e8, 0x01ffe3ff, 0x013da000,
	0x00000000, 0x00000000, 0x00000000, 0x00000000,
	0x00000000, 0xc7ff89f0, 0x01ffe3ff, 0x013ea000,
	0x00000000, 0x00000000, 0x00000000, 0x00000000,
	0x00000000, 0xc7ff89f8, 0x01ffe3ff, 0x013fa000,
	0x00000000, 0x00000000, 0x00000000, 0x00000000,
	0x00000000, 0xc7ff8a00, 0x01ffe3ff, 0x0140a000,
	0x00000000, 0x00000000, 0x00000000, 0x00000000,
	0x00000000, 0xc7ff8a08, 0x01ffe3ff, 0x0141a000,
	0x00000000, 0x00000000, 0x00000000, 0x00000000,
	0x00000000, 0xc7ff8a10, 0x01ffe3ff, 0x0142a000,
	0x00000000, 0x00000000, 0x00000000, 0x00000000,
	0x00000000, 0xc7ff8a18, 0x01ffe3ff, 0x0143a000,
	0x00000000, 0x00000000, 0x00000000, 0x00000000,
	0x00000000, 0xc7ff8a20, 0x01ffe3ff, 0x0144a000,
	0x00000000, 0x00000000, 0x00000000, 0x00000000,
	0x00000000, 0xc7ff8a28, 0x01ffe3ff, 0x0145a000,
	0x00000000, 0x00000000, 0x00000000, 0x00000000,
	0x00000000, 0xc7ff8a30, 0x01ffe3ff, 0x0146a000,
	0x00000000, 0x00000000, 0x00000000, 0x00000000,
	0x00000000, 0xc7ff8a38, 0x01ffe3ff, 0x0147a000,
	0x00000000, 0x00000000, 0x00000000, 0x00000000,
	0x00000000, 0xc7ff8a40, 0x01ffe3ff, 0x0148a000,
	0x00000000, 0x00000000, 0x00000000, 0x00000000,
	0x00000000, 0xc7ff8a48, 0x01ffe3ff, 0x0149a000,
	0x00000000, 0x00000000, 0x00000000, 0x00000000,
	0x00000000, 0xc7ff8a50, 0x01ffe3ff, 0x014aa000,
	0x00000000, 0x00000000, 0x00000000, 0x00000000,
	0x00000000, 0xc7ff8a58, 0x01ffe3ff, 0x014ba000,
	0x00000000, 0x00000000, 0x00000000, 0x00000000,
	0x00000000, 0xc7ff8a60, 0x01ffe3ff, 0x014ca000,
	0x00000000, 0x00000000, 0x00000000, 0x00000000,
	0x00000000, 0xc7ff8a68, 0x01ffe3ff, 0x014da000,
	0x00000000, 0x00000000, 0x00000000, 0x00000000,
	0x00000000, 0xc7ff8a70, 0x01ffe3ff, 0x014ea000,
	0x00000000, 0x00000000, 0x00000000, 0x00000000,
	0x00000000, 0xc7ff8a78, 0x01ffe3ff, 0x014fa000,
	0x00000000, 0x00000000, 0x00000000, 0x00000000,
	0x00000000, 0xc7ff8a80, 0x01ffe3ff, 0x0150a000,
	0x00000000, 0x00000000, 0x00000000, 0x00000000,
	0x00000000, 0xc7ff8a88, 0x01ffe3ff, 0x0151a000,
	0x00000000, 0x00000000, 0x00000000, 0x00000000,
	0x00000000, 0xc7ff8a90, 0x01ffe3ff, 0x0152a000,
	0x00000000, 0x00000000, 0x00000000, 0x00000000,
	0x00000000, 0xc7ff8a98, 0x01ffe3ff, 0x0153a000,
	0x00000000, 0x00000000, 0x00000000, 0x00000000,
	0x00000000, 0xc7ff8aa0, 0x01ffe3ff, 0x0154a000,
	0x00000000, 0x00000000, 0x00000000, 0x00000000,
	0x00000000, 0xc7ff8aa8, 0x01ffe3ff, 0x0155a000,
	0x00000000, 0x00000000, 0x00000000, 0x00000000,
	0x00000000, 0xc7ff8ab0, 0x01ffe3ff, 0x0156a000,
	0x00000000, 0x00000000, 0x00000000, 0x00000000,
	0x00000000, 0xc7ff8ab8, 0x01ffe3ff, 0x0157a000,
	0x00000000, 0x00000000, 0x00000000, 0x00000000,
	0x00000000, 0xc7ff8ac0, 0x01ffe3ff, 0x0158a000,
	0x00000000, 0x00000000, 0x00000000, 0x00000000,
	0x00000000, 0xc7ff8ac8, 0x01ffe3ff, 0x0159a000,
	0x00000000, 0x00000000, 0x00000000, 0x00000000,
	0x00000000, 0xc7ff8ad0, 0x01ffe3ff, 0x015aa000,
	0x00000000, 0x00000000, 0x00000000, 0x00000000,
	0x00000000, 0xc7ff8ad8, 0x01ffe3ff, 0x015ba000,
	0x00000000, 0x00000000, 0x00000000, 0x00000000,
	0x00000000, 0xc7ff8ae0, 0x01ffe3ff, 0x015ca000,
	0x00000000, 0x00000000, 0x00000000, 0x00000000,
	0x00000000, 0xc7ff8ae8, 0x01ffe3ff, 0x015da000,
	0x00000000, 0x00000000, 0x00000000, 0x00000000,
	0x00000000, 0xc7ff8af0, 0x01ffe3ff, 0x015ea000,
	0x00000000, 0x00000000, 0x00000000, 0x00000000,
	0x00000000, 0xc7ff8af8, 0x01ffe3ff, 0x015fa000,
	0x00000000, 0x00000000, 0x00000000, 0x00000000,
	0x00000000, 0xc7ff8b00, 0x01ffe3ff, 0x0160a000,
	0x00000000, 0x00000000, 0x00000000, 0x00000000,
	0x00000000, 0xc7ff8b08, 0x01ffe3ff, 0x0161a000,
	0x00000000, 0x00000000, 0x00000000, 0x00000000,
	0x00000000, 0xc7ff8b10, 0x01ffe3ff, 0x0162a000,
	0x00000000, 0x00000000, 0x00000000, 0x00000000,
	0x00000000, 0xc7ff8b18, 0x01ffe3ff, 0x0163a000,
	0x00000000, 0x00000000, 0x00000000, 0x00000000,
	0x00000000, 0xc7ff8b20, 0x01ffe3ff, 0x0164a000,
	0x00000000, 0x00000000, 0x00000000, 0x00000000,
	0x00000000, 0xc7ff8b28, 0x01ffe3ff, 0x0165a000,
	0x00000000, 0x00000000, 0x00000000, 0x00000000,
	0x00000000, 0xc7ff8b30, 0x01ffe3ff, 0x0166a000,
	0x00000000, 0x00000000, 0x00000000, 0x00000000,
	0x00000000, 0xc7ff8b38, 0x01ffe3ff, 0x0167a000,
	0x00000000, 0x00000000, 0x00000000, 0x00000000,
	0x00000000, 0xc7ff8b40, 0x01ffe3ff, 0x0168a000,
	0x00000000, 0x00000000, 0x00000000, 0x00000000,
	0x00000000, 0xc7ff8b48, 0x01ffe3ff, 0x0169a000,
	0x00000000, 0x00000000, 0x00000000, 0x00000000,
	0x00000000, 0xc7ff8b50, 0x01ffe3ff, 0x016aa000,
	0x00000000, 0x00000000, 0x00000000, 0x00000000,
	0x00000000, 0xc7ff8b58, 0x01ffe3ff, 0x016ba000,
	0x00000000, 0x00000000, 0x00000000, 0x00000000,
	0x00000000, 0xc7ff8b60, 0x01ffe3ff, 0x016ca000,
	0x00000000, 0x00000000, 0x00000000, 0x00000000,
	0x00000000, 0xc7ff8b68, 0x01ffe3ff, 0x016da000,
	0x00000000, 0x00000000, 0x00000000, 0x00000000,
	0x00000000, 0xc7ff8b70, 0x01ffe3ff, 0x016ea000,
	0x00000000, 0x00000000, 0x00000000, 0x00000000,
	0x00000000, 0xc7ff8b78, 0x01ffe3ff, 0x016fa000,
	0x00000000, 0x00000000, 0x00000000, 0x00000000,
	0x00000000, 0xc7ff8b80, 0x01ffe3ff, 0x0170a000,
	0x00000000, 0x00000000, 0x00000000, 0x00000000,
	0x00000000, 0xc7ff8b88, 0x01ffe3ff, 0x0171a000,
	0x00000000, 0x00000000, 0x00000000, 0x00000000,
	0x00000000, 0xc7ff8b90, 0x01ffe3ff, 0x0172a000,
	0x00000000, 0x00000000, 0x00000000, 0x00000000,
	0x00000000, 0xc7ff8b98, 0x01ffe3ff, 0x0173a000,
	0x00000000, 0x00000000, 0x00000000, 0x00000000,
	0x00000000, 0xc7ff8ba0, 0x01ffe3ff, 0x0174a000,
	0x00000000, 0x00000000, 0x00000000, 0x00000000,
	0x00000000, 0xc7ff8ba8, 0x01ffe3ff, 0x0175a000,
	0x00000000, 0x00000000, 0x00000000, 0x00000000,
	0x00000000, 0xc7ff8bb0, 0x01ffe3ff, 0x0176a000,
	0x00000000, 0x00000000, 0x00000000, 0x00000000,
	0x00000000, 0xc7ff8bb8, 0x01ffe3ff, 0x0177a000,
	0x00000000, 0x00000000, 0x00000000, 0x00000000,
	0x00000000, 0xc7ff8bc0, 0x01ffe3ff, 0x0178a000,
	0x00000000, 0x00000000, 0x00000000, 0x00000000,
	0x00000000, 0xc7ff8bc8, 0x01ffe3ff, 0x0179a000,
	0x00000000, 0x00000000, 0x00000000, 0x00000000,
	0x00000000, 0xc7ff8bd0, 0x01ffe3ff, 0x017aa000,
	0x00000000, 0x00000000, 0x00000000, 0x00000000,
	0x00000000, 0xc7ff8bd8, 0x01ffe3ff, 0x017ba000,
	0x00000000, 0x00000000, 0x00000000, 0x00000000,
	0x00000000, 0xc7ff8be0, 0x01ffe3ff, 0x017ca000,
	0x00000000, 0x00000000, 0x00000000, 0x00000000,
	0x00000000, 0xc7ff8be8, 0x01ffe3ff, 0x017da000,
	0x00000000, 0x00000000, 0x00000000, 0x00000000,
	0x00000000, 0xc7ff8bf0, 0x01ffe3ff, 0x017ea000,
	0x00000000, 0x00000000, 0x00000000, 0x00000000,
	0x00000000, 0xc7ff8bf8, 0x01ffe3ff, 0x017fa000,
	0x00000000, 0x00000000, 0x00000000, 0x00000000,
	0x00000000, 0xc7ff8c00, 0x01ffe3ff, 0x0180a000,
	0x00000000, 0x00000000, 0x00000000, 0x00000000,
	0x00000000, 0xc7ff8c08, 0x01ffe3ff, 0x0181a000,
	0x00000000, 0x00000000, 0x00000000, 0x00000000,
	0x00000000, 0xc7ff8c10, 0x01ffe3ff, 0x0182a000,
	0x00000000, 0x00000000, 0x00000000, 0x00000000,
	0x00000000, 0xc7ff8c18, 0x01ffe3ff, 0x0183a000,
	0x00000000, 0x00000000, 0x00000000, 0x00000000,
	0x00000000, 0xc7ff8c20, 0x01ffe3ff, 0x0184a000,
	0x00000000, 0x00000000, 0x00000000, 0x00000000,
	0x00000000, 0xc7ff8c28, 0x01ffe3ff, 0x0185a000,
	0x00000000, 0x00000000, 0x00000000, 0x00000000,
	0x00000000, 0xc7ff8c30, 0x01ffe3ff, 0x0186a000,
	0x00000000, 0x00000000, 0x00000000, 0x00000000,
	0x00000000, 0xc7ff8c38, 0x01ffe3ff, 0x0187a000,
	0x00000000, 0x00000000, 0x00000000, 0x00000000,
	0x00000000, 0xc7ff8c40, 0x01ffe3ff, 0x0188a000,
	0x00000000, 0x00000000, 0x00000000, 0x00000000,
	0x00000000, 0xc7ff8c48, 0x01ffe3ff, 0x0189a000,
	0x00000000, 0x00000000, 0x00000000, 0x00000000,
	0x00000000, 0xc7ff8c50, 0x01ffe3ff, 0x018aa000,
	0x00000000, 0x00000000, 0x00000000, 0x00000000,
	0x00000000, 0xc7ff8c58, 0x01ffe3ff, 0x018ba000,
	0x00000000, 0x00000000, 0x00000000, 0x00000000,
	0x00000000, 0xc7ff8c60, 0x01ffe3ff, 0x018ca000,
	0x00000000, 0x00000000, 0x00000000, 0x00000000,
	0x00000000, 0xc7ff8c68, 0x01ffe3ff, 0x018da000,
	0x00000000, 0x00000000, 0x00000000, 0x00000000,
	0x00000000, 0xc7ff8c70, 0x01ffe3ff, 0x018ea000,
	0x00000000, 0x00000000, 0x00000000, 0x00000000,
	0x00000000, 0xc7ff8c78, 0x01ffe3ff, 0x018fa000,
	0x00000000, 0x00000000, 0x00000000, 0x00000000,
	0x00000000, 0xc7ff8c80, 0x01ffe3ff, 0x0190a000,
	0x00000000, 0x00000000, 0x00000000, 0x00000000,
	0x00000000, 0xc7ff8c88, 0x01ffe3ff, 0x0191a000,
	0x00000000, 0x00000000, 0x00000000, 0x00000000,
	0x00000000, 0xc7ff8c90, 0x01ffe3ff, 0x0192a000,
	0x00000000, 0x00000000, 0x00000000, 0x00000000,
	0x00000000, 0xc7ff8c98, 0x01ffe3ff, 0x0193a000,
	0x00000000, 0x00000000, 0x00000000, 0x00000000,
	0x00000000, 0xc7ff8ca0, 0x01ffe3ff, 0x0194a000,
	0x00000000, 0x00000000, 0x00000000, 0x00000000,
	0x00000000, 0xc7ff8ca8, 0x01ffe3ff, 0x0195a000,
	0x00000000, 0x00000000, 0x00000000, 0x00000000,
	0x00000000, 0xc7ff8cb0, 0x01ffe3ff, 0x0196a000,
	0x00000000, 0x00000000, 0x00000000, 0x00000000,
	0x00000000, 0xc7ff8cb8, 0x01ffe3ff, 0x0197a000,
	0x00000000, 0x00000000, 0x00000000, 0x00000000,
	0x00000000, 0xc7ff8cc0, 0x01ffe3ff, 0x0198a000,
	0x00000000, 0x00000000, 0x00000000, 0x00000000,
	0x00000000, 0xc7ff8cc8, 0x01ffe3ff, 0x0199a000,
	0x00000000, 0x00000000, 0x00000000, 0x00000000,
	0x00000000, 0xc7ff8cd0, 0x01ffe3ff, 0x019aa000,
	0x00000000, 0x00000000, 0x00000000, 0x00000000,
	0x00000000, 0xc7ff8cd8, 0x01ffe3ff, 0x019ba000,
	0x00000000, 0x00000000, 0x00000000, 0x00000000,
	0x00000000, 0xc7ff8ce0, 0x01ffe3ff, 0x019ca000,
	0x00000000, 0x00000000, 0x00000000, 0x00000000,
	0x00000000, 0xc7ff8ce8, 0x01ffe3ff, 0x019da000,
	0x00000000, 0x00000000, 0x00000000, 0x00000000,
	0x00000000, 0xc7ff8cf0, 0x01ffe3ff, 0x019ea000,
	0x00000000, 0x00000000, 0x00000000, 0x00000000,
	0x00000000, 0xc7ff8cf8, 0x01ffe3ff, 0x019fa000,
	0x00000000, 0x00000000, 0x00000000, 0x00000000,
	0x00000000, 0xc7ff8d00, 0x01ffe3ff, 0x01a0a000,
	0x00000000, 0x00000000, 0x00000000, 0x00000000,
	0x00000000, 0xc7ff8d08, 0x01ffe3ff, 0x01a1a000,
	0x00000000, 0x00000000, 0x00000000, 0x00000000,
	0x00000000, 0xc7ff8d10, 0x01ffe3ff, 0x01a2a000,
	0x00000000, 0x00000000, 0x00000000, 0x00000000,
	0x00000000, 0xc7ff8d18, 0x01ffe3ff, 0x01a3a000,
	0x00000000, 0x00000000, 0x00000000, 0x00000000,
	0x00000000, 0xc7ff8d20, 0x01ffe3ff, 0x01a4a000,
	0x00000000, 0x00000000, 0x00000000, 0x00000000,
	0x00000000, 0xc7ff8d28, 0x01ffe3ff, 0x01a5a000,
	0x00000000, 0x00000000, 0x00000000, 0x00000000,
	0x00000000, 0xc7ff8d30, 0x01ffe3ff, 0x01a6a000,
	0x00000000, 0x00000000, 0x00000000, 0x00000000,
	0x00000000, 0xc7ff8d38, 0x01ffe3ff, 0x01a7a000,
	0x00000000, 0x00000000, 0x00000000, 0x00000000,
	0x00000000, 0xc7ff8d40, 0x01ffe3ff, 0x01a8a000,
	0x00000000, 0x00000000, 0x00000000, 0x00000000,
	0x00000000, 0xc7ff8d48, 0x01ffe3ff, 0x01a9a000,
	0x00000000, 0x00000000, 0x00000000, 0x00000000,
	0x00000000, 0xc7ff8d50, 0x01ffe3ff, 0x01aaa000,
	0x00000000, 0x00000000, 0x00000000, 0x00000000,
	0x00000000, 0xc7ff8d58, 0x01ffe3ff, 0x01aba000,
	0x00000000, 0x00000000, 0x00000000, 0x00000000,
	0x00000000, 0xc7ff8d60, 0x01ffe3ff, 0x01aca000,
	0x00000000, 0x00000000, 0x00000000, 0x00000000,
	0x00000000, 0xc7ff8d68, 0x01ffe3ff, 0x01ada000,
	0x00000000, 0x00000000, 0x00000000, 0x00000000,
	0x00000000, 0xc7ff8d70, 0x01ffe3ff, 0x01aea000,
	0x00000000, 0x00000000, 0x00000000, 0x00000000,
	0x00000000, 0xc7ff8d78, 0x01ffe3ff, 0x01afa000,
	0x00000000, 0x00000000, 0x00000000, 0x00000000,
	0x00000000, 0xc7ff8d80, 0x01ffe3ff, 0x01b0a000,
	0x00000000, 0x00000000, 0x00000000, 0x00000000,
	0x00000000, 0xc7ff8d88, 0x01ffe3ff, 0x01b1a000,
	0x00000000, 0x00000000, 0x00000000, 0x00000000,
	0x00000000, 0xc7ff8d90, 0x01ffe3ff, 0x01b2a000,
	0x00000000, 0x00000000, 0x00000000, 0x00000000,
	0x00000000, 0xc7ff8d98, 0x01ffe3ff, 0x01b3a000,
	0x00000000, 0x00000000, 0x00000000, 0x00000000,
	0x00000000, 0xc7ff8da0, 0x01ffe3ff, 0x01b4a000,
	0x00000000, 0x00000000, 0x00000000, 0x00000000,
	0x00000000, 0xc7ff8da8, 0x01ffe3ff, 0x01b5a000,
	0x00000000, 0x00000000, 0x00000000, 0x00000000,
	0x00000000, 0xc7ff8db0, 0x01ffe3ff, 0x01b6a000,
	0x00000000, 0x00000000, 0x00000000, 0x00000000,
	0x00000000, 0xc7ff8db8, 0x01ffe3ff, 0x01b7a000,
	0x00000000, 0x00000000, 0x00000000, 0x00000000,
	0x00000000, 0xc7ff8dc0, 0x01ffe3ff, 0x01b8a000,
	0x00000000, 0x00000000, 0x00000000, 0x00000000,
	0x00000000, 0xc7ff8dc8, 0x01ffe3ff, 0x01b9a000,
	0x00000000, 0x00000000, 0x00000000, 0x00000000,
	0x00000000, 0xc7ff8dd0, 0x01ffe3ff, 0x01baa000,
	0x00000000, 0x00000000, 0x00000000, 0x00000000,
	0x00000000, 0xc7ff8dd8, 0x01ffe3ff, 0x01bba000,
	0x00000000, 0x00000000, 0x00000000, 0x00000000,
	0x00000000, 0xc7ff8de0, 0x01ffe3ff, 0x01bca000,
	0x00000000, 0x00000000, 0x00000000, 0x00000000,
	0x00000000, 0xc7ff8de8, 0x01ffe3ff, 0x01bda000,
	0x00000000, 0x00000000, 0x00000000, 0x00000000,
	0x00000000, 0xc7ff8df0, 0x01ffe3ff, 0x01bea000,
	0x00000000, 0x00000000, 0x00000000, 0x00000000,
	0x00000000, 0xc7ff8df8, 0x01ffe3ff, 0x01bfa000,
	0x00000000, 0x00000000, 0x00000000, 0x00000000,
	0x00000000, 0xc7ff8e00, 0x01ffe3ff, 0x01c0a000,
	0x00000000, 0x00000000, 0x00000000, 0x00000000,
	0x00000000, 0xc7ff8e08, 0x01ffe3ff, 0x01c1a000,
	0x00000000, 0x00000000, 0x00000000, 0x00000000,
	0x00000000, 0xc7ff8e10, 0x01ffe3ff, 0x01c2a000,
	0x00000000, 0x00000000, 0x00000000, 0x00000000,
	0x00000000, 0xc7ff8e18, 0x01ffe3ff, 0x01c3a000,
	0x00000000, 0x00000000, 0x00000000, 0x00000000,
	0x00000000, 0xc7ff8e20, 0x01ffe3ff, 0x01c4a000,
	0x00000000, 0x00000000, 0x00000000, 0x00000000,
	0x00000000, 0xc7ff8e28, 0x01ffe3ff, 0x01c5a000,
	0x00000000, 0x00000000, 0x00000000, 0x00000000,
	0x00000000, 0xc7ff8e30, 0x01ffe3ff, 0x01c6a000,
	0x00000000, 0x00000000, 0x00000000, 0x00000000,
	0x00000000, 0xc7ff8e38, 0x01ffe3ff, 0x01c7a000,
	0x00000000, 0x00000000, 0x00000000, 0x00000000,
	0x00000000, 0xc7ff8e40, 0x01ffe3ff, 0x01c8a000,
	0x00000000, 0x00000000, 0x00000000, 0x00000000,
	0x00000000, 0xc7ff8e48, 0x01ffe3ff, 0x01c9a000,
	0x00000000, 0x00000000, 0x00000000, 0x00000000,
	0x00000000, 0xc7ff8e50, 0x01ffe3ff, 0x01caa000,
	0x00000000, 0x00000000, 0x00000000, 0x00000000,
	0x00000000, 0xc7ff8e58, 0x01ffe3ff, 0x01cba000,
	0x00000000, 0x00000000, 0x00000000, 0x00000000,
	0x00000000, 0xc7ff8e60, 0x01ffe3ff, 0x01cca000,
	0x00000000, 0x00000000, 0x00000000, 0x00000000,
	0x00000000, 0xc7ff8e68, 0x01ffe3ff, 0x01cda000,
	0x00000000, 0x00000000, 0x00000000, 0x00000000,
	0x00000000, 0xc7ff8e70, 0x01ffe3ff, 0x01cea000,
	0x00000000, 0x00000000, 0x00000000, 0x00000000,
	0x00000000, 0xc7ff8e78, 0x01ffe3ff, 0x01cfa000,
	0x00000000, 0x00000000, 0x00000000, 0x00000000,
	0x00000000, 0xc7ff8e80, 0x01ffe3ff, 0x01d0a000,
	0x00000000, 0x00000000, 0x00000000, 0x00000000,
	0x00000000, 0xc7ff8e88, 0x01ffe3ff, 0x01d1a000,
	0x00000000, 0x00000000, 0x00000000, 0x00000000,
	0x00000000, 0xc7ff8e90, 0x01ffe3ff, 0x01d2a000,
	0x00000000, 0x00000000, 0x00000000, 0x00000000,
	0x00000000, 0xc7ff8e98, 0x01ffe3ff, 0x01d3a000,
	0x00000000, 0x00000000, 0x00000000, 0x00000000,
	0x00000000, 0xc7ff8ea0, 0x01ffe3ff, 0x01d4a000,
	0x00000000, 0x00000000, 0x00000000, 0x00000000,
	0x00000000, 0xc7ff8ea8, 0x01ffe3ff, 0x01d5a000,
	0x00000000, 0x00000000, 0x00000000, 0x00000000,
	0x00000000, 0xc7ff8eb0, 0x01ffe3ff, 0x01d6a000,
	0x00000000, 0x00000000, 0x00000000, 0x00000000,
	0x00000000, 0xc7ff8eb8, 0x01ffe3ff, 0x01d7a000,
	0x00000000, 0x00000000, 0x00000000, 0x00000000,
	0x00000000, 0xc7ff8ec0, 0x01ffe3ff, 0x01d8a000,
	0x00000000, 0x00000000, 0x00000000, 0x00000000,
	0x00000000, 0xc7ff8ec8, 0x01ffe3ff, 0x01d9a000,
	0x00000000, 0x00000000, 0x00000000, 0x00000000,
	0x00000000, 0xc7ff8ed0, 0x01ffe3ff, 0x01daa000,
	0x00000000, 0x00000000, 0x00000000, 0x00000000,
	0x00000000, 0xc7ff8ed8, 0x01ffe3ff, 0x01dba000,
	0x00000000, 0x00000000, 0x00000000, 0x00000000,
	0x00000000, 0xc7ff8ee0, 0x01ffe3ff, 0x01dca000,
	0x00000000, 0x00000000, 0x00000000, 0x00000000,
	0x00000000, 0xc7ff8ee8, 0x01ffe3ff, 0x01dda000,
	0x00000000, 0x00000000, 0x00000000, 0x00000000,
	0x00000000, 0xc7ff8ef0, 0x01ffe3ff, 0x01dea000,
	0x00000000, 0x00000000, 0x00000000, 0x00000000,
	0x00000000, 0xc7ff8ef8, 0x01ffe3ff, 0x01dfa000,
	0x00000000, 0x00000000, 0x00000000, 0x00000000,
	0x00000000, 0xc7ff8f00, 0x01ffe3ff, 0x01e0a000,
	0x00000000, 0x00000000, 0x00000000, 0x00000000,
	0x00000000, 0xc7ff8f08, 0x01ffe3ff, 0x01e1a000,
	0x00000000, 0x00000000, 0x00000000, 0x00000000,
	0x00000000, 0xc7ff8f10, 0x01ffe3ff, 0x01e2a000,
	0x00000000, 0x00000000, 0x00000000, 0x00000000,
	0x00000000, 0xc7ff8f18, 0x01ffe3ff, 0x01e3a000,
	0x00000000, 0x00000000, 0x00000000, 0x00000000,
	0x00000000, 0xc7ff8f20, 0x01ffe3ff, 0x01e4a000,
	0x00000000, 0x00000000, 0x00000000, 0x00000000,
	0x00000000, 0xc7ff8f28, 0x01ffe3ff, 0x01e5a000,
	0x00000000, 0x00000000, 0x00000000, 0x00000000,
	0x00000000, 0xc7ff8f30, 0x01ffe3ff, 0x01e6a000,
	0x00000000, 0x00000000, 0x00000000, 0x00000000,
	0x00000000, 0xc7ff8f38, 0x01ffe3ff, 0x01e7a000,
	0x00000000, 0x00000000, 0x00000000, 0x00000000,
	0x00000000, 0xc7ff8f40, 0x01ffe3ff, 0x01e8a000,
	0x00000000, 0x00000000, 0x00000000, 0x00000000,
	0x00000000, 0xc7ff8f48, 0x01ffe3ff, 0x01e9a000,
	0x00000000, 0x00000000, 0x00000000, 0x00000000,
	0x00000000, 0xc7ff8f50, 0x01ffe3ff, 0x01eaa000,
	0x00000000, 0x00000000, 0x00000000, 0x00000000,
	0x00000000, 0xc7ff8f58, 0x01ffe3ff, 0x01eba000,
	0x00000000, 0x00000000, 0x00000000, 0x00000000,
	0x00000000, 0xc7ff8f60, 0x01ffe3ff, 0x01eca000,
	0x00000000, 0x00000000, 0x00000000, 0x00000000,
	0x00000000, 0xc7ff8f68, 0x01ffe3ff, 0x01eda000,
	0x00000000, 0x00000000, 0x00000000, 0x00000000,
	0x00000000, 0xc7ff8f70, 0x01ffe3ff, 0x01eea000,
	0x00000000, 0x00000000, 0x00000000, 0x00000000,
	0x00000000, 0xc7ff8f78, 0x01ffe3ff, 0x01efa000,
	0x00000000, 0x00000000, 0x00000000, 0x00000000,
	0x00000000, 0xc7ff8f80, 0x01ffe3ff, 0x01f0a000,
	0x00000000, 0x00000000, 0x00000000, 0x00000000,
	0x00000000, 0xc7ff8f88, 0x01ffe3ff, 0x01f1a000,
	0x00000000, 0x00000000, 0x00000000, 0x00000000,
	0x00000000, 0xc7ff8f90, 0x01ffe3ff, 0x01f2a000,
	0x00000000, 0x00000000, 0x00000000, 0x00000000,
	0x00000000, 0xc7ff8f98, 0x01ffe3ff, 0x01f3a000,
	0x00000000, 0x00000000, 0x00000000, 0x00000000,
	0x00000000, 0xc7ff8fa0, 0x01ffe3ff, 0x01f4a000,
	0x00000000, 0x00000000, 0x00000000, 0x00000000,
	0x00000000, 0xc7ff8fa8, 0x01ffe3ff, 0x01f5a000,
	0x00000000, 0x00000000, 0x00000000, 0x00000000,
	0x00000000, 0xc7ff8fb0, 0x01ffe3ff, 0x01f6a000,
	0x00000000, 0x00000000, 0x00000000, 0x00000000,
	0x00000000, 0xc7ff8fb8, 0x01ffe3ff, 0x01f7a000,
	0x00000000, 0x00000000, 0x00000000, 0x00000000,
	0x00000000, 0xc7ff8fc0, 0x01ffe3ff, 0x01f8a000,
	0x00000000, 0x00000000, 0x00000000, 0x00000000,
	0x00000000, 0xc7ff8fc8, 0x01ffe3ff, 0x01f9a000,
	0x00000000, 0x00000000, 0x00000000, 0x00000000,
	0x00000000, 0xc7ff8fd0, 0x01ffe3ff, 0x01faa000,
	0x00000000, 0x00000000, 0x00000000, 0x00000000,
	0x00000000, 0xc7ff8fd8, 0x01ffe3ff, 0x01fba000,
	0x00000000, 0x00000000, 0x00000000, 0x00000000,
	0x00000000, 0xc7ff8fe0, 0x01ffe3ff, 0x01fca000,
	0x00000000, 0x00000000, 0x00000000, 0x00000000,
	0x00000000, 0xc7ff8fe8, 0x01ffe3ff, 0x01fda000,
	0x00000000, 0x00000000, 0x00000000, 0x00000000,
	0x00000000, 0xc7ff8ff0, 0x01ffe3ff, 0x01fea000,
	0x00000000, 0x00000000, 0x00000000, 0x00000000,
	0x00000000, 0xc7ff8ff8, 0x01ffe3ff, 0x01ffa000,
	0x00000000, 0x00000000, 0x00000000, 0x00000000,
};

uint32_t idk_ut_5005_ipt_sdr_g_msys_ml_tbl[] = {
	0x59010001, 0x00010053, 0x59010000, 0x00020053,
	0x59297fff, 0xffff0053, 0x592a0c7c, 0xffff0053,
	0x592b1a45, 0xffff0053, 0x592c7fff, 0xffff0053,
	0x592df16d, 0xffff0053, 0x592e110d, 0xffff0053,
	0x592f7fff, 0xffff0053, 0x5930042d, 0xffff0053,
	0x5931a95c, 0xffff0053, 0x59070000, 0x30000053,
	0x59010000, 0x00040053, 0x59010000, 0x00080053,
	0x59205ccf, 0xffff0053, 0x5921b0a4, 0xffff0053,
	0x5922028c, 0xffff0053, 0x5923ec83, 0xffff0053,
	0x592426af, 0xffff0053, 0x5925fcce, 0xffff0053,
	0x5926002b, 0xffff0053, 0x5927fc5f, 0xffff0053,
	0x59281375, 0xffff0053, 0x59070400, 0x0c000053,
	0x59460000, 0xffff0053, 0x59470190, 0xffff0053,
	0x5943051e, 0xffff0053, 0x59440000, 0xffff0053,
	0x59010000, 0x00100053, 0x59070000, 0x00010053,
	0x59010000, 0x00200053, 0x59081749, 0xffff0053,
	0x59094e53, 0xffff0053, 0x590a07e7, 0xffff0053,
	0x590bf329, 0xffff0053, 0x590cd4d2, 0xffff0053,
	0x590d3803, 0xffff0053, 0x590e3803, 0xffff0053,
	0x590fcd1f, 0xffff0053, 0x5910fadc, 0xffff0053,
	0x59110100, 0x1fff0053, 0x59130800, 0x1fff0053,
	0x59150800, 0x1fff0053, 0x59070180, 0x01800053,
	0x59170000, 0x0fff0053, 0x59190000, 0xffff0053,
	0x591a0001, 0x00010053, 0x59010040, 0x00400053,
	0x59040000, 0x00010053, 0x591f0000, 0x00030053,
	0x49010000, 0x00040053, 0x49084000, 0xffff0053,
	0x49090000, 0xffff0053, 0x490a64c8, 0xffff0053,
	0x490b4000, 0xffff0053, 0x490cf403, 0xffff0053,
	0x490de208, 0xffff0053, 0x490e4000, 0xffff0053,
	0x490f76c2, 0xffff0053, 0x49100000, 0xffff0053,
	0x49116400, 0xffff0053, 0x49120032, 0xffff0053,
	0x49130580, 0xffff0053, 0x4914ffeb, 0xffff0053,
	0x49156100, 0xffff0053, 0x4916003b, 0xffff0053,
	0x491bffff, 0xffff0053, 0x491c003f, 0xffff0053,
	0x49070000, 0x03800053, 0x49170000, 0xffff0053,
	0x4918ff00, 0xffff0053, 0x49190101, 0xffff0053,
	0x491a0001, 0x00010053, 0x49070002, 0x00020053,
	0x49070000, 0x000c0053, 0x49010000, 0x00080053,
	0x49070000, 0x00010053, 0x49010000, 0x00100053,
	0x49202705, 0xffff0053, 0x492150ce, 0xffff0053,
	0x4922082b, 0xffff0053, 0x492313ef, 0xffff0053,
	0x49245f0d, 0xffff0053, 0x49250d01, 0xffff0053,
	0x49260361, 0xffff0053, 0x49271106, 0xffff0053,
	0x49286b97, 0xffff0053, 0x49070000, 0x0c000053,
	0x49010000, 0x00200053, 0x49010000, 0x00400053,
	0x49070000, 0x30000053, 0x49290666, 0xffff0053,
	0x492a0666, 0xffff0053, 0x492b0333, 0xffff0053,
	0x492c4748, 0xffff0053, 0x492db262, 0xffff0053,
	0x492e0656, 0xffff0053, 0x492f0ce4, 0xffff0053,
	0x493005b7, 0xffff0053, 0x4931ed65, 0xffff0053,
	0x49010000, 0x00800053, 0x49010000, 0x00010053,
	0x49720000, 0x00030053, 0x495d0000, 0x00040053,
	0x495d0000, 0x00080053, 0x495d0000, 0x00010053,
	0x495d0000, 0x00020053, 0x49790001, 0x00010053,
	0x497a0000, 0x000c0053, 0x497d0000, 0x00ff0053,
	0x49320001, 0x00010053, 0x497401e0, 0x1fff0053,
	0x49070000, 0x00200053, 0x59480001, 0x00010053,
	0x59480002, 0x00020053, 0x59480000, 0x00040053,
	0x59480100, 0x01000053, 0x59480010, 0x00100053,
	0x59720001, 0x00010053, 0x59720000, 0x00020053,
	0x597b0000, 0x10000053, 0x49708000, 0x80000053,
	0x49718000, 0x80000053, 0x49718000, 0x80000053,
};

uint32_t idk_ut_5005_mix_ipt_sdr_v_lut[] = {
	0x00000000, 0x87ff803e, 0x01ffe40f, 0x0000b000,
	0x00000000, 0x00000000, 0x00000000, 0x00000000,
	0x00000000, 0x87f6003e, 0x01fd840d, 0x0001b000,
	0x00000000, 0x00000000, 0x00000000, 0x00000000,
	0x00000000, 0x87ec803e, 0x01fb240b, 0x0002b000,
	0x00000000, 0x00000000, 0x00000000, 0x00000000,
	0x00000000, 0x87e3003e, 0x01f8c409, 0x0003b000,
	0x00000000, 0x00000000, 0x00000000, 0x00000000,
	0x00000000, 0x87da003e, 0x01f68407, 0x0004b000,
	0x00000000, 0x00000000, 0x00000000, 0x00000000,
	0x00000000, 0x87d0803e, 0x01f42405, 0x0005b000,
	0x00000000, 0x00000000, 0x00000000, 0x00000000,
	0x00000000, 0x87c7003e, 0x01f1c403, 0x0006b000,
	0x00000000, 0x00000000, 0x00000000, 0x00000000,
	0x00000000, 0x87bd803e, 0x01ef6401, 0x0007b000,
	0x00000000, 0x00000000, 0x00000000, 0x00000000,
	0x00000000, 0x87b4003e, 0x01ed03ff, 0x0008b000,
	0x00000000, 0x00000000, 0x00000000, 0x00000000,
	0x00000000, 0x87aa803e, 0x01eaa3fd, 0x0009b000,
	0x00000000, 0x00000000, 0x00000000, 0x00000000,
	0x00000000, 0x07a18040, 0x01e863fc, 0x000ab000,
	0x00000000, 0x00000000, 0x00000000, 0x00000000,
	0x00000000, 0xc7980043, 0x01e603fa, 0x000bb000,
	0x00000000, 0x00000000, 0x00000000, 0x00000000,
	0x00000000, 0x878e8046, 0x01e3a3f9, 0x000cb000,
	0x00000000, 0x00000000, 0x00000000, 0x00000000,
	0x00000000, 0x47850049, 0x01e143f8, 0x000db000,
	0x00000000, 0x00000000, 0x00000000, 0x00000000,
	0x00000000, 0x477b804d, 0x01dee3f7, 0x000eb000,
	0x00000000, 0x00000000, 0x00000000, 0x00000000,
	0x00000000, 0x47720051, 0x01dc83f6, 0x000fb000,
	0x00000000, 0x00000000, 0x00000000, 0x00000000,
	0x00000000, 0x47690055, 0x01da43f5, 0x0010b000,
	0x00000000, 0x00000000, 0x00000000, 0x00000000,
	0x00000000, 0x875f805a, 0x01d7e3f4, 0x0011b000,
	0x00000000, 0x00000000, 0x00000000, 0x00000000,
	0x00000000, 0xc756005f, 0x01d583f3, 0x0012b000,
	0x00000000, 0x00000000, 0x00000000, 0x00000000,
	0x00000000, 0x074c8064, 0x01d323f3, 0x0013b000,
	0x00000000, 0x00000000, 0x00000000, 0x00000000,
	0x00000000, 0x47430069, 0x01d0c3f2, 0x0014b000,
	0x00000000, 0x00000000, 0x00000000, 0x00000000,
	0x00000000, 0x8739806e, 0x01ce63f1, 0x0015b000,
	0x00000000, 0x00000000, 0x00000000, 0x00000000,
	0x00000000, 0x07300074, 0x01cc03f1, 0x0016b000,
	0x00000000, 0x00000000, 0x00000000, 0x00000000,
	0x00000000, 0x47270079, 0x01c9c3f0, 0x0017b000,
	0x00000000, 0x00000000, 0x00000000, 0x00000000,
	0x00000000, 0xc71d807f, 0x01c763ef, 0x0018b000,
	0x00000000, 0x00000000, 0x00000000, 0x00000000,
	0x00000000, 0x47140085, 0x01c503ef, 0x0019b000,
	0x00000000, 0x00000000, 0x00000000, 0x00000000,
	0x00000000, 0xc70a808b, 0x01c2a3ee, 0x001ab000,
	0x00000000, 0x00000000, 0x00000000, 0x00000000,
	0x00000000, 0x47010091, 0x01c043ee, 0x001bb000,
	0x00000000, 0x00000000, 0x00000000, 0x00000000,
	0x00000000, 0xc6f78097, 0x01bde3ed, 0x001cb000,
	0x00000000, 0x00000000, 0x00000000, 0x00000000,
	0x00000000, 0x46ee809d, 0x01bba3ed, 0x001db000,
	0x00000000, 0x00000000, 0x00000000, 0x00000000,
	0x00000000, 0xc6e500a3, 0x01b943ec, 0x001eb000,
	0x00000000, 0x00000000, 0x00000000, 0x00000000,
	0x00000000, 0x46db80a9, 0x01b6e3ec, 0x001fb000,
	0x00000000, 0x00000000, 0x00000000, 0x00000000,
	0x00000000, 0xc6d200af, 0x01b483eb, 0x0020b000,
	0x00000000, 0x00000000, 0x00000000, 0x00000000,
	0x00000000, 0x86c880b6, 0x01b223eb, 0x0021b000,
	0x00000000, 0x00000000, 0x00000000, 0x00000000,
	0x00000000, 0x06bf00bc, 0x01afc3eb, 0x0022b000,
	0x00000000, 0x00000000, 0x00000000, 0x00000000,
	0x00000000, 0xc6b600c3, 0x01ad83ea, 0x0023b000,
	0x00000000, 0x00000000, 0x00000000, 0x00000000,
	0x00000000, 0x46ac80c9, 0x01ab23ea, 0x0024b000,
	0x00000000, 0x00000000, 0x00000000, 0x00000000,
	0x00000000, 0x06a300d0, 0x01a8c3ea, 0x0025b000,
	0x00000000, 0x00000000, 0x00000000, 0x00000000,
	0x00000000, 0x869980d6, 0x01a663e9, 0x0026b000,
	0x00000000, 0x00000000, 0x00000000, 0x00000000,
	0x00000000, 0x469000dd, 0x01a403e9, 0x0027b000,
	0x00000000, 0x00000000, 0x00000000, 0x00000000,
	0x00000000, 0x068680e4, 0x01a1a3e9, 0x0028b000,
	0x00000000, 0x00000000, 0x00000000, 0x00000000,
	0x00000000, 0x867d00ea, 0x019f43e8, 0x0029b000,
	0x00000000, 0x00000000, 0x00000000, 0x00000000,
	0x00000000, 0x467400f1, 0x019d03e8, 0x002ab000,
	0x00000000, 0x00000000, 0x00000000, 0x00000000,
	0x00000000, 0x066a80f8, 0x019aa3e8, 0x002bb000,
	0x00000000, 0x00000000, 0x00000000, 0x00000000,
	0x00000000, 0xc66100ff, 0x019843e7, 0x002cb000,
	0x00000000, 0x00000000, 0x00000000, 0x00000000,
	0x00000000, 0x86578106, 0x0195e3e7, 0x002db000,
	0x00000000, 0x00000000, 0x00000000, 0x00000000,
	0x00000000, 0x064e010c, 0x019383e7, 0x002eb000,
	0x00000000, 0x00000000, 0x00000000, 0x00000000,
	0x00000000, 0xc6448113, 0x019123e6, 0x002fb000,
	0x00000000, 0x00000000, 0x00000000, 0x00000000,
	0x00000000, 0x863b811a, 0x018ee3e6, 0x0030b000,
	0x00000000, 0x00000000, 0x00000000, 0x00000000,
	0x00000000, 0x46320121, 0x018c83e6, 0x0031b000,
	0x00000000, 0x00000000, 0x00000000, 0x00000000,
	0x00000000, 0x06288128, 0x018a23e6, 0x0032b000,
	0x00000000, 0x00000000, 0x00000000, 0x00000000,
	0x00000000, 0xc61f012f, 0x0187c3e5, 0x0033b000,
	0x00000000, 0x00000000, 0x00000000, 0x00000000,
	0x00000000, 0x86158136, 0x018563e5, 0x0034b000,
	0x00000000, 0x00000000, 0x00000000, 0x00000000,
	0x00000000, 0x860c013e, 0x018303e5, 0x0035b000,
	0x00000000, 0x00000000, 0x00000000, 0x00000000,
	0x00000000, 0x46030145, 0x0180c3e5, 0x0036b000,
	0x00000000, 0x00000000, 0x00000000, 0x00000000,
	0x00000000, 0x05f9814c, 0x017e63e5, 0x0037b000,
	0x00000000, 0x00000000, 0x00000000, 0x00000000,
	0x00000000, 0xc5f00153, 0x017c03e4, 0x0038b000,
	0x00000000, 0x00000000, 0x00000000, 0x00000000,
	0x00000000, 0x85e6815a, 0x0179a3e4, 0x0039b000,
	0x00000000, 0x00000000, 0x00000000, 0x00000000,
	0x00000000, 0x45dd0161, 0x017743e4, 0x003ab000,
	0x00000000, 0x00000000, 0x00000000, 0x00000000,
	0x00000000, 0x45d38169, 0x0174e3e4, 0x003bb000,
	0x00000000, 0x00000000, 0x00000000, 0x00000000,
	0x00000000, 0x05ca8170, 0x0172a3e4, 0x003cb000,
	0x00000000, 0x00000000, 0x00000000, 0x00000000,
	0x00000000, 0xc5c10177, 0x017043e3, 0x003db000,
	0x00000000, 0x00000000, 0x00000000, 0x00000000,
	0x00000000, 0x85b7817e, 0x016de3e3, 0x003eb000,
	0x00000000, 0x00000000, 0x00000000, 0x00000000,
	0x00000000, 0x85ae0186, 0x016b83e3, 0x003fb000,
	0x00000000, 0x00000000, 0x00000000, 0x00000000,
	0x00000000, 0x45a4818d, 0x016923e3, 0x0040b000,
	0x00000000, 0x00000000, 0x00000000, 0x00000000,
	0x00000000, 0x459b0195, 0x0166c3e3, 0x0041b000,
	0x00000000, 0x00000000, 0x00000000, 0x00000000,
	0x00000000, 0x0591819c, 0x016463e3, 0x0042b000,
	0x00000000, 0x00000000, 0x00000000, 0x00000000,
	0x00000000, 0xc58881a3, 0x016223e2, 0x0043b000,
	0x00000000, 0x00000000, 0x00000000, 0x00000000,
	0x00000000, 0xc57f01ab, 0x015fc3e2, 0x0044b000,
	0x00000000, 0x00000000, 0x00000000, 0x00000000,
	0x00000000, 0x857581b2, 0x015d63e2, 0x0045b000,
	0x00000000, 0x00000000, 0x00000000, 0x00000000,
	0x00000000, 0x856c01ba, 0x015b03e2, 0x0046b000,
	0x00000000, 0x00000000, 0x00000000, 0x00000000,
	0x00000000, 0x456281c1, 0x0158a3e2, 0x0047b000,
	0x00000000, 0x00000000, 0x00000000, 0x00000000,
	0x00000000, 0x455901c9, 0x015643e2, 0x0048b000,
	0x00000000, 0x00000000, 0x00000000, 0x00000000,
	0x00000000, 0x055001d0, 0x015403e2, 0x0049b000,
	0x00000000, 0x00000000, 0x00000000, 0x00000000,
	0x00000000, 0x054681d8, 0x0151a3e2, 0x004ab000,
	0x00000000, 0x00000000, 0x00000000, 0x00000000,
	0x00000000, 0xc53d01df, 0x014f43e1, 0x004bb000,
	0x00000000, 0x00000000, 0x00000000, 0x00000000,
	0x00000000, 0xc53381e7, 0x014ce3e1, 0x004cb000,
	0x00000000, 0x00000000, 0x00000000, 0x00000000,
	0x00000000, 0x852a01ee, 0x014a83e1, 0x004db000,
	0x00000000, 0x00000000, 0x00000000, 0x00000000,
	0x00000000, 0x852081f6, 0x014823e1, 0x004eb000,
	0x00000000, 0x00000000, 0x00000000, 0x00000000,
	0x00000000, 0x851781fe, 0x0145e3e1, 0x004fb000,
	0x00000000, 0x00000000, 0x00000000, 0x00000000,
	0x00000000, 0x450e0205, 0x014383e1, 0x0050b000,
	0x00000000, 0x00000000, 0x00000000, 0x00000000,
	0x00000000, 0x4504820d, 0x014123e1, 0x0051b000,
	0x00000000, 0x00000000, 0x00000000, 0x00000000,
	0x00000000, 0x04fb0214, 0x013ec3e1, 0x0052b000,
	0x00000000, 0x00000000, 0x00000000, 0x00000000,
	0x00000000, 0x04f1821c, 0x013c63e1, 0x0053b000,
	0x00000000, 0x00000000, 0x00000000, 0x00000000,
	0x00000000, 0x04e80224, 0x013a03e1, 0x0054b000,
	0x00000000, 0x00000000, 0x00000000, 0x00000000,
	0x00000000, 0xc4de822b, 0x0137a3e0, 0x0055b000,
	0x00000000, 0x00000000, 0x00000000, 0x00000000,
	0x00000000, 0xc4d58233, 0x013563e0, 0x0056b000,
	0x00000000, 0x00000000, 0x00000000, 0x00000000,
	0x00000000, 0xc4cc023b, 0x013303e0, 0x0057b000,
	0x00000000, 0x00000000, 0x00000000, 0x00000000,
	0x00000000, 0xc4c28243, 0x0130a3e0, 0x0058b000,
	0x00000000, 0x00000000, 0x00000000, 0x00000000,
	0x00000000, 0x84b9024a, 0x012e43e0, 0x0059b000,
	0x00000000, 0x00000000, 0x00000000, 0x00000000,
	0x00000000, 0x84af8252, 0x012be3e0, 0x005ab000,
	0x00000000, 0x00000000, 0x00000000, 0x00000000,
	0x00000000, 0x84a6025a, 0x012983e0, 0x005bb000,
	0x00000000, 0x00000000, 0x00000000, 0x00000000,
	0x00000000, 0x449d0261, 0x012743e0, 0x005cb000,
	0x00000000, 0x00000000, 0x00000000, 0x00000000,
	0x00000000, 0x44938269, 0x0124e3e0, 0x005db000,
	0x00000000, 0x00000000, 0x00000000, 0x00000000,
	0x00000000, 0x448a0271, 0x012283e0, 0x005eb000,
	0x00000000, 0x00000000, 0x00000000, 0x00000000,
	0x00000000, 0x44808279, 0x012023e0, 0x005fb000,
	0x00000000, 0x00000000, 0x00000000, 0x00000000,
	0x00000000, 0x44770281, 0x011dc3e0, 0x0060b000,
	0x00000000, 0x00000000, 0x00000000, 0x00000000,
	0x00000000, 0x046d8288, 0x011b63e0, 0x0061b000,
	0x00000000, 0x00000000, 0x00000000, 0x00000000,
	0x00000000, 0x04648290, 0x011923e0, 0x0062b000,
	0x00000000, 0x00000000, 0x00000000, 0x00000000,
	0x00000000, 0x045b0298, 0x0116c3e0, 0x0063b000,
	0x00000000, 0x00000000, 0x00000000, 0x00000000,
	0x00000000, 0x045182a0, 0x011463e0, 0x0064b000,
	0x00000000, 0x00000000, 0x00000000, 0x00000000,
	0x00000000, 0x044802a8, 0x011203e0, 0x0065b000,
	0x00000000, 0x00000000, 0x00000000, 0x00000000,
	0x00000000, 0xc43e82af, 0x010fa3df, 0x0066b000,
	0x00000000, 0x00000000, 0x00000000, 0x00000000,
	0x00000000, 0xc43502b7, 0x010d43df, 0x0067b000,
	0x00000000, 0x00000000, 0x00000000, 0x00000000,
	0x00000000, 0xc42b82bf, 0x010ae3df, 0x0068b000,
	0x00000000, 0x00000000, 0x00000000, 0x00000000,
	0x00000000, 0xc42282c7, 0x0108a3df, 0x0069b000,
	0x00000000, 0x00000000, 0x00000000, 0x00000000,
	0x00000000, 0xc41902cf, 0x010643df, 0x006ab000,
	0x00000000, 0x00000000, 0x00000000, 0x00000000,
	0x00000000, 0x840f82d6, 0x0103e3df, 0x006bb000,
	0x00000000, 0x00000000, 0x00000000, 0x00000000,
	0x00000000, 0x840602de, 0x010183df, 0x006cb000,
	0x00000000, 0x00000000, 0x00000000, 0x00000000,
	0x00000000, 0x83fc82e6, 0x00ff23df, 0x006db000,
	0x00000000, 0x00000000, 0x00000000, 0x00000000,
	0x00000000, 0x83f302ee, 0x00fcc3df, 0x006eb000,
	0x00000000, 0x00000000, 0x00000000, 0x00000000,
	0x00000000, 0x83ea02f6, 0x00fa83df, 0x006fb000,
	0x00000000, 0x00000000, 0x00000000, 0x00000000,
	0x00000000, 0x83e082fe, 0x00f823df, 0x0070b000,
	0x00000000, 0x00000000, 0x00000000, 0x00000000,
	0x00000000, 0x43d70305, 0x00f5c3df, 0x0071b000,
	0x00000000, 0x00000000, 0x00000000, 0x00000000,
	0x00000000, 0x43cd830d, 0x00f363df, 0x0072b000,
	0x00000000, 0x00000000, 0x00000000, 0x00000000,
	0x00000000, 0x43c40315, 0x00f103df, 0x0073b000,
	0x00000000, 0x00000000, 0x00000000, 0x00000000,
	0x00000000, 0x43ba831d, 0x00eea3df, 0x0074b000,
	0x00000000, 0x00000000, 0x00000000, 0x00000000,
	0x00000000, 0x43b18325, 0x00ec63df, 0x0075b000,
	0x00000000, 0x00000000, 0x00000000, 0x00000000,
	0x00000000, 0x43a8032d, 0x00ea03df, 0x0076b000,
	0x00000000, 0x00000000, 0x00000000, 0x00000000,
	0x00000000, 0x039e8334, 0x00e7a3df, 0x0077b000,
	0x00000000, 0x00000000, 0x00000000, 0x00000000,
	0x00000000, 0x0395033c, 0x00e543df, 0x0078b000,
	0x00000000, 0x00000000, 0x00000000, 0x00000000,
	0x00000000, 0x038b8344, 0x00e2e3df, 0x0079b000,
	0x00000000, 0x00000000, 0x00000000, 0x00000000,
	0x00000000, 0x0382034c, 0x00e083df, 0x007ab000,
	0x00000000, 0x00000000, 0x00000000, 0x00000000,
	0x00000000, 0x03788354, 0x00de23df, 0x007bb000,
	0x00000000, 0x00000000, 0x00000000, 0x00000000,
	0x00000000, 0x036f835c, 0x00dbe3df, 0x007cb000,
	0x00000000, 0x00000000, 0x00000000, 0x00000000,
	0x00000000, 0xc3660363, 0x00d983de, 0x007db000,
	0x00000000, 0x00000000, 0x00000000, 0x00000000,
	0x00000000, 0xc35c836b, 0x00d723de, 0x007eb000,
	0x00000000, 0x00000000, 0x00000000, 0x00000000,
	0x00000000, 0xc3530373, 0x00d4c3de, 0x007fb000,
	0x00000000, 0x00000000, 0x00000000, 0x00000000,
	0x00000000, 0xc349837b, 0x00d263de, 0x0080b000,
	0x00000000, 0x00000000, 0x00000000, 0x00000000,
	0x00000000, 0x83400382, 0x00d003de, 0x0081b000,
	0x00000000, 0x00000000, 0x00000000, 0x00000000,
	0x00000000, 0x8337038a, 0x00cdc3de, 0x0082b000,
	0x00000000, 0x00000000, 0x00000000, 0x00000000,
	0x00000000, 0x832d8392, 0x00cb63de, 0x0083b000,
	0x00000000, 0x00000000, 0x00000000, 0x00000000,
	0x00000000, 0x8324039a, 0x00c903de, 0x0084b000,
	0x00000000, 0x00000000, 0x00000000, 0x00000000,
	0x00000000, 0x431a83a1, 0x00c6a3de, 0x0085b000,
	0x00000000, 0x00000000, 0x00000000, 0x00000000,
	0x00000000, 0x431103a9, 0x00c443de, 0x0086b000,
	0x00000000, 0x00000000, 0x00000000, 0x00000000,
	0x00000000, 0x430783b1, 0x00c1e3de, 0x0087b000,
	0x00000000, 0x00000000, 0x00000000, 0x00000000,
	0x00000000, 0x42fe83b9, 0x00bfa3de, 0x0088b000,
	0x00000000, 0x00000000, 0x00000000, 0x00000000,
	0x00000000, 0x02f503c0, 0x00bd43de, 0x0089b000,
	0x00000000, 0x00000000, 0x00000000, 0x00000000,
	0x00000000, 0x02eb83c8, 0x00bae3de, 0x008ab000,
	0x00000000, 0x00000000, 0x00000000, 0x00000000,
	0x00000000, 0x02e203d0, 0x00b883de, 0x008bb000,
	0x00000000, 0x00000000, 0x00000000, 0x00000000,
	0x00000000, 0xc2d883d7, 0x00b623dd, 0x008cb000,
	0x00000000, 0x00000000, 0x00000000, 0x00000000,
	0x00000000, 0xc2cf03df, 0x00b3c3dd, 0x008db000,
	0x00000000, 0x00000000, 0x00000000, 0x00000000,
	0x00000000, 0xc2c583e7, 0x00b163dd, 0x008eb000,
	0x00000000, 0x00000000, 0x00000000, 0x00000000,
	0x00000000, 0x82bc83ee, 0x00af23dd, 0x008fb000,
	0x00000000, 0x00000000, 0x00000000, 0x00000000,
	0x00000000, 0x82b303f6, 0x00acc3dd, 0x0090b000,
	0x00000000, 0x00000000, 0x00000000, 0x00000000,
	0x00000000, 0x82a983fe, 0x00aa63dd, 0x0091b000,
	0x00000000, 0x00000000, 0x00000000, 0x00000000,
	0x00000000, 0x42a00405, 0x00a803dd, 0x0092b000,
	0x00000000, 0x00000000, 0x00000000, 0x00000000,
	0x00000000, 0x4296840d, 0x00a5a3dd, 0x0093b000,
	0x00000000, 0x00000000, 0x00000000, 0x00000000,
	0x00000000, 0x028d0414, 0x00a343dd, 0x0094b000,
	0x00000000, 0x00000000, 0x00000000, 0x00000000,
	0x00000000, 0x0284041c, 0x00a103dd, 0x0095b000,
	0x00000000, 0x00000000, 0x00000000, 0x00000000,
	0x00000000, 0xc27a8423, 0x009ea3dc, 0x0096b000,
	0x00000000, 0x00000000, 0x00000000, 0x00000000,
	0x00000000, 0xc271042b, 0x009c43dc, 0x0097b000,
	0x00000000, 0x00000000, 0x00000000, 0x00000000,
	0x00000000, 0x82678432, 0x0099e3dc, 0x0098b000,
	0x00000000, 0x00000000, 0x00000000, 0x00000000,
	0x00000000, 0x825e043a, 0x009783dc, 0x0099b000,
	0x00000000, 0x00000000, 0x00000000, 0x00000000,
	0x00000000, 0x42548441, 0x009523dc, 0x009ab000,
	0x00000000, 0x00000000, 0x00000000, 0x00000000,
	0x00000000, 0x424b8449, 0x0092e3dc, 0x009bb000,
	0x00000000, 0x00000000, 0x00000000, 0x00000000,
	0x00000000, 0x02420450, 0x009083dc, 0x009cb000,
	0x00000000, 0x00000000, 0x00000000, 0x00000000,
	0x00000000, 0x02388458, 0x008e23dc, 0x009db000,
	0x00000000, 0x00000000, 0x00000000, 0x00000000,
	0x00000000, 0xc22f045f, 0x008bc3db, 0x009eb000,
	0x00000000, 0x00000000, 0x00000000, 0x00000000,
	0x00000000, 0x82258466, 0x008963db, 0x009fb000,
	0x00000000, 0x00000000, 0x00000000, 0x00000000,
	0x00000000, 0x821c046e, 0x008703db, 0x00a0b000,
	0x00000000, 0x00000000, 0x00000000, 0x00000000,
	0x00000000, 0x42128475, 0x0084a3db, 0x00a1b000,
	0x00000000, 0x00000000, 0x00000000, 0x00000000,
	0x00000000, 0x0209847c, 0x008263db, 0x00a2b000,
	0x00000000, 0x00000000, 0x00000000, 0x00000000,
	0x00000000, 0x02000484, 0x008003db, 0x00a3b000,
	0x00000000, 0x00000000, 0x00000000, 0x00000000,
	0x00000000, 0xc1f6848b, 0x007da3da, 0x00a4b000,
	0x00000000, 0x00000000, 0x00000000, 0x00000000,
	0x00000000, 0x81ed0492, 0x007b43da, 0x00a5b000,
	0x00000000, 0x00000000, 0x00000000, 0x00000000,
	0x00000000, 0x41e38499, 0x0078e3da, 0x00a6b000,
	0x00000000, 0x00000000, 0x00000000, 0x00000000,
	0x00000000, 0x01da04a0, 0x007683da, 0x00a7b000,
	0x00000000, 0x00000000, 0x00000000, 0x00000000,
	0x00000000, 0x01d104a8, 0x007443da, 0x00a8b000,
	0x00000000, 0x00000000, 0x00000000, 0x00000000,
	0x00000000, 0xc1c784af, 0x0071e3d9, 0x00a9b000,
	0x00000000, 0x00000000, 0x00000000, 0x00000000,
	0x00000000, 0x81be04b6, 0x006f83d9, 0x00aab000,
	0x00000000, 0x00000000, 0x00000000, 0x00000000,
	0x00000000, 0x41b484bd, 0x006d23d9, 0x00abb000,
	0x00000000, 0x00000000, 0x00000000, 0x00000000,
	0x00000000, 0x01ab04c4, 0x006ac3d9, 0x00acb000,
	0x00000000, 0x00000000, 0x00000000, 0x00000000,
	0x00000000, 0xc1a184cb, 0x006863d8, 0x00adb000,
	0x00000000, 0x00000000, 0x00000000, 0x00000000,
	0x00000000, 0x819884d2, 0x006623d8, 0x00aeb000,
	0x00000000, 0x00000000, 0x00000000, 0x00000000,
	0x00000000, 0x418f04d9, 0x0063c3d8, 0x00afb000,
	0x00000000, 0x00000000, 0x00000000, 0x00000000,
	0x00000000, 0x018584e0, 0x006163d8, 0x00b0b000,
	0x00000000, 0x00000000, 0x00000000, 0x00000000,
	0x00000000, 0xc17c04e7, 0x005f03d7, 0x00b1b000,
	0x00000000, 0x00000000, 0x00000000, 0x00000000,
	0x00000000, 0x817284ee, 0x005ca3d7, 0x00b2b000,
	0x00000000, 0x00000000, 0x00000000, 0x00000000,
	0x00000000, 0x416904f5, 0x005a43d7, 0x00b3b000,
	0x00000000, 0x00000000, 0x00000000, 0x00000000,
	0x00000000, 0x016004fc, 0x005803d7, 0x00b4b000,
	0x00000000, 0x00000000, 0x00000000, 0x00000000,
	0x00000000, 0x81568502, 0x0055a3d6, 0x00b5b000,
	0x00000000, 0x00000000, 0x00000000, 0x00000000,
	0x00000000, 0x414d0509, 0x005343d6, 0x00b6b000,
	0x00000000, 0x00000000, 0x00000000, 0x00000000,
	0x00000000, 0x01438510, 0x0050e3d6, 0x00b7b000,
	0x00000000, 0x00000000, 0x00000000, 0x00000000,
	0x00000000, 0xc13a0517, 0x004e83d5, 0x00b8b000,
	0x00000000, 0x00000000, 0x00000000, 0x00000000,
	0x00000000, 0x8130851e, 0x004c23d5, 0x00b9b000,
	0x00000000, 0x00000000, 0x00000000, 0x00000000,
	0x00000000, 0x01270524, 0x0049c3d5, 0x00bab000,
	0x00000000, 0x00000000, 0x00000000, 0x00000000,
	0x00000000, 0xc11e052b, 0x004783d4, 0x00bbb000,
	0x00000000, 0x00000000, 0x00000000, 0x00000000,
	0x00000000, 0x41148531, 0x004523d4, 0x00bcb000,
	0x00000000, 0x00000000, 0x00000000, 0x00000000,
	0x00000000, 0x010b0538, 0x0042c3d4, 0x00bdb000,
	0x00000000, 0x00000000, 0x00000000, 0x00000000,
	0x00000000, 0xc101853f, 0x004063d3, 0x00beb000,
	0x00000000, 0x00000000, 0x00000000, 0x00000000,
	0x00000000, 0x40f80545, 0x003e03d3, 0x00bfb000,
	0x00000000, 0x00000000, 0x00000000, 0x00000000,
	0x00000000, 0x00ee854c, 0x003ba3d3, 0x00c0b000,
	0x00000000, 0x00000000, 0x00000000, 0x00000000,
	0x00000000, 0x80e58552, 0x003963d2, 0x00c1b000,
	0x00000000, 0x00000000, 0x00000000, 0x00000000,
	0x00000000, 0x40dc0559, 0x003703d2, 0x00c2b000,
	0x00000000, 0x00000000, 0x00000000, 0x00000000,
	0x00000000, 0xc0d2855f, 0x0034a3d1, 0x00c3b000,
	0x00000000, 0x00000000, 0x00000000, 0x00000000,
	0x00000000, 0x40c90565, 0x003243d1, 0x00c4b000,
	0x00000000, 0x00000000, 0x00000000, 0x00000000,
	0x00000000, 0x00bf856c, 0x002fe3d1, 0x00c5b000,
	0x00000000, 0x00000000, 0x00000000, 0x00000000,
	0x00000000, 0x80b60572, 0x002d83d0, 0x00c6b000,
	0x00000000, 0x00000000, 0x00000000, 0x00000000,
	0x00000000, 0x00ad0578, 0x002b43d0, 0x00c7b000,
	0x00000000, 0x00000000, 0x00000000, 0x00000000,
	0x00000000, 0xc0a3857f, 0x0028e3cf, 0x00c8b000,
	0x00000000, 0x00000000, 0x00000000, 0x00000000,
	0x00000000, 0x409a0585, 0x002683cf, 0x00c9b000,
	0x00000000, 0x00000000, 0x00000000, 0x00000000,
	0x00000000, 0xc090858b, 0x002423ce, 0x00cab000,
	0x00000000, 0x00000000, 0x00000000, 0x00000000,
	0x00000000, 0x40870591, 0x0021c3ce, 0x00cbb000,
	0x00000000, 0x00000000, 0x00000000, 0x00000000,
	0x00000000, 0xc07d8597, 0x001f63cd, 0x00ccb000,
	0x00000000, 0x00000000, 0x00000000, 0x00000000,
	0x00000000, 0x8074059e, 0x001d03cd, 0x00cdb000,
	0x00000000, 0x00000000, 0x00000000, 0x00000000,
	0x00000000, 0x006b05a4, 0x001ac3cd, 0x00ceb000,
	0x00000000, 0x00000000, 0x00000000, 0x00000000,
	0x00000000, 0x806185aa, 0x001863cc, 0x00cfb000,
	0x00000000, 0x00000000, 0x00000000, 0x00000000,
	0x00000000, 0x005805b0, 0x001603cc, 0x00d0b000,
	0x00000000, 0x00000000, 0x00000000, 0x00000000,
	0x00000000, 0x804e85b6, 0x0013a3cb, 0x00d1b000,
	0x00000000, 0x00000000, 0x00000000, 0x00000000,
	0x00000000, 0x004505bc, 0x001143cb, 0x00d2b000,
	0x00000000, 0x00000000, 0x00000000, 0x00000000,
	0x00000000, 0x403b85c1, 0x000ee3ca, 0x00d3b000,
	0x00000000, 0x00000000, 0x00000000, 0x00000000,
	0x00000000, 0xc03285c7, 0x000ca3c9, 0x00d4b000,
	0x00000000, 0x00000000, 0x00000000, 0x00000000,
	0x00000000, 0x402905cd, 0x000a43c9, 0x00d5b000,
	0x00000000, 0x00000000, 0x00000000, 0x00000000,
	0x00000000, 0xc01f85d3, 0x0007e3c8, 0x00d6b000,
	0x00000000, 0x00000000, 0x00000000, 0x00000000,
	0x00000000, 0x401605d9, 0x000583c8, 0x00d7b000,
	0x00000000, 0x00000000, 0x00000000, 0x00000000,
	0x00000000, 0x800c85de, 0x000323c7, 0x00d8b000,
	0x00000000, 0x00000000, 0x00000000, 0x00000000,
	0x00000000, 0x000305e4, 0x0000c3c7, 0x00d9b000,
	0x00000000, 0x00000000, 0x00000000, 0x00000000,
	0x00000000, 0x800005ea, 0x000003c6, 0x00dab000,
	0x00000000, 0x00000000, 0x00000000, 0x00000000,
	0x00000000, 0xc00005ef, 0x000003c5, 0x00dbb000,
	0x00000000, 0x00000000, 0x00000000, 0x00000000,
	0x00000000, 0x400005f5, 0x000003c5, 0x00dcb000,
	0x00000000, 0x00000000, 0x00000000, 0x00000000,
	0x00000000, 0x800005fa, 0x000003c4, 0x00ddb000,
	0x00000000, 0x00000000, 0x00000000, 0x00000000,
	0x00000000, 0x00000600, 0x000003c4, 0x00deb000,
	0x00000000, 0x00000000, 0x00000000, 0x00000000,
	0x00000000, 0x40000605, 0x000003c3, 0x00dfb000,
	0x00000000, 0x00000000, 0x00000000, 0x00000000,
	0x00000000, 0xc000060b, 0x000003c2, 0x00e0b000,
	0x00000000, 0x00000000, 0x00000000, 0x00000000,
	0x00000000, 0x00000610, 0x000003c2, 0x00e1b000,
	0x00000000, 0x00000000, 0x00000000, 0x00000000,
	0x00000000, 0x80000616, 0x000003c1, 0x00e2b000,
	0x00000000, 0x00000000, 0x00000000, 0x00000000,
	0x00000000, 0xc000061b, 0x000003c0, 0x00e3b000,
	0x00000000, 0x00000000, 0x00000000, 0x00000000,
	0x00000000, 0x00000620, 0x000003c0, 0x00e4b000,
	0x00000000, 0x00000000, 0x00000000, 0x00000000,
	0x00000000, 0x80000626, 0x000003bf, 0x00e5b000,
	0x00000000, 0x00000000, 0x00000000, 0x00000000,
	0x00000000, 0xc000062b, 0x000003be, 0x00e6b000,
	0x00000000, 0x00000000, 0x00000000, 0x00000000,
	0x00000000, 0x00000630, 0x000003be, 0x00e7b000,
	0x00000000, 0x00000000, 0x00000000, 0x00000000,
	0x00000000, 0x40000635, 0x000003bd, 0x00e8b000,
	0x00000000, 0x00000000, 0x00000000, 0x00000000,
	0x00000000, 0x8000063a, 0x000003bc, 0x00e9b000,
	0x00000000, 0x00000000, 0x00000000, 0x00000000,
	0x00000000, 0xc000063f, 0x000003bb, 0x00eab000,
	0x00000000, 0x00000000, 0x00000000, 0x00000000,
	0x00000000, 0x40000645, 0x000003bb, 0x00ebb000,
	0x00000000, 0x00000000, 0x00000000, 0x00000000,
	0x00000000, 0x8000064a, 0x000003ba, 0x00ecb000,
	0x00000000, 0x00000000, 0x00000000, 0x00000000,
	0x00000000, 0xc000064f, 0x000003b9, 0x00edb000,
	0x00000000, 0x00000000, 0x00000000, 0x00000000,
	0x00000000, 0xc0000653, 0x000003b8, 0x00eeb000,
	0x00000000, 0x00000000, 0x00000000, 0x00000000,
	0x00000000, 0x00000658, 0x000003b8, 0x00efb000,
	0x00000000, 0x00000000, 0x00000000, 0x00000000,
	0x00000000, 0x4000065d, 0x000003b7, 0x00f0b000,
	0x00000000, 0x00000000, 0x00000000, 0x00000000,
	0x00000000, 0x80000662, 0x000003b6, 0x00f1b000,
	0x00000000, 0x00000000, 0x00000000, 0x00000000,
	0x00000000, 0xc0000667, 0x000003b5, 0x00f2b000,
	0x00000000, 0x00000000, 0x00000000, 0x00000000,
	0x00000000, 0x0000066c, 0x000003b5, 0x00f3b000,
	0x00000000, 0x00000000, 0x00000000, 0x00000000,
	0x00000000, 0x00000670, 0x000003b4, 0x00f4b000,
	0x00000000, 0x00000000, 0x00000000, 0x00000000,
	0x00000000, 0x40000675, 0x000003b3, 0x00f5b000,
	0x00000000, 0x00000000, 0x00000000, 0x00000000,
	0x00000000, 0x8000067a, 0x000003b2, 0x00f6b000,
	0x00000000, 0x00000000, 0x00000000, 0x00000000,
	0x00000000, 0xc000067f, 0x000003b1, 0x00f7b000,
	0x00000000, 0x00000000, 0x00000000, 0x00000000,
	0x00000000, 0xc0000683, 0x000003b0, 0x00f8b000,
	0x00000000, 0x00000000, 0x00000000, 0x00000000,
	0x00000000, 0x00000688, 0x000003b0, 0x00f9b000,
	0x00000000, 0x00000000, 0x00000000, 0x00000000,
	0x00000000, 0x0000068c, 0x000003af, 0x00fab000,
	0x00000000, 0x00000000, 0x00000000, 0x00000000,
	0x00000000, 0x40000691, 0x000003ae, 0x00fbb000,
	0x00000000, 0x00000000, 0x00000000, 0x00000000,
	0x00000000, 0x40000695, 0x000003ad, 0x00fcb000,
	0x00000000, 0x00000000, 0x00000000, 0x00000000,
	0x00000000, 0x8000069a, 0x000003ac, 0x00fdb000,
	0x00000000, 0x00000000, 0x00000000, 0x00000000,
	0x00000000, 0x8000069e, 0x000003ab, 0x00feb000,
	0x00000000, 0x00000000, 0x00000000, 0x00000000,
	0x00000000, 0x800006a2, 0x000003aa, 0x00ffb000,
	0x00000000, 0x00000000, 0x00000000, 0x00000000,
	0x00000000, 0xc00006a7, 0x000003a9, 0x0100a000,
	0x00000000, 0x00000000, 0x00000000, 0x00000000,
	0x00000000, 0xc00006ab, 0x000003a8, 0x0101a000,
	0x00000000, 0x00000000, 0x00000000, 0x00000000,
	0x00000000, 0xc00006af, 0x000003a7, 0x0102a000,
	0x00000000, 0x00000000, 0x00000000, 0x00000000,
	0x00000000, 0x000006b4, 0x000003a7, 0x0103a000,
	0x00000000, 0x00000000, 0x00000000, 0x00000000,
	0x00000000, 0x000006b8, 0x000003a6, 0x0104a000,
	0x00000000, 0x00000000, 0x00000000, 0x00000000,
	0x00000000, 0x000006bc, 0x000003a5, 0x0105a000,
	0x00000000, 0x00000000, 0x00000000, 0x00000000,
	0x00000000, 0x000006c0, 0x000003a4, 0x0106a000,
	0x00000000, 0x00000000, 0x00000000, 0x00000000,
	0x00000000, 0x000006c4, 0x000003a3, 0x0107a000,
	0x00000000, 0x00000000, 0x00000000, 0x00000000,
	0x00000000, 0x000006c8, 0x000003a2, 0x0108a000,
	0x00000000, 0x00000000, 0x00000000, 0x00000000,
	0x00000000, 0x000006cc, 0x000003a1, 0x0109a000,
	0x00000000, 0x00000000, 0x00000000, 0x00000000,
	0x00000000, 0x000006d0, 0x000003a0, 0x010aa000,
	0x00000000, 0x00000000, 0x00000000, 0x00000000,
	0x00000000, 0x000006d4, 0x0000039f, 0x010ba000,
	0x00000000, 0x00000000, 0x00000000, 0x00000000,
	0x00000000, 0x000006d8, 0x0000039e, 0x010ca000,
	0x00000000, 0x00000000, 0x00000000, 0x00000000,
	0x00000000, 0x000006dc, 0x0000039d, 0x010da000,
	0x00000000, 0x00000000, 0x00000000, 0x00000000,
	0x00000000, 0x000006e0, 0x0000039c, 0x010ea000,
	0x00000000, 0x00000000, 0x00000000, 0x00000000,
	0x00000000, 0x000006e4, 0x0000039b, 0x010fa000,
	0x00000000, 0x00000000, 0x00000000, 0x00000000,
	0x00000000, 0x000006e8, 0x0000039a, 0x0110a000,
	0x00000000, 0x00000000, 0x00000000, 0x00000000,
	0x00000000, 0xc00006eb, 0x00000398, 0x0111a000,
	0x00000000, 0x00000000, 0x00000000, 0x00000000,
	0x00000000, 0xc00006ef, 0x00000397, 0x0112a000,
	0x00000000, 0x00000000, 0x00000000, 0x00000000,
	0x00000000, 0xc00006f3, 0x00000396, 0x0113a000,
	0x00000000, 0x00000000, 0x00000000, 0x00000000,
	0x00000000, 0xc00006f7, 0x00000395, 0x0114a000,
	0x00000000, 0x00000000, 0x00000000, 0x00000000,
	0x00000000, 0x800006fa, 0x00000394, 0x0115a000,
	0x00000000, 0x00000000, 0x00000000, 0x00000000,
	0x00000000, 0x800006fe, 0x00000393, 0x0116a000,
	0x00000000, 0x00000000, 0x00000000, 0x00000000,
	0x00000000, 0x40000701, 0x00000392, 0x0117a000,
	0x00000000, 0x00000000, 0x00000000, 0x00000000,
	0x00000000, 0x40000705, 0x00000391, 0x0118a000,
	0x00000000, 0x00000000, 0x00000000, 0x00000000,
	0x00000000, 0x40000709, 0x00000390, 0x0119a000,
	0x00000000, 0x00000000, 0x00000000, 0x00000000,
	0x00000000, 0x0000070c, 0x0000038f, 0x011aa000,
	0x00000000, 0x00000000, 0x00000000, 0x00000000,
	0x00000000, 0x00000710, 0x0000038e, 0x011ba000,
	0x00000000, 0x00000000, 0x00000000, 0x00000000,
	0x00000000, 0xc0000713, 0x0000038c, 0x011ca000,
	0x00000000, 0x00000000, 0x00000000, 0x00000000,
	0x00000000, 0x80000716, 0x0000038b, 0x011da000,
	0x00000000, 0x00000000, 0x00000000, 0x00000000,
	0x00000000, 0x8000071a, 0x0000038a, 0x011ea000,
	0x00000000, 0x00000000, 0x00000000, 0x00000000,
	0x00000000, 0x4000071d, 0x00000389, 0x011fa000,
	0x00000000, 0x00000000, 0x00000000, 0x00000000,
	0x00000000, 0x40000721, 0x00000388, 0x0120a000,
	0x00000000, 0x00000000, 0x00000000, 0x00000000,
	0x00000000, 0x00000724, 0x00000387, 0x0121a000,
	0x00000000, 0x00000000, 0x00000000, 0x00000000,
	0x00000000, 0xc0000727, 0x00000385, 0x0122a000,
	0x00000000, 0x00000000, 0x00000000, 0x00000000,
	0x00000000, 0x8000072a, 0x00000384, 0x0123a000,
	0x00000000, 0x00000000, 0x00000000, 0x00000000,
	0x00000000, 0x8000072e, 0x00000383, 0x0124a000,
	0x00000000, 0x00000000, 0x00000000, 0x00000000,
	0x00000000, 0x40000731, 0x00000382, 0x0125a000,
	0x00000000, 0x00000000, 0x00000000, 0x00000000,
	0x00000000, 0x00000734, 0x00000381, 0x0126a000,
	0x00000000, 0x00000000, 0x00000000, 0x00000000,
	0x00000000, 0xc0000737, 0x0000037f, 0x0127a000,
	0x00000000, 0x00000000, 0x00000000, 0x00000000,
	0x00000000, 0x8000073a, 0x0000037e, 0x0128a000,
	0x00000000, 0x00000000, 0x00000000, 0x00000000,
	0x00000000, 0x4000073d, 0x0000037d, 0x0129a000,
	0x00000000, 0x00000000, 0x00000000, 0x00000000,
	0x00000000, 0x00000740, 0x0000037c, 0x012aa000,
	0x00000000, 0x00000000, 0x00000000, 0x00000000,
	0x00000000, 0xc0000743, 0x0000037a, 0x012ba000,
	0x00000000, 0x00000000, 0x00000000, 0x00000000,
	0x00000000, 0x80000746, 0x00000379, 0x012ca000,
	0x00000000, 0x00000000, 0x00000000, 0x00000000,
	0x00000000, 0x40000749, 0x00000378, 0x012da000,
	0x00000000, 0x00000000, 0x00000000, 0x00000000,
	0x00000000, 0x0000074c, 0x00000377, 0x012ea000,
	0x00000000, 0x00000000, 0x00000000, 0x00000000,
	0x00000000, 0xc000074f, 0x00000375, 0x012fa000,
	0x00000000, 0x00000000, 0x00000000, 0x00000000,
	0x00000000, 0x80000752, 0x00000374, 0x0130a000,
	0x00000000, 0x00000000, 0x00000000, 0x00000000,
	0x00000000, 0x40000755, 0x00000373, 0x0131a000,
	0x00000000, 0x00000000, 0x00000000, 0x00000000,
	0x00000000, 0x00000758, 0x00000372, 0x0132a000,
	0x00000000, 0x00000000, 0x00000000, 0x00000000,
	0x00000000, 0xc000075b, 0x00000370, 0x0133a000,
	0x00000000, 0x00000000, 0x00000000, 0x00000000,
	0x00000000, 0x4000075d, 0x0000036f, 0x0134a000,
	0x00000000, 0x00000000, 0x00000000, 0x00000000,
	0x00000000, 0x00000760, 0x0000036e, 0x0135a000,
	0x00000000, 0x00000000, 0x00000000, 0x00000000,
	0x00000000, 0xc0000763, 0x0000036c, 0x0136a000,
	0x00000000, 0x00000000, 0x00000000, 0x00000000,
	0x00000000, 0x80000766, 0x0000036b, 0x0137a000,
	0x00000000, 0x00000000, 0x00000000, 0x00000000,
	0x00000000, 0x00000768, 0x0000036a, 0x0138a000,
	0x00000000, 0x00000000, 0x00000000, 0x00000000,
	0x00000000, 0xc000076b, 0x00000368, 0x0139a000,
	0x00000000, 0x00000000, 0x00000000, 0x00000000,
	0x00000000, 0x8000076e, 0x00000367, 0x013aa000,
	0x00000000, 0x00000000, 0x00000000, 0x00000000,
	0x00000000, 0x00000770, 0x00000366, 0x013ba000,
	0x00000000, 0x00000000, 0x00000000, 0x00000000,
	0x00000000, 0xc0000773, 0x00000364, 0x013ca000,
	0x00000000, 0x00000000, 0x00000000, 0x00000000,
	0x00000000, 0x40000775, 0x00000363, 0x013da000,
	0x00000000, 0x00000000, 0x00000000, 0x00000000,
	0x00000000, 0x00000778, 0x00000362, 0x013ea000,
	0x00000000, 0x00000000, 0x00000000, 0x00000000,
	0x00000000, 0x8000077a, 0x00000360, 0x013fa000,
	0x00000000, 0x00000000, 0x00000000, 0x00000000,
	0x00000000, 0x4000077d, 0x0000035f, 0x0140a000,
	0x00000000, 0x00000000, 0x00000000, 0x00000000,
	0x00000000, 0xc000077f, 0x0000035d, 0x0141a000,
	0x00000000, 0x00000000, 0x00000000, 0x00000000,
	0x00000000, 0x80000782, 0x0000035c, 0x0142a000,
	0x00000000, 0x00000000, 0x00000000, 0x00000000,
	0x00000000, 0x00000784, 0x0000035b, 0x0143a000,
	0x00000000, 0x00000000, 0x00000000, 0x00000000,
	0x00000000, 0xc0000787, 0x00000359, 0x0144a000,
	0x00000000, 0x00000000, 0x00000000, 0x00000000,
	0x00000000, 0x40000789, 0x00000358, 0x0145a000,
	0x00000000, 0x00000000, 0x00000000, 0x00000000,
	0x00000000, 0xc000078b, 0x00000356, 0x0146a000,
	0x00000000, 0x00000000, 0x00000000, 0x00000000,
	0x00000000, 0x8000078e, 0x00000355, 0x0147a000,
	0x00000000, 0x00000000, 0x00000000, 0x00000000,
	0x00000000, 0x00000790, 0x00000354, 0x0148a000,
	0x00000000, 0x00000000, 0x00000000, 0x00000000,
	0x00000000, 0x80000792, 0x00000352, 0x0149a000,
	0x00000000, 0x00000000, 0x00000000, 0x00000000,
	0x00000000, 0x40000795, 0x00000351, 0x014aa000,
	0x00000000, 0x00000000, 0x00000000, 0x00000000,
	0x00000000, 0xc0000797, 0x0000034f, 0x014ba000,
	0x00000000, 0x00000000, 0x00000000, 0x00000000,
	0x00000000, 0x40000799, 0x0000034e, 0x014ca000,
	0x00000000, 0x00000000, 0x00000000, 0x00000000,
	0x00000000, 0xc000079b, 0x0000034c, 0x014da000,
	0x00000000, 0x00000000, 0x00000000, 0x00000000,
	0x00000000, 0x8000079e, 0x0000034b, 0x014ea000,
	0x00000000, 0x00000000, 0x00000000, 0x00000000,
	0x00000000, 0x000007a0, 0x0000034a, 0x014fa000,
	0x00000000, 0x00000000, 0x00000000, 0x00000000,
	0x00000000, 0x800007a2, 0x00000348, 0x0150a000,
	0x00000000, 0x00000000, 0x00000000, 0x00000000,
	0x00000000, 0x000007a4, 0x00000347, 0x0151a000,
	0x00000000, 0x00000000, 0x00000000, 0x00000000,
	0x00000000, 0x800007a6, 0x00000345, 0x0152a000,
	0x00000000, 0x00000000, 0x00000000, 0x00000000,
	0x00000000, 0x000007a8, 0x00000344, 0x0153a000,
	0x00000000, 0x00000000, 0x00000000, 0x00000000,
	0x00000000, 0x800007aa, 0x00000342, 0x0154a000,
	0x00000000, 0x00000000, 0x00000000, 0x00000000,
	0x00000000, 0x400007ad, 0x00000341, 0x0155a000,
	0x00000000, 0x00000000, 0x00000000, 0x00000000,
	0x00000000, 0xc00007af, 0x0000033f, 0x0156a000,
	0x00000000, 0x00000000, 0x00000000, 0x00000000,
	0x00000000, 0x400007b1, 0x0000033e, 0x0157a000,
	0x00000000, 0x00000000, 0x00000000, 0x00000000,
	0x00000000, 0xc00007b3, 0x0000033c, 0x0158a000,
	0x00000000, 0x00000000, 0x00000000, 0x00000000,
	0x00000000, 0x400007b5, 0x0000033b, 0x0159a000,
	0x00000000, 0x00000000, 0x00000000, 0x00000000,
	0x00000000, 0xc00007b7, 0x00000339, 0x015aa000,
	0x00000000, 0x00000000, 0x00000000, 0x00000000,
	0x00000000, 0x000007b8, 0x00000338, 0x015ba000,
	0x00000000, 0x00000000, 0x00000000, 0x00000000,
	0x00000000, 0x800007ba, 0x00000336, 0x015ca000,
	0x00000000, 0x00000000, 0x00000000, 0x00000000,
	0x00000000, 0x000007bc, 0x00000335, 0x015da000,
	0x00000000, 0x00000000, 0x00000000, 0x00000000,
	0x00000000, 0x800007be, 0x00000333, 0x015ea000,
	0x00000000, 0x00000000, 0x00000000, 0x00000000,
	0x00000000, 0x000007c0, 0x00000332, 0x015fa000,
	0x00000000, 0x00000000, 0x00000000, 0x00000000,
	0x00000000, 0x800007c2, 0x00000330, 0x0160a000,
	0x00000000, 0x00000000, 0x00000000, 0x00000000,
	0x00000000, 0x000007c4, 0x0000032f, 0x0161a000,
	0x00000000, 0x00000000, 0x00000000, 0x00000000,
	0x00000000, 0x800007c6, 0x0000032d, 0x0162a000,
	0x00000000, 0x00000000, 0x00000000, 0x00000000,
	0x00000000, 0xc00007c7, 0x0000032b, 0x0163a000,
	0x00000000, 0x00000000, 0x00000000, 0x00000000,
	0x00000000, 0x400007c9, 0x0000032a, 0x0164a000,
	0x00000000, 0x00000000, 0x00000000, 0x00000000,
	0x00000000, 0xc00007cb, 0x00000328, 0x0165a000,
	0x00000000, 0x00000000, 0x00000000, 0x00000000,
	0x00000000, 0x400007cd, 0x00000327, 0x0166a000,
	0x00000000, 0x00000000, 0x00000000, 0x00000000,
	0x00000000, 0xc00007cf, 0x00000325, 0x0167a000,
	0x00000000, 0x00000000, 0x00000000, 0x00000000,
	0x00000000, 0x000007d0, 0x00000324, 0x0168a000,
	0x00000000, 0x00000000, 0x00000000, 0x00000000,
	0x00000000, 0x800007d2, 0x00000322, 0x0169a000,
	0x00000000, 0x00000000, 0x00000000, 0x00000000,
	0x00000000, 0x000007d4, 0x00000321, 0x016aa000,
	0x00000000, 0x00000000, 0x00000000, 0x00000000,
	0x00000000, 0x400007d5, 0x0000031f, 0x016ba000,
	0x00000000, 0x00000000, 0x00000000, 0x00000000,
	0x00000000, 0xc00007d7, 0x0000031d, 0x016ca000,
	0x00000000, 0x00000000, 0x00000000, 0x00000000,
	0x00000000, 0x400007d9, 0x0000031c, 0x016da000,
	0x00000000, 0x00000000, 0x00000000, 0x00000000,
	0x00000000, 0x800007da, 0x0000031a, 0x016ea000,
	0x00000000, 0x00000000, 0x00000000, 0x00000000,
	0x00000000, 0x000007dc, 0x00000319, 0x016fa000,
	0x00000000, 0x00000000, 0x00000000, 0x00000000,
	0x00000000, 0x800007de, 0x00000317, 0x0170a000,
	0x00000000, 0x00000000, 0x00000000, 0x00000000,
	0x00000000, 0xc00007df, 0x00000315, 0x0171a000,
	0x00000000, 0x00000000, 0x00000000, 0x00000000,
	0x00000000, 0x400007e1, 0x00000314, 0x0172a000,
	0x00000000, 0x00000000, 0x00000000, 0x00000000,
	0x00000000, 0x800007e2, 0x00000312, 0x0173a000,
	0x00000000, 0x00000000, 0x00000000, 0x00000000,
	0x00000000, 0x000007e4, 0x00000311, 0x0174a000,
	0x00000000, 0x00000000, 0x00000000, 0x00000000,
	0x00000000, 0x400007e5, 0x0000030f, 0x0175a000,
	0x00000000, 0x00000000, 0x00000000, 0x00000000,
	0x00000000, 0xc00007e7, 0x0000030d, 0x0176a000,
	0x00000000, 0x00000000, 0x00000000, 0x00000000,
	0x00000000, 0x000007e8, 0x0000030c, 0x0177a000,
	0x00000000, 0x00000000, 0x00000000, 0x00000000,
	0x00000000, 0x800007ea, 0x0000030a, 0x0178a000,
	0x00000000, 0x00000000, 0x00000000, 0x00000000,
	0x00000000, 0xc00007eb, 0x00000308, 0x0179a000,
	0x00000000, 0x00000000, 0x00000000, 0x00000000,
	0x00000000, 0x400007ed, 0x00000307, 0x017aa000,
	0x00000000, 0x00000000, 0x00000000, 0x00000000,
	0x00000000, 0x800007ee, 0x00000305, 0x017ba000,
	0x00000000, 0x00000000, 0x00000000, 0x00000000,
	0x00000000, 0x000007f0, 0x00000304, 0x017ca000,
	0x00000000, 0x00000000, 0x00000000, 0x00000000,
	0x00000000, 0x400007f1, 0x00000302, 0x017da000,
	0x00000000, 0x00000000, 0x00000000, 0x00000000,
	0x00000000, 0xc00007f3, 0x00000300, 0x017ea000,
	0x00000000, 0x00000000, 0x00000000, 0x00000000,
	0x00000000, 0x000007f4, 0x000002ff, 0x017fa000,
	0x00000000, 0x00000000, 0x00000000, 0x00000000,
	0x00000000, 0x400007f5, 0x000002fd, 0x0180a000,
	0x00000000, 0x00000000, 0x00000000, 0x00000000,
	0x00000000, 0xc00007f7, 0x000002fb, 0x0181a000,
	0x00000000, 0x00000000, 0x00000000, 0x00000000,
	0x00000000, 0x000007f8, 0x000002fa, 0x0182a000,
	0x00000000, 0x00000000, 0x00000000, 0x00000000,
	0x00000000, 0x400007f9, 0x000002f8, 0x0183a000,
	0x00000000, 0x00000000, 0x00000000, 0x00000000,
	0x00000000, 0xc00007fb, 0x000002f6, 0x0184a000,
	0x00000000, 0x00000000, 0x00000000, 0x00000000,
	0x00000000, 0x000007fc, 0x000002f5, 0x0185a000,
	0x00000000, 0x00000000, 0x00000000, 0x00000000,
	0x00000000, 0x400007fd, 0x000002f3, 0x0186a000,
	0x00000000, 0x00000000, 0x00000000, 0x00000000,
	0x00000000, 0xc00007ff, 0x000002f1, 0x0187a000,
	0x00000000, 0x00000000, 0x00000000, 0x00000000,
	0x00000000, 0x00000800, 0x000002f0, 0x0188a000,
	0x00000000, 0x00000000, 0x00000000, 0x00000000,
	0x00000000, 0x40000801, 0x000002ee, 0x0189a000,
	0x00000000, 0x00000000, 0x00000000, 0x00000000,
	0x00000000, 0x80000802, 0x000002ec, 0x018aa000,
	0x00000000, 0x00000000, 0x00000000, 0x00000000,
	0x00000000, 0x00000804, 0x000002eb, 0x018ba000,
	0x00000000, 0x00000000, 0x00000000, 0x00000000,
	0x00000000, 0x40000805, 0x000002e9, 0x018ca000,
	0x00000000, 0x00000000, 0x00000000, 0x00000000,
	0x00000000, 0x80000806, 0x000002e7, 0x018da000,
	0x00000000, 0x00000000, 0x00000000, 0x00000000,
	0x00000000, 0xc0000807, 0x000002e5, 0x018ea000,
	0x00000000, 0x00000000, 0x00000000, 0x00000000,
	0x00000000, 0x40000809, 0x000002e4, 0x018fa000,
	0x00000000, 0x00000000, 0x00000000, 0x00000000,
	0x00000000, 0x8000080a, 0x000002e2, 0x0190a000,
	0x00000000, 0x00000000, 0x00000000, 0x00000000,
	0x00000000, 0xc000080b, 0x000002e0, 0x0191a000,
	0x00000000, 0x00000000, 0x00000000, 0x00000000,
	0x00000000, 0x0000080c, 0x000002df, 0x0192a000,
	0x00000000, 0x00000000, 0x00000000, 0x00000000,
	0x00000000, 0x4000080d, 0x000002dd, 0x0193a000,
	0x00000000, 0x00000000, 0x00000000, 0x00000000,
	0x00000000, 0x8000080e, 0x000002db, 0x0194a000,
	0x00000000, 0x00000000, 0x00000000, 0x00000000,
	0x00000000, 0x00000810, 0x000002da, 0x0195a000,
	0x00000000, 0x00000000, 0x00000000, 0x00000000,
	0x00000000, 0x40000811, 0x000002d8, 0x0196a000,
	0x00000000, 0x00000000, 0x00000000, 0x00000000,
	0x00000000, 0x80000812, 0x000002d6, 0x0197a000,
	0x00000000, 0x00000000, 0x00000000, 0x00000000,
	0x00000000, 0xc0000813, 0x000002d4, 0x0198a000,
	0x00000000, 0x00000000, 0x00000000, 0x00000000,
	0x00000000, 0x00000814, 0x000002d3, 0x0199a000,
	0x00000000, 0x00000000, 0x00000000, 0x00000000,
	0x00000000, 0x40000815, 0x000002d1, 0x019aa000,
	0x00000000, 0x00000000, 0x00000000, 0x00000000,
	0x00000000, 0x80000816, 0x000002cf, 0x019ba000,
	0x00000000, 0x00000000, 0x00000000, 0x00000000,
	0x00000000, 0xc0000817, 0x000002cd, 0x019ca000,
	0x00000000, 0x00000000, 0x00000000, 0x00000000,
	0x00000000, 0x00000818, 0x000002cc, 0x019da000,
	0x00000000, 0x00000000, 0x00000000, 0x00000000,
	0x00000000, 0x40000819, 0x000002ca, 0x019ea000,
	0x00000000, 0x00000000, 0x00000000, 0x00000000,
	0x00000000, 0x8000081a, 0x000002c8, 0x019fa000,
	0x00000000, 0x00000000, 0x00000000, 0x00000000,
	0x00000000, 0xc000081b, 0x000002c6, 0x01a0a000,
	0x00000000, 0x00000000, 0x00000000, 0x00000000,
	0x00000000, 0x0000081c, 0x000002c5, 0x01a1a000,
	0x00000000, 0x00000000, 0x00000000, 0x00000000,
	0x00000000, 0x8000081e, 0x000002c3, 0x01a2a000,
	0x00000000, 0x00000000, 0x00000000, 0x00000000,
	0x00000000, 0xc000081f, 0x000002c1, 0x01a3a000,
	0x00000000, 0x00000000, 0x00000000, 0x00000000,
	0x00000000, 0xc000081f, 0x000002bf, 0x01a4a000,
	0x00000000, 0x00000000, 0x00000000, 0x00000000,
	0x00000000, 0x00000820, 0x000002be, 0x01a5a000,
	0x00000000, 0x00000000, 0x00000000, 0x00000000,
	0x00000000, 0x40000821, 0x000002bc, 0x01a6a000,
	0x00000000, 0x00000000, 0x00000000, 0x00000000,
	0x00000000, 0x40000821, 0x000002ba, 0x01a7a000,
	0x00000000, 0x00000000, 0x00000000, 0x00000000,
	0x00000000, 0x40000821, 0x000002b8, 0x01a8a000,
	0x00000000, 0x00000000, 0x00000000, 0x00000000,
	0x00000000, 0x40000821, 0x000002b6, 0x01a9a000,
	0x00000000, 0x00000000, 0x00000000, 0x00000000,
	0x00000000, 0x40000821, 0x000002b4, 0x01aaa000,
	0x00000000, 0x00000000, 0x00000000, 0x00000000,
	0x00000000, 0x40000821, 0x000002b2, 0x01aba000,
	0x00000000, 0x00000000, 0x00000000, 0x00000000,
	0x00000000, 0x40000821, 0x000002b0, 0x01aca000,
	0x00000000, 0x00000000, 0x00000000, 0x00000000,
	0x00000000, 0x40000821, 0x000002ae, 0x01ada000,
	0x00000000, 0x00000000, 0x00000000, 0x00000000,
	0x00000000, 0x40000821, 0x000002ac, 0x01aea000,
	0x00000000, 0x00000000, 0x00000000, 0x00000000,
	0x00000000, 0x40000821, 0x000002aa, 0x01afa000,
	0x00000000, 0x00000000, 0x00000000, 0x00000000,
	0x00000000, 0x40000821, 0x000002a8, 0x01b0a000,
	0x00000000, 0x00000000, 0x00000000, 0x00000000,
	0x00000000, 0x40000821, 0x000002a6, 0x01b1a000,
	0x00000000, 0x00000000, 0x00000000, 0x00000000,
	0x00000000, 0x40000821, 0x000002a4, 0x01b2a000,
	0x00000000, 0x00000000, 0x00000000, 0x00000000,
	0x00000000, 0x40000821, 0x000002a2, 0x01b3a000,
	0x00000000, 0x00000000, 0x00000000, 0x00000000,
	0x00000000, 0x40000821, 0x000002a0, 0x01b4a000,
	0x00000000, 0x00000000, 0x00000000, 0x00000000,
	0x00000000, 0x40000821, 0x0000029e, 0x01b5a000,
	0x00000000, 0x00000000, 0x00000000, 0x00000000,
	0x00000000, 0x40000821, 0x0000029c, 0x01b6a000,
	0x00000000, 0x00000000, 0x00000000, 0x00000000,
	0x00000000, 0x40000821, 0x0000029a, 0x01b7a000,
	0x00000000, 0x00000000, 0x00000000, 0x00000000,
	0x00000000, 0x40000821, 0x00000298, 0x01b8a000,
	0x00000000, 0x00000000, 0x00000000, 0x00000000,
	0x00000000, 0x40000821, 0x00000296, 0x01b9a000,
	0x00000000, 0x00000000, 0x00000000, 0x00000000,
	0x00000000, 0x40000821, 0x00000294, 0x01baa000,
	0x00000000, 0x00000000, 0x00000000, 0x00000000,
	0x00000000, 0x40000821, 0x00000292, 0x01bba000,
	0x00000000, 0x00000000, 0x00000000, 0x00000000,
	0x00000000, 0x40000821, 0x00000290, 0x01bca000,
	0x00000000, 0x00000000, 0x00000000, 0x00000000,
	0x00000000, 0x40000821, 0x0000028e, 0x01bda000,
	0x00000000, 0x00000000, 0x00000000, 0x00000000,
	0x00000000, 0x40000821, 0x0000028c, 0x01bea000,
	0x00000000, 0x00000000, 0x00000000, 0x00000000,
	0x00000000, 0x40000821, 0x0000028a, 0x01bfa000,
	0x00000000, 0x00000000, 0x00000000, 0x00000000,
	0x00000000, 0x40000821, 0x00000288, 0x01c0a000,
	0x00000000, 0x00000000, 0x00000000, 0x00000000,
	0x00000000, 0x40000821, 0x00000286, 0x01c1a000,
	0x00000000, 0x00000000, 0x00000000, 0x00000000,
	0x00000000, 0x40000821, 0x00000284, 0x01c2a000,
	0x00000000, 0x00000000, 0x00000000, 0x00000000,
	0x00000000, 0x40000821, 0x00000282, 0x01c3a000,
	0x00000000, 0x00000000, 0x00000000, 0x00000000,
	0x00000000, 0x40000821, 0x00000280, 0x01c4a000,
	0x00000000, 0x00000000, 0x00000000, 0x00000000,
	0x00000000, 0x40000821, 0x0000027e, 0x01c5a000,
	0x00000000, 0x00000000, 0x00000000, 0x00000000,
	0x00000000, 0x40000821, 0x0000027c, 0x01c6a000,
	0x00000000, 0x00000000, 0x00000000, 0x00000000,
	0x00000000, 0x40000821, 0x0000027a, 0x01c7a000,
	0x00000000, 0x00000000, 0x00000000, 0x00000000,
	0x00000000, 0x40000821, 0x00000278, 0x01c8a000,
	0x00000000, 0x00000000, 0x00000000, 0x00000000,
	0x00000000, 0x40000821, 0x00000276, 0x01c9a000,
	0x00000000, 0x00000000, 0x00000000, 0x00000000,
	0x00000000, 0x40000821, 0x00000274, 0x01caa000,
	0x00000000, 0x00000000, 0x00000000, 0x00000000,
	0x00000000, 0x40000821, 0x00000272, 0x01cba000,
	0x00000000, 0x00000000, 0x00000000, 0x00000000,
	0x00000000, 0x40000821, 0x00000270, 0x01cca000,
	0x00000000, 0x00000000, 0x00000000, 0x00000000,
	0x00000000, 0x40000821, 0x0000026e, 0x01cda000,
	0x00000000, 0x00000000, 0x00000000, 0x00000000,
	0x00000000, 0x40000821, 0x0000026c, 0x01cea000,
	0x00000000, 0x00000000, 0x00000000, 0x00000000,
	0x00000000, 0x40000821, 0x0000026a, 0x01cfa000,
	0x00000000, 0x00000000, 0x00000000, 0x00000000,
	0x00000000, 0x40000821, 0x00000268, 0x01d0a000,
	0x00000000, 0x00000000, 0x00000000, 0x00000000,
	0x00000000, 0x40000821, 0x00000266, 0x01d1a000,
	0x00000000, 0x00000000, 0x00000000, 0x00000000,
	0x00000000, 0x40000821, 0x00000264, 0x01d2a000,
	0x00000000, 0x00000000, 0x00000000, 0x00000000,
	0x00000000, 0x40000821, 0x00000262, 0x01d3a000,
	0x00000000, 0x00000000, 0x00000000, 0x00000000,
	0x00000000, 0x40000821, 0x00000260, 0x01d4a000,
	0x00000000, 0x00000000, 0x00000000, 0x00000000,
	0x00000000, 0x40000821, 0x0000025e, 0x01d5a000,
	0x00000000, 0x00000000, 0x00000000, 0x00000000,
	0x00000000, 0x40000821, 0x0000025c, 0x01d6a000,
	0x00000000, 0x00000000, 0x00000000, 0x00000000,
	0x00000000, 0x40000821, 0x0000025a, 0x01d7a000,
	0x00000000, 0x00000000, 0x00000000, 0x00000000,
	0x00000000, 0x40000821, 0x00000258, 0x01d8a000,
	0x00000000, 0x00000000, 0x00000000, 0x00000000,
	0x00000000, 0x40000821, 0x00000256, 0x01d9a000,
	0x00000000, 0x00000000, 0x00000000, 0x00000000,
	0x00000000, 0x40000821, 0x00000254, 0x01daa000,
	0x00000000, 0x00000000, 0x00000000, 0x00000000,
	0x00000000, 0x40000821, 0x00000252, 0x01dba000,
	0x00000000, 0x00000000, 0x00000000, 0x00000000,
	0x00000000, 0x40000821, 0x00000250, 0x01dca000,
	0x00000000, 0x00000000, 0x00000000, 0x00000000,
	0x00000000, 0x40000821, 0x0000024e, 0x01dda000,
	0x00000000, 0x00000000, 0x00000000, 0x00000000,
	0x00000000, 0x40000821, 0x0000024c, 0x01dea000,
	0x00000000, 0x00000000, 0x00000000, 0x00000000,
	0x00000000, 0x40000821, 0x0000024a, 0x01dfa000,
	0x00000000, 0x00000000, 0x00000000, 0x00000000,
	0x00000000, 0x40000821, 0x00000248, 0x01e0a000,
	0x00000000, 0x00000000, 0x00000000, 0x00000000,
	0x00000000, 0x40000821, 0x00000246, 0x01e1a000,
	0x00000000, 0x00000000, 0x00000000, 0x00000000,
	0x00000000, 0x40000821, 0x00000244, 0x01e2a000,
	0x00000000, 0x00000000, 0x00000000, 0x00000000,
	0x00000000, 0x40000821, 0x00000242, 0x01e3a000,
	0x00000000, 0x00000000, 0x00000000, 0x00000000,
	0x00000000, 0x40000821, 0x00000240, 0x01e4a000,
	0x00000000, 0x00000000, 0x00000000, 0x00000000,
	0x00000000, 0x40000821, 0x0000023e, 0x01e5a000,
	0x00000000, 0x00000000, 0x00000000, 0x00000000,
	0x00000000, 0x40000821, 0x0000023c, 0x01e6a000,
	0x00000000, 0x00000000, 0x00000000, 0x00000000,
	0x00000000, 0x40000821, 0x0000023a, 0x01e7a000,
	0x00000000, 0x00000000, 0x00000000, 0x00000000,
	0x00000000, 0x40000821, 0x00000238, 0x01e8a000,
	0x00000000, 0x00000000, 0x00000000, 0x00000000,
	0x00000000, 0x40000821, 0x00000236, 0x01e9a000,
	0x00000000, 0x00000000, 0x00000000, 0x00000000,
	0x00000000, 0x40000821, 0x00000234, 0x01eaa000,
	0x00000000, 0x00000000, 0x00000000, 0x00000000,
	0x00000000, 0x40000821, 0x00000232, 0x01eba000,
	0x00000000, 0x00000000, 0x00000000, 0x00000000,
	0x00000000, 0x40000821, 0x00000230, 0x01eca000,
	0x00000000, 0x00000000, 0x00000000, 0x00000000,
	0x00000000, 0x40000821, 0x0000022e, 0x01eda000,
	0x00000000, 0x00000000, 0x00000000, 0x00000000,
	0x00000000, 0x40000821, 0x0000022c, 0x01eea000,
	0x00000000, 0x00000000, 0x00000000, 0x00000000,
	0x00000000, 0x40000821, 0x0000022a, 0x01efa000,
	0x00000000, 0x00000000, 0x00000000, 0x00000000,
	0x00000000, 0x40000821, 0x00000228, 0x01f0a000,
	0x00000000, 0x00000000, 0x00000000, 0x00000000,
	0x00000000, 0x40000821, 0x00000226, 0x01f1a000,
	0x00000000, 0x00000000, 0x00000000, 0x00000000,
	0x00000000, 0x40000821, 0x00000224, 0x01f2a000,
	0x00000000, 0x00000000, 0x00000000, 0x00000000,
	0x00000000, 0x40000821, 0x00000222, 0x01f3a000,
	0x00000000, 0x00000000, 0x00000000, 0x00000000,
	0x00000000, 0x40000821, 0x00000220, 0x01f4a000,
	0x00000000, 0x00000000, 0x00000000, 0x00000000,
	0x00000000, 0x40000821, 0x0000021e, 0x01f5a000,
	0x00000000, 0x00000000, 0x00000000, 0x00000000,
	0x00000000, 0x40000821, 0x0000021c, 0x01f6a000,
	0x00000000, 0x00000000, 0x00000000, 0x00000000,
	0x00000000, 0x40000821, 0x0000021a, 0x01f7a000,
	0x00000000, 0x00000000, 0x00000000, 0x00000000,
	0x00000000, 0x40000821, 0x00000218, 0x01f8a000,
	0x00000000, 0x00000000, 0x00000000, 0x00000000,
	0x00000000, 0x40000821, 0x00000216, 0x01f9a000,
	0x00000000, 0x00000000, 0x00000000, 0x00000000,
	0x00000000, 0x40000821, 0x00000214, 0x01faa000,
	0x00000000, 0x00000000, 0x00000000, 0x00000000,
	0x00000000, 0x40000821, 0x00000212, 0x01fba000,
	0x00000000, 0x00000000, 0x00000000, 0x00000000,
	0x00000000, 0x40000821, 0x00000210, 0x01fca000,
	0x00000000, 0x00000000, 0x00000000, 0x00000000,
	0x00000000, 0x40000821, 0x0000020e, 0x01fda000,
	0x00000000, 0x00000000, 0x00000000, 0x00000000,
	0x00000000, 0x40000821, 0x0000020c, 0x01fea000,
	0x00000000, 0x00000000, 0x00000000, 0x00000000,
	0x00000000, 0x40000821, 0x0000020a, 0x01ffa000,
	0x00000000, 0x00000000, 0x00000000, 0x00000000,
};

uint32_t idk_ut_5005_mix_ipt_sdr_g_lut[] = {
	0x00000511, 0x87ff803e, 0x01ffe40f, 0x0000b000,
	0x00000000, 0x00000000, 0x00000000, 0x00000000,
	0x0000105e, 0x87f9803e, 0x01fe640d, 0x0001b000,
	0x00000000, 0x00000000, 0x00000000, 0x00000000,
	0x000023e7, 0x87f4003e, 0x01fd040b, 0x0002b000,
	0x00000000, 0x00000000, 0x00000000, 0x00000000,
	0x000040c1, 0x87ee003e, 0x01fb8409, 0x0003b000,
	0x00000000, 0x00000000, 0x00000000, 0x00000000,
	0x000067e2, 0x87e8003e, 0x01fa0407, 0x0004b000,
	0x00000000, 0x00000000, 0x00000000, 0x00000000,
	0x00009a61, 0x87e2803e, 0x01f8a405, 0x0005b000,
	0x00000000, 0x00000000, 0x00000000, 0x00000000,
	0x0000d862, 0x87dc803e, 0x01f72403, 0x0006b000,
	0x00000000, 0x00000000, 0x00000000, 0x00000000,
	0x0001233e, 0x87d6803e, 0x01f5a401, 0x0007b000,
	0x00000000, 0x00000000, 0x00000000, 0x00000000,
	0x00017cb2, 0xc7d0803f, 0x01f423ff, 0x0008b000,
	0x00000000, 0x00000000, 0x00000000, 0x00000000,
	0x0001e231, 0x47cb0041, 0x01f2c3fe, 0x0009b000,
	0x00000000, 0x00000000, 0x00000000, 0x00000000,
	0x000257d8, 0x07c50044, 0x01f143fd, 0x000ab000,
	0x00000000, 0x00000000, 0x00000000, 0x00000000,
	0x0002db3d, 0xc7bf0047, 0x01efc3fb, 0x000bb000,
	0x00000000, 0x00000000, 0x00000000, 0x00000000,
	0x00036f76, 0xc7b9804b, 0x01ee63fa, 0x000cb000,
	0x00000000, 0x00000000, 0x00000000, 0x00000000,
	0x00040edc, 0xc7b3804f, 0x01ece3f9, 0x000db000,
	0x00000000, 0x00000000, 0x00000000, 0x00000000,
	0x0004c2df, 0xc7ad8053, 0x01eb63f8, 0x000eb000,
	0x00000000, 0x00000000, 0x00000000, 0x00000000,
	0x00058942, 0x07a80058, 0x01ea03f8, 0x000fb000,
	0x00000000, 0x00000000, 0x00000000, 0x00000000,
	0x00065d81, 0x07a2005c, 0x01e883f7, 0x0010b000,
	0x00000000, 0x00000000, 0x00000000, 0x00000000,
	0x000744ef, 0x479c0061, 0x01e703f6, 0x0011b000,
	0x00000000, 0x00000000, 0x00000000, 0x00000000,
	0x00083eea, 0xc7960067, 0x01e583f5, 0x0012b000,
	0x00000000, 0x00000000, 0x00000000, 0x00000000,
	0x00094fbf, 0x0790806c, 0x01e423f5, 0x0013b000,
	0x00000000, 0x00000000, 0x00000000, 0x00000000,
	0x000a65b0, 0x478a8071, 0x01e2a3f4, 0x0014b000,
	0x00000000, 0x00000000, 0x00000000, 0x00000000,
	0x000b9c0b, 0xc7848077, 0x01e123f3, 0x0015b000,
	0x00000000, 0x00000000, 0x00000000, 0x00000000,
	0x000ce043, 0x477f007d, 0x01dfc3f3, 0x0016b000,
	0x00000000, 0x00000000, 0x00000000, 0x00000000,
	0x000e3f9a, 0xc7790083, 0x01de43f2, 0x0017b000,
	0x00000000, 0x00000000, 0x00000000, 0x00000000,
	0x000fa940, 0x07730088, 0x01dcc3f2, 0x0018b000,
	0x00000000, 0x00000000, 0x00000000, 0x00000000,
	0x00112cda, 0x876d808e, 0x01db63f1, 0x0019b000,
	0x00000000, 0x00000000, 0x00000000, 0x00000000,
	0x0012cb17, 0x07678094, 0x01d9e3f1, 0x001ab000,
	0x00000000, 0x00000000, 0x00000000, 0x00000000,
	0x00146ce8, 0x8761809a, 0x01d863f0, 0x001bb000,
	0x00000000, 0x00000000, 0x00000000, 0x00000000,
	0x00163304, 0x475c00a1, 0x01d703f0, 0x001cb000,
	0x00000000, 0x00000000, 0x00000000, 0x00000000,
	0x001812ae, 0xc75600a7, 0x01d583ef, 0x001db000,
	0x00000000, 0x00000000, 0x00000000, 0x00000000,
	0x0019fcd0, 0x475000ad, 0x01d403ef, 0x001eb000,
	0x00000000, 0x00000000, 0x00000000, 0x00000000,
	0x001bfdcb, 0xc74a00b3, 0x01d283ee, 0x001fb000,
	0x00000000, 0x00000000, 0x00000000, 0x00000000,
	0x001e2650, 0x874480ba, 0x01d123ee, 0x0020b000,
	0x00000000, 0x00000000, 0x00000000, 0x00000000,
	0x00205418, 0x073e80c0, 0x01cfa3ee, 0x0021b000,
	0x00000000, 0x00000000, 0x00000000, 0x00000000,
	0x0022963b, 0x873880c6, 0x01ce23ed, 0x0022b000,
	0x00000000, 0x00000000, 0x00000000, 0x00000000,
	0x002500bf, 0x473300cd, 0x01ccc3ed, 0x0023b000,
	0x00000000, 0x00000000, 0x00000000, 0x00000000,
	0x002768f3, 0xc72d00d3, 0x01cb43ec, 0x0024b000,
	0x00000000, 0x00000000, 0x00000000, 0x00000000,
	0x0029f924, 0x472700d9, 0x01c9c3ec, 0x0025b000,
	0x00000000, 0x00000000, 0x00000000, 0x00000000,
	0x002c9a69, 0x072180e0, 0x01c863ec, 0x0026b000,
	0x00000000, 0x00000000, 0x00000000, 0x00000000,
	0x002f6604, 0x871b80e6, 0x01c6e3eb, 0x0027b000,
	0x00000000, 0x00000000, 0x00000000, 0x00000000,
	0x00324142, 0x471580ed, 0x01c563eb, 0x0028b000,
	0x00000000, 0x00000000, 0x00000000, 0x00000000,
	0x003529f7, 0x070f80f4, 0x01c3e3eb, 0x0029b000,
	0x00000000, 0x00000000, 0x00000000, 0x00000000,
	0x00381d43, 0x870a00fa, 0x01c283ea, 0x002ab000,
	0x00000000, 0x00000000, 0x00000000, 0x00000000,
	0x003b3aa6, 0x47040101, 0x01c103ea, 0x002bb000,
	0x00000000, 0x00000000, 0x00000000, 0x00000000,
	0x003e844c, 0xc6fe0107, 0x01bf83e9, 0x002cb000,
	0x00000000, 0x00000000, 0x00000000, 0x00000000,
	0x0041fc9c, 0x86f8810e, 0x01be23e9, 0x002db000,
	0x00000000, 0x00000000, 0x00000000, 0x00000000,
	0x00455622, 0x46f28115, 0x01bca3e9, 0x002eb000,
	0x00000000, 0x00000000, 0x00000000, 0x00000000,
	0x0048db32, 0xc6ec811b, 0x01bb23e8, 0x002fb000,
	0x00000000, 0x00000000, 0x00000000, 0x00000000,
	0x004c8e33, 0x86e70122, 0x01b9c3e8, 0x0030b000,
	0x00000000, 0x00000000, 0x00000000, 0x00000000,
	0x005042a5, 0x46e10129, 0x01b843e8, 0x0031b000,
	0x00000000, 0x00000000, 0x00000000, 0x00000000,
	0x00542547, 0x06db0130, 0x01b6c3e8, 0x0032b000,
	0x00000000, 0x00000000, 0x00000000, 0x00000000,
	0x005837c7, 0x86d58136, 0x01b563e7, 0x0033b000,
	0x00000000, 0x00000000, 0x00000000, 0x00000000,
	0x005c47a1, 0x46cf813d, 0x01b3e3e7, 0x0034b000,
	0x00000000, 0x00000000, 0x00000000, 0x00000000,
	0x00608759, 0x06c98144, 0x01b263e7, 0x0035b000,
	0x00000000, 0x00000000, 0x00000000, 0x00000000,
	0x0064bf21, 0xc6c3814b, 0x01b0e3e6, 0x0036b000,
	0x00000000, 0x00000000, 0x00000000, 0x00000000,
	0x0069260f, 0x86be0152, 0x01af83e6, 0x0037b000,
	0x00000000, 0x00000000, 0x00000000, 0x00000000,
	0x006dbe4c, 0x06b80158, 0x01ae03e6, 0x0038b000,
	0x00000000, 0x00000000, 0x00000000, 0x00000000,
	0x007247dd, 0xc6b2015f, 0x01ac83e5, 0x0039b000,
	0x00000000, 0x00000000, 0x00000000, 0x00000000,
	0x00774617, 0x86ac8166, 0x01ab23e5, 0x003ab000,
	0x00000000, 0x00000000, 0x00000000, 0x00000000,
	0x007bed00, 0x46a6816d, 0x01a9a3e5, 0x003bb000,
	0x00000000, 0x00000000, 0x00000000, 0x00000000,
	0x0080c293, 0x06a08174, 0x01a823e5, 0x003cb000,
	0x00000000, 0x00000000, 0x00000000, 0x00000000,
	0x00861579, 0xc69b017b, 0x01a6c3e4, 0x003db000,
	0x00000000, 0x00000000, 0x00000000, 0x00000000,
	0x008b5051, 0x86950182, 0x01a543e4, 0x003eb000,
	0x00000000, 0x00000000, 0x00000000, 0x00000000,
	0x00906c21, 0x468f0189, 0x01a3c3e4, 0x003fb000,
	0x00000000, 0x00000000, 0x00000000, 0x00000000,
	0x00960e2a, 0x06890190, 0x01a243e4, 0x0040b000,
	0x00000000, 0x00000000, 0x00000000, 0x00000000,
	0x009b8ec4, 0xc6838197, 0x01a0e3e3, 0x0041b000,
	0x00000000, 0x00000000, 0x00000000, 0x00000000,
	0x00a14314, 0x467d819d, 0x019f63e3, 0x0042b000,
	0x00000000, 0x00000000, 0x00000000, 0x00000000,
	0x00a72ccc, 0x067781a4, 0x019de3e3, 0x0043b000,
	0x00000000, 0x00000000, 0x00000000, 0x00000000,
	0x00acea7e, 0xc67201ab, 0x019c83e2, 0x0044b000,
	0x00000000, 0x00000000, 0x00000000, 0x00000000,
	0x00b2da76, 0x866c01b2, 0x019b03e2, 0x0045b000,
	0x00000000, 0x00000000, 0x00000000, 0x00000000,
	0x00b8fede, 0x466601b9, 0x019983e2, 0x0046b000,
	0x00000000, 0x00000000, 0x00000000, 0x00000000,
	0x00bf58ea, 0x066081c0, 0x019823e2, 0x0047b000,
	0x00000000, 0x00000000, 0x00000000, 0x00000000,
	0x00c5eb02, 0x065a81c8, 0x0196a3e2, 0x0048b000,
	0x00000000, 0x00000000, 0x00000000, 0x00000000,
	0x00cc4135, 0xc65481cf, 0x019523e1, 0x0049b000,
	0x00000000, 0x00000000, 0x00000000, 0x00000000,
	0x00d2cb1f, 0x864f01d6, 0x0193c3e1, 0x004ab000,
	0x00000000, 0x00000000, 0x00000000, 0x00000000,
	0x00d98aad, 0x464901dd, 0x019243e1, 0x004bb000,
	0x00000000, 0x00000000, 0x00000000, 0x00000000,
	0x00e08151, 0x064301e4, 0x0190c3e1, 0x004cb000,
	0x00000000, 0x00000000, 0x00000000, 0x00000000,
	0x00e7b171, 0xc63d01eb, 0x018f43e0, 0x004db000,
	0x00000000, 0x00000000, 0x00000000, 0x00000000,
	0x00ef1c43, 0x863781f2, 0x018de3e0, 0x004eb000,
	0x00000000, 0x00000000, 0x00000000, 0x00000000,
	0x00f635c7, 0x463181f9, 0x018c63e0, 0x004fb000,
	0x00000000, 0x00000000, 0x00000000, 0x00000000,
	0x00fd852d, 0x062b8200, 0x018ae3e0, 0x0050b000,
	0x00000000, 0x00000000, 0x00000000, 0x00000000,
	0x01050c61, 0xc6260207, 0x018983df, 0x0051b000,
	0x00000000, 0x00000000, 0x00000000, 0x00000000,
	0x010ccc97, 0x8620020e, 0x018803df, 0x0052b000,
	0x00000000, 0x00000000, 0x00000000, 0x00000000,
	0x011428bd, 0x461a0215, 0x018683df, 0x0053b000,
	0x00000000, 0x00000000, 0x00000000, 0x00000000,
	0x011c5bed, 0x4614821d, 0x018523df, 0x0054b000,
	0x00000000, 0x00000000, 0x00000000, 0x00000000,
	0x0124cd6a, 0x060e8224, 0x0183a3df, 0x0055b000,
	0x00000000, 0x00000000, 0x00000000, 0x00000000,
	0x012cd175, 0xc608822b, 0x018223de, 0x0056b000,
	0x00000000, 0x00000000, 0x00000000, 0x00000000,
	0x01350dc9, 0x86030232, 0x0180c3de, 0x0057b000,
	0x00000000, 0x00000000, 0x00000000, 0x00000000,
	0x013d83d8, 0x45fd0239, 0x017f43de, 0x0058b000,
	0x00000000, 0x00000000, 0x00000000, 0x00000000,
	0x01463551, 0x05f70240, 0x017dc3de, 0x0059b000,
	0x00000000, 0x00000000, 0x00000000, 0x00000000,
	0x014e62bb, 0xc5f10247, 0x017c43dd, 0x005ab000,
	0x00000000, 0x00000000, 0x00000000, 0x00000000,
	0x01578a4f, 0xc5eb824f, 0x017ae3dd, 0x005bb000,
	0x00000000, 0x00000000, 0x00000000, 0x00000000,
	0x01602718, 0x85e58256, 0x017963dd, 0x005cb000,
	0x00000000, 0x00000000, 0x00000000, 0x00000000,
	0x0169cb08, 0x45df825d, 0x0177e3dd, 0x005db000,
	0x00000000, 0x00000000, 0x00000000, 0x00000000,
	0x0172dcf5, 0x05da0264, 0x017683dd, 0x005eb000,
	0x00000000, 0x00000000, 0x00000000, 0x00000000,
	0x017c28db, 0xc5d4026b, 0x017503dc, 0x005fb000,
	0x00000000, 0x00000000, 0x00000000, 0x00000000,
	0x0185b0a6, 0x85ce0272, 0x017383dc, 0x0060b000,
	0x00000000, 0x00000000, 0x00000000, 0x00000000,
	0x018e8f1a, 0x85c8827a, 0x017223dc, 0x0061b000,
	0x00000000, 0x00000000, 0x00000000, 0x00000000,
	0x0197a1c1, 0x45c28281, 0x0170a3dc, 0x0062b000,
	0x00000000, 0x00000000, 0x00000000, 0x00000000,
	0x01a1dad3, 0x05bc8288, 0x016f23dc, 0x0063b000,
	0x00000000, 0x00000000, 0x00000000, 0x00000000,
	0x01ac5365, 0xc5b6828f, 0x016da3db, 0x0064b000,
	0x00000000, 0x00000000, 0x00000000, 0x00000000,
	0x01b6133c, 0x85b10296, 0x016c43db, 0x0065b000,
	0x00000000, 0x00000000, 0x00000000, 0x00000000,
	0x01c10ea9, 0x85ab029e, 0x016ac3db, 0x0066b000,
	0x00000000, 0x00000000, 0x00000000, 0x00000000,
	0x01cb47bb, 0x45a502a5, 0x016943db, 0x0067b000,
	0x00000000, 0x00000000, 0x00000000, 0x00000000,
	0x01d5bc74, 0x059f82ac, 0x0167e3db, 0x0068b000,
	0x00000000, 0x00000000, 0x00000000, 0x00000000,
	0x01e06cd5, 0xc59982b3, 0x016663da, 0x0069b000,
	0x00000000, 0x00000000, 0x00000000, 0x00000000,
	0x01eb5cb7, 0x859382ba, 0x0164e3da, 0x006ab000,
	0x00000000, 0x00000000, 0x00000000, 0x00000000,
	0x01f68c19, 0x858e02c2, 0x016383da, 0x006bb000,
	0x00000000, 0x00000000, 0x00000000, 0x00000000,
	0x0201fce8, 0x458802c9, 0x016203da, 0x006cb000,
	0x00000000, 0x00000000, 0x00000000, 0x00000000,
	0x020db111, 0x058202d0, 0x016083da, 0x006db000,
	0x00000000, 0x00000000, 0x00000000, 0x00000000,
	0x021872c3, 0xc57c82d7, 0x015f23d9, 0x006eb000,
	0x00000000, 0x00000000, 0x00000000, 0x00000000,
	0x0224a7da, 0x857682de, 0x015da3d9, 0x006fb000,
	0x00000000, 0x00000000, 0x00000000, 0x00000000,
	0x022fe2c8, 0x857082e6, 0x015c23d9, 0x0070b000,
	0x00000000, 0x00000000, 0x00000000, 0x00000000,
	0x023b5771, 0x456a82ed, 0x015aa3d9, 0x0071b000,
	0x00000000, 0x00000000, 0x00000000, 0x00000000,
	0x02485882, 0x056502f4, 0x015943d9, 0x0072b000,
	0x00000000, 0x00000000, 0x00000000, 0x00000000,
	0x02544e18, 0xc55f02fb, 0x0157c3d8, 0x0073b000,
	0x00000000, 0x00000000, 0x00000000, 0x00000000,
	0x0260832f, 0x85590302, 0x015643d8, 0x0074b000,
	0x00000000, 0x00000000, 0x00000000, 0x00000000,
	0x026cf5da, 0x8553830a, 0x0154e3d8, 0x0075b000,
	0x00000000, 0x00000000, 0x00000000, 0x00000000,
	0x0279abdf, 0x454d8311, 0x015363d8, 0x0076b000,
	0x00000000, 0x00000000, 0x00000000, 0x00000000,
	0x0286a351, 0x05478318, 0x0151e3d8, 0x0077b000,
	0x00000000, 0x00000000, 0x00000000, 0x00000000,
	0x0293de1d, 0xc542031f, 0x015083d7, 0x0078b000,
	0x00000000, 0x00000000, 0x00000000, 0x00000000,
	0x029fdb66, 0x853c0326, 0x014f03d7, 0x0079b000,
	0x00000000, 0x00000000, 0x00000000, 0x00000000,
	0x02ad9af9, 0x4536032d, 0x014d83d7, 0x007ab000,
	0x00000000, 0x00000000, 0x00000000, 0x00000000,
	0x02bba3ac, 0x45300335, 0x014c03d7, 0x007bb000,
	0x00000000, 0x00000000, 0x00000000, 0x00000000,
	0x02c859b1, 0x052a833c, 0x014aa3d7, 0x007cb000,
	0x00000000, 0x00000000, 0x00000000, 0x00000000,
	0x02d6ecf1, 0xc5248343, 0x014923d6, 0x007db000,
	0x00000000, 0x00000000, 0x00000000, 0x00000000,
	0x02e421f7, 0x851e834a, 0x0147a3d6, 0x007eb000,
	0x00000000, 0x00000000, 0x00000000, 0x00000000,
	0x02f19491, 0x45190351, 0x014643d6, 0x007fb000,
	0x00000000, 0x00000000, 0x00000000, 0x00000000,
	0x03010144, 0x45130359, 0x0144c3d6, 0x0080b000,
	0x00000000, 0x00000000, 0x00000000, 0x00000000,
	0x030efa91, 0x050d0360, 0x014343d6, 0x0081b000,
	0x00000000, 0x00000000, 0x00000000, 0x00000000,
	0x031d3360, 0xc5078367, 0x0141e3d5, 0x0082b000,
	0x00000000, 0x00000000, 0x00000000, 0x00000000,
	0x032baf88, 0x8501836e, 0x014063d5, 0x0083b000,
	0x00000000, 0x00000000, 0x00000000, 0x00000000,
	0x033a6f0b, 0x44fb8375, 0x013ee3d5, 0x0084b000,
	0x00000000, 0x00000000, 0x00000000, 0x00000000,
	0x034973d3, 0x04f6037c, 0x013d83d5, 0x0085b000,
	0x00000000, 0x00000000, 0x00000000, 0x00000000,
	0x0358bde3, 0xc4f00383, 0x013c03d4, 0x0086b000,
	0x00000000, 0x00000000, 0x00000000, 0x00000000,
	0x03684f25, 0x84ea038a, 0x013a83d4, 0x0087b000,
	0x00000000, 0x00000000, 0x00000000, 0x00000000,
	0x0378279a, 0x84e40392, 0x013903d4, 0x0088b000,
	0x00000000, 0x00000000, 0x00000000, 0x00000000,
	0x0386438c, 0x44de8399, 0x0137a3d4, 0x0089b000,
	0x00000000, 0x00000000, 0x00000000, 0x00000000,
	0x0396a87b, 0x04d883a0, 0x013623d4, 0x008ab000,
	0x00000000, 0x00000000, 0x00000000, 0x00000000,
	0x03a75876, 0xc4d283a7, 0x0134a3d3, 0x008bb000,
	0x00000000, 0x00000000, 0x00000000, 0x00000000,
	0x03b85757, 0x84cd03ae, 0x013343d3, 0x008cb000,
	0x00000000, 0x00000000, 0x00000000, 0x00000000,
	0x03c77711, 0x44c703b5, 0x0131c3d3, 0x008db000,
	0x00000000, 0x00000000, 0x00000000, 0x00000000,
	0x03d90c0b, 0x04c103bc, 0x013043d3, 0x008eb000,
	0x00000000, 0x00000000, 0x00000000, 0x00000000,
	0x03e8b08b, 0xc4bb83c3, 0x012ee3d2, 0x008fb000,
	0x00000000, 0x00000000, 0x00000000, 0x00000000,
	0x03f8948d, 0x84b583ca, 0x012d63d2, 0x0090b000,
	0x00000000, 0x00000000, 0x00000000, 0x00000000,
	0x0408b9fb, 0x44af83d1, 0x012be3d2, 0x0091b000,
	0x00000000, 0x00000000, 0x00000000, 0x00000000,
	0x04191eea, 0x04a983d8, 0x012a63d2, 0x0092b000,
	0x00000000, 0x00000000, 0x00000000, 0x00000000,
	0x042c2efb, 0xc4a403df, 0x012903d1, 0x0093b000,
	0x00000000, 0x00000000, 0x00000000, 0x00000000,
	0x043d262a, 0x849e03e6, 0x012783d1, 0x0094b000,
	0x00000000, 0x00000000, 0x00000000, 0x00000000,
	0x044e60b2, 0x449803ed, 0x012603d1, 0x0095b000,
	0x00000000, 0x00000000, 0x00000000, 0x00000000,
	0x045fe26e, 0x049283f4, 0x0124a3d1, 0x0096b000,
	0x00000000, 0x00000000, 0x00000000, 0x00000000,
	0x0471ab5d, 0xc48c83fb, 0x012323d0, 0x0097b000,
	0x00000000, 0x00000000, 0x00000000, 0x00000000,
	0x0483bd6b, 0x84868402, 0x0121a3d0, 0x0098b000,
	0x00000000, 0x00000000, 0x00000000, 0x00000000,
	0x049616ad, 0x44810409, 0x012043d0, 0x0099b000,
	0x00000000, 0x00000000, 0x00000000, 0x00000000,
	0x04a8bce7, 0x047b0410, 0x011ec3d0, 0x009ab000,
	0x00000000, 0x00000000, 0x00000000, 0x00000000,
	0x04bbae2e, 0xc4750417, 0x011d43cf, 0x009bb000,
	0x00000000, 0x00000000, 0x00000000, 0x00000000,
	0x04ceec6e, 0x846f841e, 0x011be3cf, 0x009cb000,
	0x00000000, 0x00000000, 0x00000000, 0x00000000,
	0x04dfa7f6, 0x44698425, 0x011a63cf, 0x009db000,
	0x00000000, 0x00000000, 0x00000000, 0x00000000,
	0x04f37875, 0x0463842c, 0x0118e3cf, 0x009eb000,
	0x00000000, 0x00000000, 0x00000000, 0x00000000,
	0x050799c7, 0xc45d8433, 0x011763ce, 0x009fb000,
	0x00000000, 0x00000000, 0x00000000, 0x00000000,
	0x051c0beb, 0x8458043a, 0x011603ce, 0x00a0b000,
	0x00000000, 0x00000000, 0x00000000, 0x00000000,
	0x052dd4da, 0x44520441, 0x011483ce, 0x00a1b000,
	0x00000000, 0x00000000, 0x00000000, 0x00000000,
	0x0542e2dc, 0xc44c0447, 0x011303cd, 0x00a2b000,
	0x00000000, 0x00000000, 0x00000000, 0x00000000,
	0x0555327f, 0x8446844e, 0x0111a3cd, 0x00a3b000,
	0x00000000, 0x00000000, 0x00000000, 0x00000000,
	0x0567c38f, 0x44408455, 0x011023cd, 0x00a4b000,
	0x00000000, 0x00000000, 0x00000000, 0x00000000,
	0x057dbc55, 0x043a845c, 0x010ea3cd, 0x00a5b000,
	0x00000000, 0x00000000, 0x00000000, 0x00000000,
	0x05940f8e, 0xc4350463, 0x010d43cc, 0x00a6b000,
	0x00000000, 0x00000000, 0x00000000, 0x00000000,
	0x05a77a10, 0x842f046a, 0x010bc3cc, 0x00a7b000,
	0x00000000, 0x00000000, 0x00000000, 0x00000000,
	0x05bb27ec, 0x04290470, 0x010a43cc, 0x00a8b000,
	0x00000000, 0x00000000, 0x00000000, 0x00000000,
	0x05cf1b0f, 0xc4230477, 0x0108c3cb, 0x00a9b000,
	0x00000000, 0x00000000, 0x00000000, 0x00000000,
	0x05e35378, 0x841d847e, 0x010763cb, 0x00aab000,
	0x00000000, 0x00000000, 0x00000000, 0x00000000,
	0x05fb427e, 0x44178485, 0x0105e3cb, 0x00abb000,
	0x00000000, 0x00000000, 0x00000000, 0x00000000,
	0x061014da, 0xc411848b, 0x010463ca, 0x00acb000,
	0x00000000, 0x00000000, 0x00000000, 0x00000000,
	0x06252e68, 0x840c0492, 0x010303ca, 0x00adb000,
	0x00000000, 0x00000000, 0x00000000, 0x00000000,
	0x063a9303, 0x44060499, 0x010183ca, 0x00aeb000,
	0x00000000, 0x00000000, 0x00000000, 0x00000000,
	0x065040bd, 0xc400049f, 0x010003c9, 0x00afb000,
	0x00000000, 0x00000000, 0x00000000, 0x00000000,
	0x06663b71, 0x83fa84a6, 0x00fea3c9, 0x00b0b000,
	0x00000000, 0x00000000, 0x00000000, 0x00000000,
	0x067c8131, 0x43f484ad, 0x00fd23c9, 0x00b1b000,
	0x00000000, 0x00000000, 0x00000000, 0x00000000,
	0x069313e9, 0xc3ee84b3, 0x00fba3c8, 0x00b2b000,
	0x00000000, 0x00000000, 0x00000000, 0x00000000,
	0x06a9f775, 0x83e904ba, 0x00fa43c8, 0x00b3b000,
	0x00000000, 0x00000000, 0x00000000, 0x00000000,
	0x06c129e5, 0x03e304c0, 0x00f8c3c8, 0x00b4b000,
	0x00000000, 0x00000000, 0x00000000, 0x00000000,
	0x06d8ab3c, 0xc3dd04c7, 0x00f743c7, 0x00b5b000,
	0x00000000, 0x00000000, 0x00000000, 0x00000000,
	0x06f07f51, 0x83d704ce, 0x00f5c3c7, 0x00b6b000,
	0x00000000, 0x00000000, 0x00000000, 0x00000000,
	0x07049add, 0x03d184d4, 0x00f463c7, 0x00b7b000,
	0x00000000, 0x00000000, 0x00000000, 0x00000000,
	0x071d08e4, 0xc3cb84db, 0x00f2e3c6, 0x00b8b000,
	0x00000000, 0x00000000, 0x00000000, 0x00000000,
	0x0735cb97, 0x43c584e1, 0x00f163c6, 0x00b9b000,
	0x00000000, 0x00000000, 0x00000000, 0x00000000,
	0x074ee2f5, 0x03c004e8, 0x00f003c6, 0x00bab000,
	0x00000000, 0x00000000, 0x00000000, 0x00000000,
	0x076854c5, 0x83ba04ee, 0x00ee83c5, 0x00bbb000,
	0x00000000, 0x00000000, 0x00000000, 0x00000000,
	0x077dcab1, 0x03b404f4, 0x00ed03c5, 0x00bcb000,
	0x00000000, 0x00000000, 0x00000000, 0x00000000,
	0x07937e31, 0xc3ae84fb, 0x00eba3c4, 0x00bdb000,
	0x00000000, 0x00000000, 0x00000000, 0x00000000,
	0x07addcb2, 0x43a88501, 0x00ea23c4, 0x00beb000,
	0x00000000, 0x00000000, 0x00000000, 0x00000000,
	0x07c89790, 0x03a28508, 0x00e8a3c4, 0x00bfb000,
	0x00000000, 0x00000000, 0x00000000, 0x00000000,
	0x07df2483, 0x839c850e, 0x00e723c3, 0x00c0b000,
	0x00000000, 0x00000000, 0x00000000, 0x00000000,
	0x07fa8aa6, 0x03970514, 0x00e5c3c3, 0x00c1b000,
	0x00000000, 0x00000000, 0x00000000, 0x00000000,
	0x0811a9d8, 0xc391051b, 0x00e443c2, 0x00c2b000,
	0x00000000, 0x00000000, 0x00000000, 0x00000000,
	0x08290a78, 0x438b0521, 0x00e2c3c2, 0x00c3b000,
	0x00000000, 0x00000000, 0x00000000, 0x00000000,
	0x08457089, 0xc3858527, 0x00e163c1, 0x00c4b000,
	0x00000000, 0x00000000, 0x00000000, 0x00000000,
	0x085d692e, 0x837f852e, 0x00dfe3c1, 0x00c5b000,
	0x00000000, 0x00000000, 0x00000000, 0x00000000,
	0x087a860f, 0x03798534, 0x00de63c1, 0x00c6b000,
	0x00000000, 0x00000000, 0x00000000, 0x00000000,
	0x089316b9, 0x8374053a, 0x00dd03c0, 0x00c7b000,
	0x00000000, 0x00000000, 0x00000000, 0x00000000,
	0x08abee97, 0x036e0540, 0x00db83c0, 0x00c8b000,
	0x00000000, 0x00000000, 0x00000000, 0x00000000,
	0x08ca1cb8, 0x83680546, 0x00da03bf, 0x00c9b000,
	0x00000000, 0x00000000, 0x00000000, 0x00000000,
	0x08e3944e, 0x4362854d, 0x00d8a3bf, 0x00cab000,
	0x00000000, 0x00000000, 0x00000000, 0x00000000,
	0x08fd5503, 0xc35c8553, 0x00d723be, 0x00cbb000,
	0x00000000, 0x00000000, 0x00000000, 0x00000000,
	0x091760c5, 0x43568559, 0x00d5a3be, 0x00ccb000,
	0x00000000, 0x00000000, 0x00000000, 0x00000000,
	0x09370624, 0xc350855f, 0x00d423bd, 0x00cdb000,
	0x00000000, 0x00000000, 0x00000000, 0x00000000,
	0x0951b950, 0x434b0565, 0x00d2c3bd, 0x00ceb000,
	0x00000000, 0x00000000, 0x00000000, 0x00000000,
	0x096cb975, 0xc345056b, 0x00d143bc, 0x00cfb000,
	0x00000000, 0x00000000, 0x00000000, 0x00000000,
	0x09880880, 0x433f0571, 0x00cfc3bc, 0x00d0b000,
	0x00000000, 0x00000000, 0x00000000, 0x00000000,
	0x09a3a483, 0xc3398577, 0x00ce63bb, 0x00d1b000,
	0x00000000, 0x00000000, 0x00000000, 0x00000000,
	0x09bf9346, 0x4333857d, 0x00cce3bb, 0x00d2b000,
	0x00000000, 0x00000000, 0x00000000, 0x00000000,
	0x09dbd0ee, 0xc32d8583, 0x00cb63ba, 0x00d3b000,
	0x00000000, 0x00000000, 0x00000000, 0x00000000,
	0x09f86155, 0x43280589, 0x00ca03ba, 0x00d4b000,
	0x00000000, 0x00000000, 0x00000000, 0x00000000,
	0x0a15447b, 0xc322058f, 0x00c883b9, 0x00d5b000,
	0x00000000, 0x00000000, 0x00000000, 0x00000000,
	0x0a327c4c, 0x431c0595, 0x00c703b9, 0x00d6b000,
	0x00000000, 0x00000000, 0x00000000, 0x00000000,
	0x0a5006dc, 0xc316859b, 0x00c5a3b8, 0x00d7b000,
	0x00000000, 0x00000000, 0x00000000, 0x00000000,
	0x0a6de805, 0x431085a1, 0x00c423b8, 0x00d8b000,
	0x00000000, 0x00000000, 0x00000000, 0x00000000,
	0x0a8c1fc5, 0x830a85a6, 0x00c2a3b7, 0x00d9b000,
	0x00000000, 0x00000000, 0x00000000, 0x00000000,
	0x0aaaae1e, 0x030485ac, 0x00c123b7, 0x00dab000,
	0x00000000, 0x00000000, 0x00000000, 0x00000000,
	0x0ac3616c, 0x82ff05b2, 0x00bfc3b6, 0x00dbb000,
	0x00000000, 0x00000000, 0x00000000, 0x00000000,
	0x0ae28f7c, 0x02f905b8, 0x00be43b6, 0x00dcb000,
	0x00000000, 0x00000000, 0x00000000, 0x00000000,
	0x0b0219eb, 0x42f305bd, 0x00bcc3b5, 0x00ddb000,
	0x00000000, 0x00000000, 0x00000000, 0x00000000,
	0x0b21feca, 0xc2ed85c3, 0x00bb63b4, 0x00deb000,
	0x00000000, 0x00000000, 0x00000000, 0x00000000,
	0x0b424008, 0x42e785c9, 0x00b9e3b4, 0x00dfb000,
	0x00000000, 0x00000000, 0x00000000, 0x00000000,
	0x0b5c5190, 0x82e185ce, 0x00b863b3, 0x00e0b000,
	0x00000000, 0x00000000, 0x00000000, 0x00000000,
	0x0b7d3c25, 0x02dc05d4, 0x00b703b3, 0x00e1b000,
	0x00000000, 0x00000000, 0x00000000, 0x00000000,
	0x0b9e8504, 0x82d605da, 0x00b583b2, 0x00e2b000,
	0x00000000, 0x00000000, 0x00000000, 0x00000000,
	0x0bc03008, 0xc2d005df, 0x00b403b1, 0x00e3b000,
	0x00000000, 0x00000000, 0x00000000, 0x00000000,
	0x0be23b42, 0x42ca05e5, 0x00b283b1, 0x00e4b000,
	0x00000000, 0x00000000, 0x00000000, 0x00000000,
	0x0bfdbe42, 0x82c485ea, 0x00b123b0, 0x00e5b000,
	0x00000000, 0x00000000, 0x00000000, 0x00000000,
	0x0c207c72, 0x02be85f0, 0x00afa3b0, 0x00e6b000,
	0x00000000, 0x00000000, 0x00000000, 0x00000000,
	0x0c3c8fc5, 0x42b885f5, 0x00ae23af, 0x00e7b000,
	0x00000000, 0x00000000, 0x00000000, 0x00000000,
	0x0c6004c5, 0xc2b305fb, 0x00acc3ae, 0x00e8b000,
	0x00000000, 0x00000000, 0x00000000, 0x00000000,
	0x0c7caa57, 0x02ad0600, 0x00ab43ae, 0x00e9b000,
	0x00000000, 0x00000000, 0x00000000, 0x00000000,
	0x0ca0d813, 0x82a70606, 0x00a9c3ad, 0x00eab000,
	0x00000000, 0x00000000, 0x00000000, 0x00000000,
	0x0cbe15aa, 0xc2a1860b, 0x00a863ac, 0x00ebb000,
	0x00000000, 0x00000000, 0x00000000, 0x00000000,
	0x0ce2fffc, 0x029b8610, 0x00a6e3ac, 0x00ecb000,
	0x00000000, 0x00000000, 0x00000000, 0x00000000,
	0x0d00d598, 0x82958616, 0x00a563ab, 0x00edb000,
	0x00000000, 0x00000000, 0x00000000, 0x00000000,
	0x0d268245, 0xc290061b, 0x00a403aa, 0x00eeb000,
	0x00000000, 0x00000000, 0x00000000, 0x00000000,
	0x0d44f5ad, 0x028a0620, 0x00a283aa, 0x00efb000,
	0x00000000, 0x00000000, 0x00000000, 0x00000000,
	0x0d6b66a1, 0x82840626, 0x00a103a9, 0x00f0b000,
	0x00000000, 0x00000000, 0x00000000, 0x00000000,
	0x0d8a79c1, 0xc27e062b, 0x009f83a8, 0x00f1b000,
	0x00000000, 0x00000000, 0x00000000, 0x00000000,
	0x0db1b4c2, 0x02788630, 0x009e23a8, 0x00f2b000,
	0x00000000, 0x00000000, 0x00000000, 0x00000000,
	0x0dd16987, 0x42728635, 0x009ca3a7, 0x00f3b000,
	0x00000000, 0x00000000, 0x00000000, 0x00000000,
	0x0df1676b, 0x826c863a, 0x009b23a6, 0x00f4b000,
	0x00000000, 0x00000000, 0x00000000, 0x00000000,
	0x0e19ccb1, 0x02670640, 0x0099c3a6, 0x00f5b000,
	0x00000000, 0x00000000, 0x00000000, 0x00000000,
	0x0e3a7200, 0x42610645, 0x009843a5, 0x00f6b000,
	0x00000000, 0x00000000, 0x00000000, 0x00000000,
	0x0e5b6447, 0x825b064a, 0x0096c3a4, 0x00f7b000,
	0x00000000, 0x00000000, 0x00000000, 0x00000000,
	0x0e7ca19b, 0xc255864f, 0x009563a3, 0x00f8b000,
	0x00000000, 0x00000000, 0x00000000, 0x00000000,
	0x0ea69afd, 0x024f8654, 0x0093e3a3, 0x00f9b000,
	0x00000000, 0x00000000, 0x00000000, 0x00000000,
	0x0ec88581, 0x42498659, 0x009263a2, 0x00fab000,
	0x00000000, 0x00000000, 0x00000000, 0x00000000,
	0x0eeac0d7, 0x8243865e, 0x0090e3a1, 0x00fbb000,
	0x00000000, 0x00000000, 0x00000000, 0x00000000,
	0x0f0d4926, 0xc23e0663, 0x008f83a0, 0x00fcb000,
	0x00000000, 0x00000000, 0x00000000, 0x00000000,
	0x0f302248, 0x02380668, 0x008e03a0, 0x00fdb000,
	0x00000000, 0x00000000, 0x00000000, 0x00000000,
	0x0f5c233b, 0x4232066d, 0x008c839f, 0x00feb000,
	0x00000000, 0x00000000, 0x00000000, 0x00000000,
	0x0f77a074, 0x422c8671, 0x008b239e, 0x00ffb000,
	0x00000000, 0x00000000, 0x00000000, 0x00000000,
	0x00000000, 0x82268676, 0x0089a39d, 0x0100a000,
	0x00000000, 0x00000000, 0x00000000, 0x00000000,
	0x00000000, 0xc220867b, 0x0088239c, 0x0101a000,
	0x00000000, 0x00000000, 0x00000000, 0x00000000,
	0x00000000, 0x021b0680, 0x0086c39c, 0x0102a000,
	0x00000000, 0x00000000, 0x00000000, 0x00000000,
	0x00000000, 0x42150685, 0x0085439b, 0x0103a000,
	0x00000000, 0x00000000, 0x00000000, 0x00000000,
	0x00000000, 0x420f0689, 0x0083c39a, 0x0104a000,
	0x00000000, 0x00000000, 0x00000000, 0x00000000,
	0x00000000, 0x8209868e, 0x00826399, 0x0105a000,
	0x00000000, 0x00000000, 0x00000000, 0x00000000,
	0x00000000, 0xc2038693, 0x0080e398, 0x0106a000,
	0x00000000, 0x00000000, 0x00000000, 0x00000000,
	0x00000000, 0xc1fd8697, 0x007f6397, 0x0107a000,
	0x00000000, 0x00000000, 0x00000000, 0x00000000,
	0x00000000, 0x01f7869c, 0x007de397, 0x0108a000,
	0x00000000, 0x00000000, 0x00000000, 0x00000000,
	0x00000000, 0x41f206a1, 0x007c8396, 0x0109a000,
	0x00000000, 0x00000000, 0x00000000, 0x00000000,
	0x00000000, 0x41ec06a5, 0x007b0395, 0x010aa000,
	0x00000000, 0x00000000, 0x00000000, 0x00000000,
	0x00000000, 0x81e606aa, 0x00798394, 0x010ba000,
	0x00000000, 0x00000000, 0x00000000, 0x00000000,
	0x00000000, 0x81e086ae, 0x00782393, 0x010ca000,
	0x00000000, 0x00000000, 0x00000000, 0x00000000,
	0x00000000, 0xc1da86b3, 0x0076a392, 0x010da000,
	0x00000000, 0x00000000, 0x00000000, 0x00000000,
	0x00000000, 0xc1d486b7, 0x00752391, 0x010ea000,
	0x00000000, 0x00000000, 0x00000000, 0x00000000,
	0x00000000, 0x01cf06bc, 0x0073c391, 0x010fa000,
	0x00000000, 0x00000000, 0x00000000, 0x00000000,
	0x00000000, 0x01c906c0, 0x00724390, 0x0110a000,
	0x00000000, 0x00000000, 0x00000000, 0x00000000,
	0x00000000, 0x41c306c5, 0x0070c38f, 0x0111a000,
	0x00000000, 0x00000000, 0x00000000, 0x00000000,
	0x00000000, 0x41bd06c9, 0x006f438e, 0x0112a000,
	0x00000000, 0x00000000, 0x00000000, 0x00000000,
	0x00000000, 0x41b786cd, 0x006de38d, 0x0113a000,
	0x00000000, 0x00000000, 0x00000000, 0x00000000,
	0x00000000, 0x81b186d2, 0x006c638c, 0x0114a000,
	0x00000000, 0x00000000, 0x00000000, 0x00000000,
	0x00000000, 0x81ab86d6, 0x006ae38b, 0x0115a000,
	0x00000000, 0x00000000, 0x00000000, 0x00000000,
	0x00000000, 0x81a606da, 0x0069838a, 0x0116a000,
	0x00000000, 0x00000000, 0x00000000, 0x00000000,
	0x00000000, 0xc1a006df, 0x00680389, 0x0117a000,
	0x00000000, 0x00000000, 0x00000000, 0x00000000,
	0x00000000, 0xc19a06e3, 0x00668388, 0x0118a000,
	0x00000000, 0x00000000, 0x00000000, 0x00000000,
	0x00000000, 0xc19486e7, 0x00652387, 0x0119a000,
	0x00000000, 0x00000000, 0x00000000, 0x00000000,
	0x00000000, 0xc18e86eb, 0x0063a386, 0x011aa000,
	0x00000000, 0x00000000, 0x00000000, 0x00000000,
	0x00000000, 0xc18886ef, 0x00622385, 0x011ba000,
	0x00000000, 0x00000000, 0x00000000, 0x00000000,
	0x00000000, 0xc18306f3, 0x0060c384, 0x011ca000,
	0x00000000, 0x00000000, 0x00000000, 0x00000000,
	0x00000000, 0x017d06f8, 0x005f4384, 0x011da000,
	0x00000000, 0x00000000, 0x00000000, 0x00000000,
	0x00000000, 0x017706fc, 0x005dc383, 0x011ea000,
	0x00000000, 0x00000000, 0x00000000, 0x00000000,
	0x00000000, 0x01710700, 0x005c4382, 0x011fa000,
	0x00000000, 0x00000000, 0x00000000, 0x00000000,
	0x00000000, 0x016b8704, 0x005ae381, 0x0120a000,
	0x00000000, 0x00000000, 0x00000000, 0x00000000,
	0x00000000, 0x01658708, 0x00596380, 0x0121a000,
	0x00000000, 0x00000000, 0x00000000, 0x00000000,
	0x00000000, 0x015f870c, 0x0057e37f, 0x0122a000,
	0x00000000, 0x00000000, 0x00000000, 0x00000000,
	0x00000000, 0x015a0710, 0x0056837e, 0x0123a000,
	0x00000000, 0x00000000, 0x00000000, 0x00000000,
	0x00000000, 0x01540714, 0x0055037d, 0x0124a000,
	0x00000000, 0x00000000, 0x00000000, 0x00000000,
	0x00000000, 0x014e0718, 0x0053837c, 0x0125a000,
	0x00000000, 0x00000000, 0x00000000, 0x00000000,
	0x00000000, 0xc148871b, 0x0052237a, 0x0126a000,
	0x00000000, 0x00000000, 0x00000000, 0x00000000,
	0x00000000, 0xc142871f, 0x0050a379, 0x0127a000,
	0x00000000, 0x00000000, 0x00000000, 0x00000000,
	0x00000000, 0xc13c8723, 0x004f2378, 0x0128a000,
	0x00000000, 0x00000000, 0x00000000, 0x00000000,
	0x00000000, 0xc1368727, 0x004da377, 0x0129a000,
	0x00000000, 0x00000000, 0x00000000, 0x00000000,
	0x00000000, 0xc131072b, 0x004c4376, 0x012aa000,
	0x00000000, 0x00000000, 0x00000000, 0x00000000,
	0x00000000, 0x812b072e, 0x004ac375, 0x012ba000,
	0x00000000, 0x00000000, 0x00000000, 0x00000000,
	0x00000000, 0x81250732, 0x00494374, 0x012ca000,
	0x00000000, 0x00000000, 0x00000000, 0x00000000,
	0x00000000, 0x811f8736, 0x0047e373, 0x012da000,
	0x00000000, 0x00000000, 0x00000000, 0x00000000,
	0x00000000, 0x8119873a, 0x00466372, 0x012ea000,
	0x00000000, 0x00000000, 0x00000000, 0x00000000,
	0x00000000, 0x4113873d, 0x0044e371, 0x012fa000,
	0x00000000, 0x00000000, 0x00000000, 0x00000000,
	0x00000000, 0x410e0741, 0x00438370, 0x0130a000,
	0x00000000, 0x00000000, 0x00000000, 0x00000000,
	0x00000000, 0x01080744, 0x0042036f, 0x0131a000,
	0x00000000, 0x00000000, 0x00000000, 0x00000000,
	0x00000000, 0x01020748, 0x0040836e, 0x0132a000,
	0x00000000, 0x00000000, 0x00000000, 0x00000000,
	0x00000000, 0x00fc874c, 0x003f236d, 0x0133a000,
	0x00000000, 0x00000000, 0x00000000, 0x00000000,
	0x00000000, 0xc0f6874f, 0x003da36b, 0x0134a000,
	0x00000000, 0x00000000, 0x00000000, 0x00000000,
	0x00000000, 0xc0f08753, 0x003c236a, 0x0135a000,
	0x00000000, 0x00000000, 0x00000000, 0x00000000,
	0x00000000, 0x80ea8756, 0x003aa369, 0x0136a000,
	0x00000000, 0x00000000, 0x00000000, 0x00000000,
	0x00000000, 0x80e5075a, 0x00394368, 0x0137a000,
	0x00000000, 0x00000000, 0x00000000, 0x00000000,
	0x00000000, 0x40df075d, 0x0037c367, 0x0138a000,
	0x00000000, 0x00000000, 0x00000000, 0x00000000,
	0x00000000, 0x00d90760, 0x00364366, 0x0139a000,
	0x00000000, 0x00000000, 0x00000000, 0x00000000,
	0x00000000, 0x00d38764, 0x0034e365, 0x013aa000,
	0x00000000, 0x00000000, 0x00000000, 0x00000000,
	0x00000000, 0xc0cd8767, 0x00336363, 0x013ba000,
	0x00000000, 0x00000000, 0x00000000, 0x00000000,
	0x00000000, 0xc0c7876b, 0x0031e362, 0x013ca000,
	0x00000000, 0x00000000, 0x00000000, 0x00000000,
	0x00000000, 0x80c2076e, 0x00308361, 0x013da000,
	0x00000000, 0x00000000, 0x00000000, 0x00000000,
	0x00000000, 0x40bc0771, 0x002f0360, 0x013ea000,
	0x00000000, 0x00000000, 0x00000000, 0x00000000,
	0x00000000, 0x40b60775, 0x002d835f, 0x013fa000,
	0x00000000, 0x00000000, 0x00000000, 0x00000000,
	0x00000000, 0x00b00778, 0x002c035e, 0x0140a000,
	0x00000000, 0x00000000, 0x00000000, 0x00000000,
	0x00000000, 0xc0aa877b, 0x002aa35c, 0x0141a000,
	0x00000000, 0x00000000, 0x00000000, 0x00000000,
	0x00000000, 0x80a4877e, 0x0029235b, 0x0142a000,
	0x00000000, 0x00000000, 0x00000000, 0x00000000,
	0x00000000, 0x809e8782, 0x0027a35a, 0x0143a000,
	0x00000000, 0x00000000, 0x00000000, 0x00000000,
	0x00000000, 0x40990785, 0x00264359, 0x0144a000,
	0x00000000, 0x00000000, 0x00000000, 0x00000000,
	0x00000000, 0x00930788, 0x0024c358, 0x0145a000,
	0x00000000, 0x00000000, 0x00000000, 0x00000000,
	0x00000000, 0xc08d078b, 0x00234356, 0x0146a000,
	0x00000000, 0x00000000, 0x00000000, 0x00000000,
	0x00000000, 0x8087878e, 0x0021e355, 0x0147a000,
	0x00000000, 0x00000000, 0x00000000, 0x00000000,
	0x00000000, 0x40818791, 0x00206354, 0x0148a000,
	0x00000000, 0x00000000, 0x00000000, 0x00000000,
	0x00000000, 0x007b8794, 0x001ee353, 0x0149a000,
	0x00000000, 0x00000000, 0x00000000, 0x00000000,
	0x00000000, 0xc0760797, 0x001d8351, 0x014aa000,
	0x00000000, 0x00000000, 0x00000000, 0x00000000,
	0x00000000, 0x8070079a, 0x001c0350, 0x014ba000,
	0x00000000, 0x00000000, 0x00000000, 0x00000000,
	0x00000000, 0x406a079d, 0x001a834f, 0x014ca000,
	0x00000000, 0x00000000, 0x00000000, 0x00000000,
	0x00000000, 0x006407a0, 0x0019034e, 0x014da000,
	0x00000000, 0x00000000, 0x00000000, 0x00000000,
	0x00000000, 0xc05e87a3, 0x0017a34c, 0x014ea000,
	0x00000000, 0x00000000, 0x00000000, 0x00000000,
	0x00000000, 0x805887a6, 0x0016234b, 0x014fa000,
	0x00000000, 0x00000000, 0x00000000, 0x00000000,
	0x00000000, 0x405287a9, 0x0014a34a, 0x0150a000,
	0x00000000, 0x00000000, 0x00000000, 0x00000000,
	0x00000000, 0x004d07ac, 0x00134349, 0x0151a000,
	0x00000000, 0x00000000, 0x00000000, 0x00000000,
	0x00000000, 0xc04707af, 0x0011c347, 0x0152a000,
	0x00000000, 0x00000000, 0x00000000, 0x00000000,
	0x00000000, 0x804107b2, 0x00104346, 0x0153a000,
	0x00000000, 0x00000000, 0x00000000, 0x00000000,
	0x00000000, 0x403b87b5, 0x000ee345, 0x0154a000,
	0x00000000, 0x00000000, 0x00000000, 0x00000000,
	0x00000000, 0xc03587b7, 0x000d6343, 0x0155a000,
	0x00000000, 0x00000000, 0x00000000, 0x00000000,
	0x00000000, 0x802f87ba, 0x000be342, 0x0156a000,
	0x00000000, 0x00000000, 0x00000000, 0x00000000,
	0x00000000, 0x402a07bd, 0x000a8341, 0x0157a000,
	0x00000000, 0x00000000, 0x00000000, 0x00000000,
	0x00000000, 0x002407c0, 0x00090340, 0x0158a000,
	0x00000000, 0x00000000, 0x00000000, 0x00000000,
	0x00000000, 0xc01e07c3, 0x0007833e, 0x0159a000,
	0x00000000, 0x00000000, 0x00000000, 0x00000000,
	0x00000000, 0x401807c5, 0x0006033d, 0x015aa000,
	0x00000000, 0x00000000, 0x00000000, 0x00000000,
	0x00000000, 0x001287c8, 0x0004a33c, 0x015ba000,
	0x00000000, 0x00000000, 0x00000000, 0x00000000,
	0x00000000, 0xc00c87cb, 0x0003233a, 0x015ca000,
	0x00000000, 0x00000000, 0x00000000, 0x00000000,
	0x00000000, 0x400687cd, 0x0001a339, 0x015da000,
	0x00000000, 0x00000000, 0x00000000, 0x00000000,
	0x00000000, 0x000107d0, 0x00004338, 0x015ea000,
	0x00000000, 0x00000000, 0x00000000, 0x00000000,
	0x00000000, 0xc00007d3, 0x00000336, 0x015fa000,
	0x00000000, 0x00000000, 0x00000000, 0x00000000,
	0x00000000, 0x400007d5, 0x00000335, 0x0160a000,
	0x00000000, 0x00000000, 0x00000000, 0x00000000,
	0x00000000, 0x000007d8, 0x00000334, 0x0161a000,
	0x00000000, 0x00000000, 0x00000000, 0x00000000,
	0x00000000, 0x800007da, 0x00000332, 0x0162a000,
	0x00000000, 0x00000000, 0x00000000, 0x00000000,
	0x00000000, 0x400007dd, 0x00000331, 0x0163a000,
	0x00000000, 0x00000000, 0x00000000, 0x00000000,
	0x00000000, 0xc00007df, 0x0000032f, 0x0164a000,
	0x00000000, 0x00000000, 0x00000000, 0x00000000,
	0x00000000, 0x800007e2, 0x0000032e, 0x0165a000,
	0x00000000, 0x00000000, 0x00000000, 0x00000000,
	0x00000000, 0x000007e4, 0x0000032d, 0x0166a000,
	0x00000000, 0x00000000, 0x00000000, 0x00000000,
	0x00000000, 0xc00007e7, 0x0000032b, 0x0167a000,
	0x00000000, 0x00000000, 0x00000000, 0x00000000,
	0x00000000, 0x400007e9, 0x0000032a, 0x0168a000,
	0x00000000, 0x00000000, 0x00000000, 0x00000000,
	0x00000000, 0x000007ec, 0x00000329, 0x0169a000,
	0x00000000, 0x00000000, 0x00000000, 0x00000000,
	0x00000000, 0x800007ee, 0x00000327, 0x016aa000,
	0x00000000, 0x00000000, 0x00000000, 0x00000000,
	0x00000000, 0x400007f1, 0x00000326, 0x016ba000,
	0x00000000, 0x00000000, 0x00000000, 0x00000000,
	0x00000000, 0xc00007f3, 0x00000324, 0x016ca000,
	0x00000000, 0x00000000, 0x00000000, 0x00000000,
	0x00000000, 0x400007f5, 0x00000323, 0x016da000,
	0x00000000, 0x00000000, 0x00000000, 0x00000000,
	0x00000000, 0x000007f8, 0x00000322, 0x016ea000,
	0x00000000, 0x00000000, 0x00000000, 0x00000000,
	0x00000000, 0x800007fa, 0x00000320, 0x016fa000,
	0x00000000, 0x00000000, 0x00000000, 0x00000000,
	0x00000000, 0x000007fc, 0x0000031f, 0x0170a000,
	0x00000000, 0x00000000, 0x00000000, 0x00000000,
	0x00000000, 0xc00007ff, 0x0000031d, 0x0171a000,
	0x00000000, 0x00000000, 0x00000000, 0x00000000,
	0x00000000, 0x40000801, 0x0000031c, 0x0172a000,
	0x00000000, 0x00000000, 0x00000000, 0x00000000,
	0x00000000, 0xc0000803, 0x0000031a, 0x0173a000,
	0x00000000, 0x00000000, 0x00000000, 0x00000000,
	0x00000000, 0x80000806, 0x00000319, 0x0174a000,
	0x00000000, 0x00000000, 0x00000000, 0x00000000,
	0x00000000, 0x00000808, 0x00000318, 0x0175a000,
	0x00000000, 0x00000000, 0x00000000, 0x00000000,
	0x00000000, 0x8000080a, 0x00000316, 0x0176a000,
	0x00000000, 0x00000000, 0x00000000, 0x00000000,
	0x00000000, 0x0000080c, 0x00000315, 0x0177a000,
	0x00000000, 0x00000000, 0x00000000, 0x00000000,
	0x00000000, 0x8000080e, 0x00000313, 0x0178a000,
	0x00000000, 0x00000000, 0x00000000, 0x00000000,
	0x00000000, 0x40000811, 0x00000312, 0x0179a000,
	0x00000000, 0x00000000, 0x00000000, 0x00000000,
	0x00000000, 0xc0000813, 0x00000310, 0x017aa000,
	0x00000000, 0x00000000, 0x00000000, 0x00000000,
	0x00000000, 0x40000815, 0x0000030f, 0x017ba000,
	0x00000000, 0x00000000, 0x00000000, 0x00000000,
	0x00000000, 0xc0000817, 0x0000030d, 0x017ca000,
	0x00000000, 0x00000000, 0x00000000, 0x00000000,
	0x00000000, 0x40000819, 0x0000030c, 0x017da000,
	0x00000000, 0x00000000, 0x00000000, 0x00000000,
	0x00000000, 0xc000081b, 0x0000030a, 0x017ea000,
	0x00000000, 0x00000000, 0x00000000, 0x00000000,
	0x00000000, 0x4000081d, 0x00000309, 0x017fa000,
	0x00000000, 0x00000000, 0x00000000, 0x00000000,
	0x00000000, 0xc000081f, 0x00000307, 0x0180a000,
	0x00000000, 0x00000000, 0x00000000, 0x00000000,
	0x00000000, 0x40000821, 0x00000306, 0x0181a000,
	0x00000000, 0x00000000, 0x00000000, 0x00000000,
	0x00000000, 0x40000821, 0x00000304, 0x0182a000,
	0x00000000, 0x00000000, 0x00000000, 0x00000000,
	0x00000000, 0x40000821, 0x00000302, 0x0183a000,
	0x00000000, 0x00000000, 0x00000000, 0x00000000,
	0x00000000, 0x40000821, 0x00000300, 0x0184a000,
	0x00000000, 0x00000000, 0x00000000, 0x00000000,
	0x00000000, 0x40000821, 0x000002fe, 0x0185a000,
	0x00000000, 0x00000000, 0x00000000, 0x00000000,
	0x00000000, 0x40000821, 0x000002fc, 0x0186a000,
	0x00000000, 0x00000000, 0x00000000, 0x00000000,
	0x00000000, 0x40000821, 0x000002fa, 0x0187a000,
	0x00000000, 0x00000000, 0x00000000, 0x00000000,
	0x00000000, 0x40000821, 0x000002f8, 0x0188a000,
	0x00000000, 0x00000000, 0x00000000, 0x00000000,
	0x00000000, 0x40000821, 0x000002f6, 0x0189a000,
	0x00000000, 0x00000000, 0x00000000, 0x00000000,
	0x00000000, 0x40000821, 0x000002f4, 0x018aa000,
	0x00000000, 0x00000000, 0x00000000, 0x00000000,
	0x00000000, 0x40000821, 0x000002f2, 0x018ba000,
	0x00000000, 0x00000000, 0x00000000, 0x00000000,
	0x00000000, 0x40000821, 0x000002f0, 0x018ca000,
	0x00000000, 0x00000000, 0x00000000, 0x00000000,
	0x00000000, 0x40000821, 0x000002ee, 0x018da000,
	0x00000000, 0x00000000, 0x00000000, 0x00000000,
	0x00000000, 0x40000821, 0x000002ec, 0x018ea000,
	0x00000000, 0x00000000, 0x00000000, 0x00000000,
	0x00000000, 0x40000821, 0x000002ea, 0x018fa000,
	0x00000000, 0x00000000, 0x00000000, 0x00000000,
	0x00000000, 0x40000821, 0x000002e8, 0x0190a000,
	0x00000000, 0x00000000, 0x00000000, 0x00000000,
	0x00000000, 0x40000821, 0x000002e6, 0x0191a000,
	0x00000000, 0x00000000, 0x00000000, 0x00000000,
	0x00000000, 0x40000821, 0x000002e4, 0x0192a000,
	0x00000000, 0x00000000, 0x00000000, 0x00000000,
	0x00000000, 0x40000821, 0x000002e2, 0x0193a000,
	0x00000000, 0x00000000, 0x00000000, 0x00000000,
	0x00000000, 0x40000821, 0x000002e0, 0x0194a000,
	0x00000000, 0x00000000, 0x00000000, 0x00000000,
	0x00000000, 0x40000821, 0x000002de, 0x0195a000,
	0x00000000, 0x00000000, 0x00000000, 0x00000000,
	0x00000000, 0x40000821, 0x000002dc, 0x0196a000,
	0x00000000, 0x00000000, 0x00000000, 0x00000000,
	0x00000000, 0x40000821, 0x000002da, 0x0197a000,
	0x00000000, 0x00000000, 0x00000000, 0x00000000,
	0x00000000, 0x40000821, 0x000002d8, 0x0198a000,
	0x00000000, 0x00000000, 0x00000000, 0x00000000,
	0x00000000, 0x40000821, 0x000002d6, 0x0199a000,
	0x00000000, 0x00000000, 0x00000000, 0x00000000,
	0x00000000, 0x40000821, 0x000002d4, 0x019aa000,
	0x00000000, 0x00000000, 0x00000000, 0x00000000,
	0x00000000, 0x40000821, 0x000002d2, 0x019ba000,
	0x00000000, 0x00000000, 0x00000000, 0x00000000,
	0x00000000, 0x40000821, 0x000002d0, 0x019ca000,
	0x00000000, 0x00000000, 0x00000000, 0x00000000,
	0x00000000, 0x40000821, 0x000002ce, 0x019da000,
	0x00000000, 0x00000000, 0x00000000, 0x00000000,
	0x00000000, 0x40000821, 0x000002cc, 0x019ea000,
	0x00000000, 0x00000000, 0x00000000, 0x00000000,
	0x00000000, 0x40000821, 0x000002ca, 0x019fa000,
	0x00000000, 0x00000000, 0x00000000, 0x00000000,
	0x00000000, 0x40000821, 0x000002c8, 0x01a0a000,
	0x00000000, 0x00000000, 0x00000000, 0x00000000,
	0x00000000, 0x40000821, 0x000002c6, 0x01a1a000,
	0x00000000, 0x00000000, 0x00000000, 0x00000000,
	0x00000000, 0x40000821, 0x000002c4, 0x01a2a000,
	0x00000000, 0x00000000, 0x00000000, 0x00000000,
	0x00000000, 0x40000821, 0x000002c2, 0x01a3a000,
	0x00000000, 0x00000000, 0x00000000, 0x00000000,
	0x00000000, 0x40000821, 0x000002c0, 0x01a4a000,
	0x00000000, 0x00000000, 0x00000000, 0x00000000,
	0x00000000, 0x40000821, 0x000002be, 0x01a5a000,
	0x00000000, 0x00000000, 0x00000000, 0x00000000,
	0x00000000, 0x40000821, 0x000002bc, 0x01a6a000,
	0x00000000, 0x00000000, 0x00000000, 0x00000000,
	0x00000000, 0x40000821, 0x000002ba, 0x01a7a000,
	0x00000000, 0x00000000, 0x00000000, 0x00000000,
	0x00000000, 0x40000821, 0x000002b8, 0x01a8a000,
	0x00000000, 0x00000000, 0x00000000, 0x00000000,
	0x00000000, 0x40000821, 0x000002b6, 0x01a9a000,
	0x00000000, 0x00000000, 0x00000000, 0x00000000,
	0x00000000, 0x40000821, 0x000002b4, 0x01aaa000,
	0x00000000, 0x00000000, 0x00000000, 0x00000000,
	0x00000000, 0x40000821, 0x000002b2, 0x01aba000,
	0x00000000, 0x00000000, 0x00000000, 0x00000000,
	0x00000000, 0x40000821, 0x000002b0, 0x01aca000,
	0x00000000, 0x00000000, 0x00000000, 0x00000000,
	0x00000000, 0x40000821, 0x000002ae, 0x01ada000,
	0x00000000, 0x00000000, 0x00000000, 0x00000000,
	0x00000000, 0x40000821, 0x000002ac, 0x01aea000,
	0x00000000, 0x00000000, 0x00000000, 0x00000000,
	0x00000000, 0x40000821, 0x000002aa, 0x01afa000,
	0x00000000, 0x00000000, 0x00000000, 0x00000000,
	0x00000000, 0x40000821, 0x000002a8, 0x01b0a000,
	0x00000000, 0x00000000, 0x00000000, 0x00000000,
	0x00000000, 0x40000821, 0x000002a6, 0x01b1a000,
	0x00000000, 0x00000000, 0x00000000, 0x00000000,
	0x00000000, 0x40000821, 0x000002a4, 0x01b2a000,
	0x00000000, 0x00000000, 0x00000000, 0x00000000,
	0x00000000, 0x40000821, 0x000002a2, 0x01b3a000,
	0x00000000, 0x00000000, 0x00000000, 0x00000000,
	0x00000000, 0x40000821, 0x000002a0, 0x01b4a000,
	0x00000000, 0x00000000, 0x00000000, 0x00000000,
	0x00000000, 0x40000821, 0x0000029e, 0x01b5a000,
	0x00000000, 0x00000000, 0x00000000, 0x00000000,
	0x00000000, 0x40000821, 0x0000029c, 0x01b6a000,
	0x00000000, 0x00000000, 0x00000000, 0x00000000,
	0x00000000, 0x40000821, 0x0000029a, 0x01b7a000,
	0x00000000, 0x00000000, 0x00000000, 0x00000000,
	0x00000000, 0x40000821, 0x00000298, 0x01b8a000,
	0x00000000, 0x00000000, 0x00000000, 0x00000000,
	0x00000000, 0x40000821, 0x00000296, 0x01b9a000,
	0x00000000, 0x00000000, 0x00000000, 0x00000000,
	0x00000000, 0x40000821, 0x00000294, 0x01baa000,
	0x00000000, 0x00000000, 0x00000000, 0x00000000,
	0x00000000, 0x40000821, 0x00000292, 0x01bba000,
	0x00000000, 0x00000000, 0x00000000, 0x00000000,
	0x00000000, 0x40000821, 0x00000290, 0x01bca000,
	0x00000000, 0x00000000, 0x00000000, 0x00000000,
	0x00000000, 0x40000821, 0x0000028e, 0x01bda000,
	0x00000000, 0x00000000, 0x00000000, 0x00000000,
	0x00000000, 0x40000821, 0x0000028c, 0x01bea000,
	0x00000000, 0x00000000, 0x00000000, 0x00000000,
	0x00000000, 0x40000821, 0x0000028a, 0x01bfa000,
	0x00000000, 0x00000000, 0x00000000, 0x00000000,
	0x00000000, 0x40000821, 0x00000288, 0x01c0a000,
	0x00000000, 0x00000000, 0x00000000, 0x00000000,
	0x00000000, 0x40000821, 0x00000286, 0x01c1a000,
	0x00000000, 0x00000000, 0x00000000, 0x00000000,
	0x00000000, 0x40000821, 0x00000284, 0x01c2a000,
	0x00000000, 0x00000000, 0x00000000, 0x00000000,
	0x00000000, 0x40000821, 0x00000282, 0x01c3a000,
	0x00000000, 0x00000000, 0x00000000, 0x00000000,
	0x00000000, 0x40000821, 0x00000280, 0x01c4a000,
	0x00000000, 0x00000000, 0x00000000, 0x00000000,
	0x00000000, 0x40000821, 0x0000027e, 0x01c5a000,
	0x00000000, 0x00000000, 0x00000000, 0x00000000,
	0x00000000, 0x40000821, 0x0000027c, 0x01c6a000,
	0x00000000, 0x00000000, 0x00000000, 0x00000000,
	0x00000000, 0x40000821, 0x0000027a, 0x01c7a000,
	0x00000000, 0x00000000, 0x00000000, 0x00000000,
	0x00000000, 0x40000821, 0x00000278, 0x01c8a000,
	0x00000000, 0x00000000, 0x00000000, 0x00000000,
	0x00000000, 0x40000821, 0x00000276, 0x01c9a000,
	0x00000000, 0x00000000, 0x00000000, 0x00000000,
	0x00000000, 0x40000821, 0x00000274, 0x01caa000,
	0x00000000, 0x00000000, 0x00000000, 0x00000000,
	0x00000000, 0x40000821, 0x00000272, 0x01cba000,
	0x00000000, 0x00000000, 0x00000000, 0x00000000,
	0x00000000, 0x40000821, 0x00000270, 0x01cca000,
	0x00000000, 0x00000000, 0x00000000, 0x00000000,
	0x00000000, 0x40000821, 0x0000026e, 0x01cda000,
	0x00000000, 0x00000000, 0x00000000, 0x00000000,
	0x00000000, 0x40000821, 0x0000026c, 0x01cea000,
	0x00000000, 0x00000000, 0x00000000, 0x00000000,
	0x00000000, 0x40000821, 0x0000026a, 0x01cfa000,
	0x00000000, 0x00000000, 0x00000000, 0x00000000,
	0x00000000, 0x40000821, 0x00000268, 0x01d0a000,
	0x00000000, 0x00000000, 0x00000000, 0x00000000,
	0x00000000, 0x40000821, 0x00000266, 0x01d1a000,
	0x00000000, 0x00000000, 0x00000000, 0x00000000,
	0x00000000, 0x40000821, 0x00000264, 0x01d2a000,
	0x00000000, 0x00000000, 0x00000000, 0x00000000,
	0x00000000, 0x40000821, 0x00000262, 0x01d3a000,
	0x00000000, 0x00000000, 0x00000000, 0x00000000,
	0x00000000, 0x40000821, 0x00000260, 0x01d4a000,
	0x00000000, 0x00000000, 0x00000000, 0x00000000,
	0x00000000, 0x40000821, 0x0000025e, 0x01d5a000,
	0x00000000, 0x00000000, 0x00000000, 0x00000000,
	0x00000000, 0x40000821, 0x0000025c, 0x01d6a000,
	0x00000000, 0x00000000, 0x00000000, 0x00000000,
	0x00000000, 0x40000821, 0x0000025a, 0x01d7a000,
	0x00000000, 0x00000000, 0x00000000, 0x00000000,
	0x00000000, 0x40000821, 0x00000258, 0x01d8a000,
	0x00000000, 0x00000000, 0x00000000, 0x00000000,
	0x00000000, 0x40000821, 0x00000256, 0x01d9a000,
	0x00000000, 0x00000000, 0x00000000, 0x00000000,
	0x00000000, 0x40000821, 0x00000254, 0x01daa000,
	0x00000000, 0x00000000, 0x00000000, 0x00000000,
	0x00000000, 0x40000821, 0x00000252, 0x01dba000,
	0x00000000, 0x00000000, 0x00000000, 0x00000000,
	0x00000000, 0x40000821, 0x00000250, 0x01dca000,
	0x00000000, 0x00000000, 0x00000000, 0x00000000,
	0x00000000, 0x40000821, 0x0000024e, 0x01dda000,
	0x00000000, 0x00000000, 0x00000000, 0x00000000,
	0x00000000, 0x40000821, 0x0000024c, 0x01dea000,
	0x00000000, 0x00000000, 0x00000000, 0x00000000,
	0x00000000, 0x40000821, 0x0000024a, 0x01dfa000,
	0x00000000, 0x00000000, 0x00000000, 0x00000000,
	0x00000000, 0x40000821, 0x00000248, 0x01e0a000,
	0x00000000, 0x00000000, 0x00000000, 0x00000000,
	0x00000000, 0x40000821, 0x00000246, 0x01e1a000,
	0x00000000, 0x00000000, 0x00000000, 0x00000000,
	0x00000000, 0x40000821, 0x00000244, 0x01e2a000,
	0x00000000, 0x00000000, 0x00000000, 0x00000000,
	0x00000000, 0x40000821, 0x00000242, 0x01e3a000,
	0x00000000, 0x00000000, 0x00000000, 0x00000000,
	0x00000000, 0x40000821, 0x00000240, 0x01e4a000,
	0x00000000, 0x00000000, 0x00000000, 0x00000000,
	0x00000000, 0x40000821, 0x0000023e, 0x01e5a000,
	0x00000000, 0x00000000, 0x00000000, 0x00000000,
	0x00000000, 0x40000821, 0x0000023c, 0x01e6a000,
	0x00000000, 0x00000000, 0x00000000, 0x00000000,
	0x00000000, 0x40000821, 0x0000023a, 0x01e7a000,
	0x00000000, 0x00000000, 0x00000000, 0x00000000,
	0x00000000, 0x40000821, 0x00000238, 0x01e8a000,
	0x00000000, 0x00000000, 0x00000000, 0x00000000,
	0x00000000, 0x40000821, 0x00000236, 0x01e9a000,
	0x00000000, 0x00000000, 0x00000000, 0x00000000,
	0x00000000, 0x40000821, 0x00000234, 0x01eaa000,
	0x00000000, 0x00000000, 0x00000000, 0x00000000,
	0x00000000, 0x40000821, 0x00000232, 0x01eba000,
	0x00000000, 0x00000000, 0x00000000, 0x00000000,
	0x00000000, 0x40000821, 0x00000230, 0x01eca000,
	0x00000000, 0x00000000, 0x00000000, 0x00000000,
	0x00000000, 0x40000821, 0x0000022e, 0x01eda000,
	0x00000000, 0x00000000, 0x00000000, 0x00000000,
	0x00000000, 0x40000821, 0x0000022c, 0x01eea000,
	0x00000000, 0x00000000, 0x00000000, 0x00000000,
	0x00000000, 0x40000821, 0x0000022a, 0x01efa000,
	0x00000000, 0x00000000, 0x00000000, 0x00000000,
	0x00000000, 0x40000821, 0x00000228, 0x01f0a000,
	0x00000000, 0x00000000, 0x00000000, 0x00000000,
	0x00000000, 0x40000821, 0x00000226, 0x01f1a000,
	0x00000000, 0x00000000, 0x00000000, 0x00000000,
	0x00000000, 0x40000821, 0x00000224, 0x01f2a000,
	0x00000000, 0x00000000, 0x00000000, 0x00000000,
	0x00000000, 0x40000821, 0x00000222, 0x01f3a000,
	0x00000000, 0x00000000, 0x00000000, 0x00000000,
	0x00000000, 0x40000821, 0x00000220, 0x01f4a000,
	0x00000000, 0x00000000, 0x00000000, 0x00000000,
	0x00000000, 0x40000821, 0x0000021e, 0x01f5a000,
	0x00000000, 0x00000000, 0x00000000, 0x00000000,
	0x00000000, 0x40000821, 0x0000021c, 0x01f6a000,
	0x00000000, 0x00000000, 0x00000000, 0x00000000,
	0x00000000, 0x40000821, 0x0000021a, 0x01f7a000,
	0x00000000, 0x00000000, 0x00000000, 0x00000000,
	0x00000000, 0x40000821, 0x00000218, 0x01f8a000,
	0x00000000, 0x00000000, 0x00000000, 0x00000000,
	0x00000000, 0x40000821, 0x00000216, 0x01f9a000,
	0x00000000, 0x00000000, 0x00000000, 0x00000000,
	0x00000000, 0x40000821, 0x00000214, 0x01faa000,
	0x00000000, 0x00000000, 0x00000000, 0x00000000,
	0x00000000, 0x40000821, 0x00000212, 0x01fba000,
	0x00000000, 0x00000000, 0x00000000, 0x00000000,
	0x00000000, 0x40000821, 0x00000210, 0x01fca000,
	0x00000000, 0x00000000, 0x00000000, 0x00000000,
	0x00000000, 0x40000821, 0x0000020e, 0x01fda000,
	0x00000000, 0x00000000, 0x00000000, 0x00000000,
	0x00000000, 0x40000821, 0x0000020c, 0x01fea000,
	0x00000000, 0x00000000, 0x00000000, 0x00000000,
	0x00000000, 0x40000821, 0x0000020a, 0x01ffa000,
	0x00000000, 0x00000000, 0x00000000, 0x00000000,
};

uint32_t idk_ut_5005_mix_ipt_sdr_dsys_ml_tbl[] = {
	0x96020000, 0xffff0053, 0x96030000, 0x00ff0053,
	0x96040000, 0xffff0053, 0x96050000, 0x00ff0053,
	0x96060000, 0xffff0053, 0x96070000, 0x00ff0053,
	0x960a0000, 0xffff0053, 0x960b0000, 0x00ff0053,
	0x960c0000, 0xffff0053, 0x960d0000, 0x00ff0053,
	0x960e0000, 0xffff0053, 0x960f0000, 0x00ff0053,
	0x96120000, 0xffff0053, 0x96130000, 0x00ff0053,
	0x96140000, 0xffff0053, 0x96150000, 0x00ff0053,
	0x96160000, 0xffff0053, 0x96170000, 0x00ff0053,
	0x96010000, 0x03ff0053, 0x96090000, 0x03ff0053,
	0x96110000, 0x03ff0053, 0x96010000, 0x80000053,
	0x95010000, 0x00040053, 0x95010000, 0x00080053,
	0x95010000, 0x00020053, 0x91080000, 0x03ff0053,
	0x91090006, 0x03ff0053, 0x910a005f, 0x03ff0053,
	0x910b015f, 0x03ff0053, 0x910c025f, 0x03ff0053,
	0x910d035f, 0x03ff0053, 0x910e03ff, 0x03ff0053,
	0x910f03ff, 0x03ff0053, 0x911003ff, 0x03ff0053,
	0x91125b55, 0xffff0053, 0x91130000, 0x3fff0053,
	0x911441c0, 0xffff0053, 0x91150113, 0x3fff0053,
	0x9116b4e0, 0xffff0053, 0x911716a0, 0x3fff0053,
	0x91187d24, 0xffff0053, 0x91190001, 0x3fff0053,
	0x911aeed4, 0xffff0053, 0x911b00a6, 0x3fff0053,
	0x911c6400, 0xffff0053, 0x911d3ea8, 0x3fff0053,
	0x911edc91, 0xffff0053, 0x911f0002, 0x3fff0053,
	0x9120d2cd, 0xffff0053, 0x9121007d, 0x3fff0053,
	0x9122f955, 0xffff0053, 0x91233fd6, 0x3fff0053,
	0x91244e44, 0xffff0053, 0x91250007, 0x3fff0053,
	0x9126c09b, 0xffff0053, 0x9127005d, 0x3fff0053,
	0x9128e7c4, 0xffff0053, 0x9129000d, 0x3fff0053,
	0x912a8fdf, 0xffff0053, 0x912b3ffc, 0x3fff0053,
	0x912cda67, 0xffff0053, 0x912d0086, 0x3fff0053,
	0x912ebc0a, 0xffff0053, 0x912f3fe6, 0x3fff0053,
	0x9130b6ce, 0xffff0053, 0x91310057, 0x3fff0053,
	0x9132ef0f, 0xffff0053, 0x91333fbd, 0x3fff0053,
	0x9134e2d7, 0xffff0053, 0x91350054, 0x3fff0053,
	0x9136b6ce, 0xffff0053, 0x91370057, 0x3fff0053,
	0x9138ef0f, 0xffff0053, 0x91393fbd, 0x3fff0053,
	0x913ae2d7, 0xffff0053, 0x913b0054, 0x3fff0053,
	0x913cb6ce, 0xffff0053, 0x913d0057, 0x3fff0053,
	0x913eef0f, 0xffff0053, 0x913f3fbd, 0x3fff0053,
	0x9140e2d7, 0xffff0053, 0x91410054, 0x3fff0053,
	0x91420000, 0x03ff0053, 0x914303ff, 0x03ff0053,
	0x914403ff, 0x03ff0053, 0x914503ff, 0x03ff0053,
	0x914603ff, 0x03ff0053, 0x914803b0, 0xffff0053,
	0x91493fe0, 0x3fff0053, 0x914a851f, 0xffff0053,
	0x914b00d6, 0x3fff0053, 0x914c0000, 0xffff0053,
	0x914d0000, 0x3fff0053, 0x914e03b0, 0xffff0053,
	0x914f3fe0, 0x3fff0053, 0x9150851f, 0xffff0053,
	0x915100d6, 0x3fff0053, 0x91520000, 0xffff0053,
	0x91530000, 0x3fff0053, 0x915403b0, 0xffff0053,
	0x91553fe0, 0x3fff0053, 0x9156851f, 0xffff0053,
	0x915700d6, 0x3fff0053, 0x91580000, 0xffff0053,
	0x91590000, 0x3fff0053, 0x915a03b0, 0xffff0053,
	0x915b3fe0, 0x3fff0053, 0x915c851f, 0xffff0053,
	0x915d00d6, 0x3fff0053, 0x915e0000, 0xffff0053,
	0x915f0000, 0x3fff0053, 0x91600000, 0x03ff0053,
	0x916103ff, 0x03ff0053, 0x916203ff, 0x03ff0053,
	0x916303ff, 0x03ff0053, 0x916403ff, 0x03ff0053,
	0x91669dc2, 0xffff0053, 0x91673fda, 0x3fff0053,
	0x91689320, 0xffff0053, 0x916900d6, 0x3fff0053,
	0x916a0000, 0xffff0053, 0x916b0000, 0x3fff0053,
	0x916c9dc2, 0xffff0053, 0x916d3fda, 0x3fff0053,
	0x916e9320, 0xffff0053, 0x916f00d6, 0x3fff0053,
	0x91700000, 0xffff0053, 0x91710000, 0x3fff0053,
	0x91729dc2, 0xffff0053, 0x91733fda, 0x3fff0053,
	0x91749320, 0xffff0053, 0x917500d6, 0x3fff0053,
	0x91760000, 0xffff0053, 0x91770000, 0x3fff0053,
	0x91789dc2, 0xffff0053, 0x91793fda, 0x3fff0053,
	0x917a9320, 0xffff0053, 0x917b00d6, 0x3fff0053,
	0x917c0000, 0xffff0053, 0x917d0000, 0x3fff0053,
	0x92080000, 0xffff0053, 0x92090000, 0xffff0053,
	0x920a0000, 0x00ff0053, 0x920a0000, 0xff000053,
	0x920b0000, 0xffff0053, 0x920c0000, 0xffff0053,
	0x920d0000, 0xffff0053, 0x920e0000, 0xffff0053,
	0x920f0000, 0x00ff0053, 0x92100000, 0xffff0053,
	0x92110000, 0xffff0053, 0x92120000, 0x00ff0053,
	0x92120000, 0xff000053, 0x92130000, 0xffff0053,
	0x92140000, 0xffff0053, 0x92150000, 0xffff0053,
	0x92160000, 0xffff0053, 0x92170000, 0x00ff0053,
	0x92180000, 0xffff0053, 0x92190000, 0xffff0053,
	0x921a0000, 0x00ff0053, 0x921a0000, 0xff000053,
	0x921b0000, 0xffff0053, 0x921c0000, 0xffff0053,
	0x921d0000, 0xffff0053, 0x921e0000, 0xffff0053,
	0x921f0000, 0x00ff0053, 0x92200000, 0xffff0053,
	0x92210000, 0xffff0053, 0x92220000, 0x00ff0053,
	0x92220000, 0xff000053, 0x92230000, 0xffff0053,
	0x92240000, 0xffff0053, 0x92250000, 0xffff0053,
	0x92260000, 0xffff0053, 0x92270000, 0x00ff0053,
	0x92280000, 0xffff0053, 0x92290000, 0xffff0053,
	0x922a0000, 0x00ff0053, 0x922a0000, 0xff000053,
	0x922b0000, 0xffff0053, 0x922c0000, 0xffff0053,
	0x922d0000, 0xffff0053, 0x922e0000, 0xffff0053,
	0x922f0000, 0x00ff0053, 0x92300000, 0xffff0053,
	0x92310000, 0xffff0053, 0x92320000, 0x00ff0053,
	0x92320000, 0xff000053, 0x92330000, 0xffff0053,
	0x92340000, 0xffff0053, 0x92350000, 0xffff0053,
	0x92360000, 0xffff0053, 0x92370000, 0x00ff0053,
	0x92380000, 0xffff0053, 0x92390000, 0xffff0053,
	0x923a0000, 0x00ff0053, 0x923a0000, 0xff000053,
	0x923b0000, 0xffff0053, 0x923c0000, 0xffff0053,
	0x923d0000, 0xffff0053, 0x923e0000, 0xffff0053,
	0x923f0000, 0x00ff0053, 0x92400000, 0xffff0053,
	0x92410000, 0xffff0053, 0x92420000, 0x00ff0053,
	0x92420000, 0xff000053, 0x92430000, 0xffff0053,
	0x92440000, 0xffff0053, 0x92450000, 0xffff0053,
	0x92460000, 0xffff0053, 0x92470000, 0x00ff0053,
	0x92480000, 0xffff0053, 0x92490000, 0xffff0053,
	0x924a0000, 0x00ff0053, 0x924a0000, 0xff000053,
	0x924b0000, 0xffff0053, 0x924c0000, 0xffff0053,
	0x924d0000, 0xffff0053, 0x924e0000, 0xffff0053,
	0x924f0000, 0x00ff0053, 0x92500000, 0xffff0053,
	0x92510000, 0xffff0053, 0x92520000, 0x00ff0053,
	0x92520000, 0xff000053, 0x92530000, 0xffff0053,
	0x92540000, 0xffff0053, 0x92550000, 0xffff0053,
	0x92560000, 0xffff0053, 0x92570000, 0x00ff0053,
	0x92580000, 0xffff0053, 0x92590000, 0xffff0053,
	0x925a0000, 0x00ff0053, 0x925a0000, 0xff000053,
	0x925b0000, 0xffff0053, 0x925c0000, 0xffff0053,
	0x925d0000, 0xffff0053, 0x925e0000, 0xffff0053,
	0x925f0000, 0x00ff0053, 0x92600000, 0xffff0053,
	0x92610000, 0xffff0053, 0x92620000, 0x00ff0053,
	0x92620000, 0xff000053, 0x92630000, 0xffff0053,
	0x92640000, 0xffff0053, 0x92650000, 0xffff0053,
	0x92660000, 0xffff0053, 0x92670000, 0x00ff0053,
	0x92680000, 0xffff0053, 0x92690000, 0xffff0053,
	0x926a0000, 0x00ff0053, 0x926a0000, 0xff000053,
	0x926b0000, 0xffff0053, 0x926c0000, 0xffff0053,
	0x926d0000, 0xffff0053, 0x926e0000, 0xffff0053,
	0x926f0000, 0x00ff0053, 0x92700000, 0xffff0053,
	0x92710000, 0xffff0053, 0x92720000, 0x00ff0053,
	0x92720000, 0xff000053, 0x92730000, 0xffff0053,
	0x92740000, 0xffff0053, 0x92750000, 0xffff0053,
	0x92760000, 0xffff0053, 0x92770000, 0x00ff0053,
	0x92780000, 0xffff0053, 0x92790000, 0xffff0053,
	0x927a0000, 0x00ff0053, 0x927a0000, 0xff000053,
	0x927b0000, 0xffff0053, 0x927c0000, 0xffff0053,
	0x95010000, 0x00100053, 0x95010000, 0x03000053,
	0x95080000, 0x80000053, 0x95100000, 0x80000053,
	0x95080000, 0x1fff0053, 0x95090000, 0x1fff0053,
	0x950a0000, 0x1fff0053, 0x950b0000, 0x1fff0053,
	0x950c0000, 0x1fff0053, 0x950d0000, 0x1fff0053,
	0x950e0000, 0x1fff0053, 0x950f0000, 0x1fff0053,
	0x95100000, 0x00ff0053, 0x95110000, 0x00ff0053,
	0x95120000, 0x00ff0053, 0x95130000, 0x00ff0053,
	0x95140000, 0x00ff0053, 0x95150000, 0x00ff0053,
	0x95160000, 0x00ff0053, 0x95170000, 0x00ff0053,
	0x95180000, 0x00030053, 0x95190000, 0x00030053,
	0x95190000, 0x03000053, 0x95180000, 0x80000053,
	0x91010000, 0x00010053, 0x91010000, 0x00020053,
	0x96180001, 0x00030053, 0x947b0000, 0x00800053,
	0x93060000, 0x00ff0053, 0x93070002, 0x00020053,
	0x93348001, 0x80010053, 0x94070000, 0x00200053,
	0x947302d0, 0xffff0053, 0x947401e0, 0xffff0053,
	0x93060000, 0x00ff0053, 0x94720000, 0x80000053,
	0x94790001, 0x00010053, 0x94320001, 0x00010053,
	0x94010000, 0x20000053, 0x94011000, 0x10000053,
	0x94018000, 0x80000053, 0x94020001, 0x00010053,
	0x94020000, 0x00020053, 0x94020004, 0x00040053,
	0x94020000, 0x00080053, 0x94020000, 0x00100053,
	0x94020000, 0x00200053, 0x941f0005, 0x00070053,
	0x94010000, 0x00040053, 0x94082000, 0xffff0053,
	0x9409031f, 0xffff0053, 0x940a0691, 0xffff0053,
	0x940b2000, 0xffff0053, 0x940cfc5b, 0xffff0053,
	0x940d0443, 0xffff0053, 0x940e2000, 0xffff0053,
	0x940f010b, 0xffff0053, 0x9410ea57, 0xffff0053,
	0x94118000, 0xffff0053, 0x9412004d, 0xffff0053,
	0x9413f000, 0xffff0053, 0x94140004, 0xffff0053,
	0x94151000, 0xffff0053, 0x9416ff5b, 0xffff0053,
	0x941bffff, 0xffff0053, 0x941c01ff, 0xffff0053,
	0x94070280, 0x03800053, 0x94170000, 0xffff0053,
	0x9418fff0, 0xffff0053, 0x94190010, 0xffff0053,
	0x941a0001, 0x00010053, 0x94070000, 0x00020053,
	0x94070000, 0x000c0053, 0x94010000, 0x00080053,
	0x94070001, 0x00010053, 0x94010000, 0x00100053,
	0x94204000, 0xffff0053, 0x9421ffff, 0xffff0053,
	0x9422ffff, 0xffff0053, 0x9423ffff, 0xffff0053,
	0x94244000, 0xffff0053, 0x9425ffff, 0xffff0053,
	0x9426ffff, 0xffff0053, 0x9427ffff, 0xffff0053,
	0x94284000, 0xffff0053, 0x94070c00, 0x0c000053,
	0x94010000, 0x00200053, 0x94070000, 0x00100053,
	0x93440000, 0x80000053, 0x94010000, 0x00400053,
	0x94070000, 0x30000053, 0x94290666, 0xffff0053,
	0x942a0666, 0xffff0053, 0x942b0333, 0xffff0053,
	0x942c4748, 0xffff0053, 0x942db262, 0xffff0053,
	0x942e0656, 0xffff0053, 0x942f0ce4, 0xffff0053,
	0x943005b7, 0xffff0053, 0x9431ed65, 0xffff0053,
	0x94010000, 0x00800053, 0x94010000, 0x00010053,
	0x945d0000, 0x00040053, 0x945d0000, 0x00080053,
	0x945d0000, 0x00010053, 0x945d0000, 0x00020053,
	0x94720000, 0x00030053, 0x94708000, 0x80000053,
	0x94718000, 0x80000053, 0x94718000, 0x80000053,
	0x94718000, 0x80000053, 0x94718000, 0x80000053,
};

uint32_t idk_ut_5005_mix_ipt_sdr_msys_ml_tbl[] = {
	0x59010001, 0x00010053, 0x59010000, 0x00020053,
	0x59297fff, 0xffff0053, 0x592a0c7c, 0xffff0053,
	0x592b1a45, 0xffff0053, 0x592c7fff, 0xffff0053,
	0x592df16d, 0xffff0053, 0x592e110d, 0xffff0053,
	0x592f7fff, 0xffff0053, 0x5930042d, 0xffff0053,
	0x5931a95c, 0xffff0053, 0x59070000, 0x30000053,
	0x59010000, 0x00040053, 0x59010000, 0x00080053,
	0x59205ccf, 0xffff0053, 0x5921b0a4, 0xffff0053,
	0x5922028c, 0xffff0053, 0x5923ec83, 0xffff0053,
	0x592426af, 0xffff0053, 0x5925fcce, 0xffff0053,
	0x5926002b, 0xffff0053, 0x5927fc5f, 0xffff0053,
	0x59281375, 0xffff0053, 0x59070400, 0x0c000053,
	0x59460000, 0xffff0053, 0x59470190, 0xffff0053,
	0x5943051e, 0xffff0053, 0x59440000, 0xffff0053,
	0x59010000, 0x00100053, 0x59070000, 0x00010053,
	0x59010000, 0x00200053, 0x59081749, 0xffff0053,
	0x59094e53, 0xffff0053, 0x590a07e7, 0xffff0053,
	0x590bf329, 0xffff0053, 0x590cd4d2, 0xffff0053,
	0x590d3803, 0xffff0053, 0x590e3803, 0xffff0053,
	0x590fcd1f, 0xffff0053, 0x5910fadc, 0xffff0053,
	0x59110100, 0x1fff0053, 0x59130800, 0x1fff0053,
	0x59150800, 0x1fff0053, 0x59070180, 0x01800053,
	0x59170000, 0x0fff0053, 0x59190000, 0xffff0053,
	0x591a0001, 0x00010053, 0x59010040, 0x00400053,
	0x59040000, 0x00010053, 0x591f0000, 0x00030053,
	0x49010000, 0x00040053, 0x49084000, 0xffff0053,
	0x49090000, 0xffff0053, 0x490a64c8, 0xffff0053,
	0x490b4000, 0xffff0053, 0x490cf403, 0xffff0053,
	0x490de208, 0xffff0053, 0x490e4000, 0xffff0053,
	0x490f76c2, 0xffff0053, 0x49100000, 0xffff0053,
	0x49116400, 0xffff0053, 0x49120032, 0xffff0053,
	0x49130580, 0xffff0053, 0x4914ffeb, 0xffff0053,
	0x49156100, 0xffff0053, 0x4916003b, 0xffff0053,
	0x491bffff, 0xffff0053, 0x491c003f, 0xffff0053,
	0x49070000, 0x03800053, 0x49170000, 0xffff0053,
	0x4918ff00, 0xffff0053, 0x49190101, 0xffff0053,
	0x491a0001, 0x00010053, 0x49070002, 0x00020053,
	0x49070000, 0x000c0053, 0x49010000, 0x00080053,
	0x49070000, 0x00010053, 0x49010000, 0x00100053,
	0x49202705, 0xffff0053, 0x492150ce, 0xffff0053,
	0x4922082b, 0xffff0053, 0x492313ef, 0xffff0053,
	0x49245f0d, 0xffff0053, 0x49250d01, 0xffff0053,
	0x49260361, 0xffff0053, 0x49271106, 0xffff0053,
	0x49286b97, 0xffff0053, 0x49070000, 0x0c000053,
	0x49010000, 0x00200053, 0x49010000, 0x00400053,
	0x49070000, 0x30000053, 0x49290666, 0xffff0053,
	0x492a0666, 0xffff0053, 0x492b0333, 0xffff0053,
	0x492c4748, 0xffff0053, 0x492db262, 0xffff0053,
	0x492e0656, 0xffff0053, 0x492f0ce4, 0xffff0053,
	0x493005b7, 0xffff0053, 0x4931ed65, 0xffff0053,
	0x49010000, 0x00800053, 0x49010000, 0x00010053,
	0x49720000, 0x00030053, 0x495d0000, 0x00040053,
	0x495d0000, 0x00080053, 0x495d0000, 0x00010053,
	0x495d0000, 0x00020053, 0x49790001, 0x00010053,
	0x497a0000, 0x000c0053, 0x497d0000, 0x00ff0053,
	0x49320001, 0x00010053, 0x497401e0, 0x1fff0053,
	0x49070000, 0x00200053, 0x59480001, 0x00010053,
	0x59480002, 0x00020053, 0x59480000, 0x00040053,
	0x59480100, 0x01000053, 0x59480010, 0x00100053,
	0x59720001, 0x00010053, 0x59720000, 0x00020053,
	0x597b0000, 0x10000053, 0x49708000, 0x80000053,
	0x49718000, 0x80000053, 0x49718000, 0x80000053,
};

uint32_t idk_ut_5005_mix_ipt_ipt_v_lut[] = {
	0x00000000, 0xc7ff8000, 0x01ffe3ff, 0x0000b000,
	0x00000000, 0x00000000, 0x00000000, 0x00000000,
	0x00000000, 0xc7ff8008, 0x01ffe3ff, 0x0001b000,
	0x00000000, 0x00000000, 0x00000000, 0x00000000,
	0x00000000, 0xc7ff8010, 0x01ffe3ff, 0x0002b000,
	0x00000000, 0x00000000, 0x00000000, 0x00000000,
	0x00000000, 0xc7ff8018, 0x01ffe3ff, 0x0003b000,
	0x00000000, 0x00000000, 0x00000000, 0x00000000,
	0x00000000, 0xc7ff8020, 0x01ffe3ff, 0x0004b000,
	0x00000000, 0x00000000, 0x00000000, 0x00000000,
	0x00000000, 0xc7ff8028, 0x01ffe3ff, 0x0005b000,
	0x00000000, 0x00000000, 0x00000000, 0x00000000,
	0x00000000, 0xc7ff8030, 0x01ffe3ff, 0x0006b000,
	0x00000000, 0x00000000, 0x00000000, 0x00000000,
	0x00000000, 0xc7ff8038, 0x01ffe3ff, 0x0007b000,
	0x00000000, 0x00000000, 0x00000000, 0x00000000,
	0x00000000, 0xc7ff8040, 0x01ffe3ff, 0x0008b000,
	0x00000000, 0x00000000, 0x00000000, 0x00000000,
	0x00000000, 0xc7ff8048, 0x01ffe3ff, 0x0009b000,
	0x00000000, 0x00000000, 0x00000000, 0x00000000,
	0x00000000, 0xc7ff8050, 0x01ffe3ff, 0x000ab000,
	0x00000000, 0x00000000, 0x00000000, 0x00000000,
	0x00000000, 0xc7ff8058, 0x01ffe3ff, 0x000bb000,
	0x00000000, 0x00000000, 0x00000000, 0x00000000,
	0x00000000, 0xc7ff8060, 0x01ffe3ff, 0x000cb000,
	0x00000000, 0x00000000, 0x00000000, 0x00000000,
	0x00000000, 0xc7ff8068, 0x01ffe3ff, 0x000db000,
	0x00000000, 0x00000000, 0x00000000, 0x00000000,
	0x00000000, 0xc7ff8070, 0x01ffe3ff, 0x000eb000,
	0x00000000, 0x00000000, 0x00000000, 0x00000000,
	0x00000000, 0xc7ff8078, 0x01ffe3ff, 0x000fb000,
	0x00000000, 0x00000000, 0x00000000, 0x00000000,
	0x00000000, 0xc7ff8080, 0x01ffe3ff, 0x0010b000,
	0x00000000, 0x00000000, 0x00000000, 0x00000000,
	0x00000000, 0xc7ff8088, 0x01ffe3ff, 0x0011b000,
	0x00000000, 0x00000000, 0x00000000, 0x00000000,
	0x00000000, 0xc7ff8090, 0x01ffe3ff, 0x0012b000,
	0x00000000, 0x00000000, 0x00000000, 0x00000000,
	0x00000000, 0xc7ff8098, 0x01ffe3ff, 0x0013b000,
	0x00000000, 0x00000000, 0x00000000, 0x00000000,
	0x00000000, 0xc7ff80a0, 0x01ffe3ff, 0x0014b000,
	0x00000000, 0x00000000, 0x00000000, 0x00000000,
	0x00000000, 0xc7ff80a8, 0x01ffe3ff, 0x0015b000,
	0x00000000, 0x00000000, 0x00000000, 0x00000000,
	0x00000000, 0xc7ff80b0, 0x01ffe3ff, 0x0016b000,
	0x00000000, 0x00000000, 0x00000000, 0x00000000,
	0x00000000, 0xc7ff80b8, 0x01ffe3ff, 0x0017b000,
	0x00000000, 0x00000000, 0x00000000, 0x00000000,
	0x00000000, 0xc7ff80c0, 0x01ffe3ff, 0x0018b000,
	0x00000000, 0x00000000, 0x00000000, 0x00000000,
	0x00000000, 0xc7ff80c8, 0x01ffe3ff, 0x0019b000,
	0x00000000, 0x00000000, 0x00000000, 0x00000000,
	0x00000000, 0xc7ff80d0, 0x01ffe3ff, 0x001ab000,
	0x00000000, 0x00000000, 0x00000000, 0x00000000,
	0x00000000, 0xc7ff80d8, 0x01ffe3ff, 0x001bb000,
	0x00000000, 0x00000000, 0x00000000, 0x00000000,
	0x00000000, 0xc7ff80e0, 0x01ffe3ff, 0x001cb000,
	0x00000000, 0x00000000, 0x00000000, 0x00000000,
	0x00000000, 0xc7ff80e8, 0x01ffe3ff, 0x001db000,
	0x00000000, 0x00000000, 0x00000000, 0x00000000,
	0x00000000, 0xc7ff80f0, 0x01ffe3ff, 0x001eb000,
	0x00000000, 0x00000000, 0x00000000, 0x00000000,
	0x00000000, 0xc7ff80f8, 0x01ffe3ff, 0x001fb000,
	0x00000000, 0x00000000, 0x00000000, 0x00000000,
	0x00000000, 0xc7ff8100, 0x01ffe3ff, 0x0020b000,
	0x00000000, 0x00000000, 0x00000000, 0x00000000,
	0x00000000, 0xc7ff8108, 0x01ffe3ff, 0x0021b000,
	0x00000000, 0x00000000, 0x00000000, 0x00000000,
	0x00000000, 0xc7ff8110, 0x01ffe3ff, 0x0022b000,
	0x00000000, 0x00000000, 0x00000000, 0x00000000,
	0x00000000, 0xc7ff8118, 0x01ffe3ff, 0x0023b000,
	0x00000000, 0x00000000, 0x00000000, 0x00000000,
	0x00000000, 0xc7ff8120, 0x01ffe3ff, 0x0024b000,
	0x00000000, 0x00000000, 0x00000000, 0x00000000,
	0x00000000, 0xc7ff8128, 0x01ffe3ff, 0x0025b000,
	0x00000000, 0x00000000, 0x00000000, 0x00000000,
	0x00000000, 0xc7ff8130, 0x01ffe3ff, 0x0026b000,
	0x00000000, 0x00000000, 0x00000000, 0x00000000,
	0x00000000, 0xc7ff8138, 0x01ffe3ff, 0x0027b000,
	0x00000000, 0x00000000, 0x00000000, 0x00000000,
	0x00000000, 0xc7ff8140, 0x01ffe3ff, 0x0028b000,
	0x00000000, 0x00000000, 0x00000000, 0x00000000,
	0x00000000, 0xc7ff8148, 0x01ffe3ff, 0x0029b000,
	0x00000000, 0x00000000, 0x00000000, 0x00000000,
	0x00000000, 0xc7ff8150, 0x01ffe3ff, 0x002ab000,
	0x00000000, 0x00000000, 0x00000000, 0x00000000,
	0x00000000, 0xc7ff8158, 0x01ffe3ff, 0x002bb000,
	0x00000000, 0x00000000, 0x00000000, 0x00000000,
	0x00000000, 0xc7ff8160, 0x01ffe3ff, 0x002cb000,
	0x00000000, 0x00000000, 0x00000000, 0x00000000,
	0x00000000, 0xc7ff8168, 0x01ffe3ff, 0x002db000,
	0x00000000, 0x00000000, 0x00000000, 0x00000000,
	0x00000000, 0xc7ff8170, 0x01ffe3ff, 0x002eb000,
	0x00000000, 0x00000000, 0x00000000, 0x00000000,
	0x00000000, 0xc7ff8178, 0x01ffe3ff, 0x002fb000,
	0x00000000, 0x00000000, 0x00000000, 0x00000000,
	0x00000000, 0xc7ff8180, 0x01ffe3ff, 0x0030b000,
	0x00000000, 0x00000000, 0x00000000, 0x00000000,
	0x00000000, 0xc7ff8188, 0x01ffe3ff, 0x0031b000,
	0x00000000, 0x00000000, 0x00000000, 0x00000000,
	0x00000000, 0xc7ff8190, 0x01ffe3ff, 0x0032b000,
	0x00000000, 0x00000000, 0x00000000, 0x00000000,
	0x00000000, 0xc7ff8198, 0x01ffe3ff, 0x0033b000,
	0x00000000, 0x00000000, 0x00000000, 0x00000000,
	0x00000000, 0xc7ff81a0, 0x01ffe3ff, 0x0034b000,
	0x00000000, 0x00000000, 0x00000000, 0x00000000,
	0x00000000, 0xc7ff81a8, 0x01ffe3ff, 0x0035b000,
	0x00000000, 0x00000000, 0x00000000, 0x00000000,
	0x00000000, 0xc7ff81b0, 0x01ffe3ff, 0x0036b000,
	0x00000000, 0x00000000, 0x00000000, 0x00000000,
	0x00000000, 0xc7ff81b8, 0x01ffe3ff, 0x0037b000,
	0x00000000, 0x00000000, 0x00000000, 0x00000000,
	0x00000000, 0xc7ff81c0, 0x01ffe3ff, 0x0038b000,
	0x00000000, 0x00000000, 0x00000000, 0x00000000,
	0x00000000, 0xc7ff81c8, 0x01ffe3ff, 0x0039b000,
	0x00000000, 0x00000000, 0x00000000, 0x00000000,
	0x00000000, 0xc7ff81d0, 0x01ffe3ff, 0x003ab000,
	0x00000000, 0x00000000, 0x00000000, 0x00000000,
	0x00000000, 0xc7ff81d8, 0x01ffe3ff, 0x003bb000,
	0x00000000, 0x00000000, 0x00000000, 0x00000000,
	0x00000000, 0xc7ff81e0, 0x01ffe3ff, 0x003cb000,
	0x00000000, 0x00000000, 0x00000000, 0x00000000,
	0x00000000, 0xc7ff81e8, 0x01ffe3ff, 0x003db000,
	0x00000000, 0x00000000, 0x00000000, 0x00000000,
	0x00000000, 0xc7ff81f0, 0x01ffe3ff, 0x003eb000,
	0x00000000, 0x00000000, 0x00000000, 0x00000000,
	0x00000000, 0xc7ff81f8, 0x01ffe3ff, 0x003fb000,
	0x00000000, 0x00000000, 0x00000000, 0x00000000,
	0x00000000, 0xc7ff8200, 0x01ffe3ff, 0x0040b000,
	0x00000000, 0x00000000, 0x00000000, 0x00000000,
	0x00000000, 0xc7ff8208, 0x01ffe3ff, 0x0041b000,
	0x00000000, 0x00000000, 0x00000000, 0x00000000,
	0x00000000, 0xc7ff8210, 0x01ffe3ff, 0x0042b000,
	0x00000000, 0x00000000, 0x00000000, 0x00000000,
	0x00000000, 0xc7ff8218, 0x01ffe3ff, 0x0043b000,
	0x00000000, 0x00000000, 0x00000000, 0x00000000,
	0x00000000, 0xc7ff8220, 0x01ffe3ff, 0x0044b000,
	0x00000000, 0x00000000, 0x00000000, 0x00000000,
	0x00000000, 0xc7ff8228, 0x01ffe3ff, 0x0045b000,
	0x00000000, 0x00000000, 0x00000000, 0x00000000,
	0x00000000, 0xc7ff8230, 0x01ffe3ff, 0x0046b000,
	0x00000000, 0x00000000, 0x00000000, 0x00000000,
	0x00000000, 0xc7ff8238, 0x01ffe3ff, 0x0047b000,
	0x00000000, 0x00000000, 0x00000000, 0x00000000,
	0x00000000, 0xc7ff8240, 0x01ffe3ff, 0x0048b000,
	0x00000000, 0x00000000, 0x00000000, 0x00000000,
	0x00000000, 0xc7ff8248, 0x01ffe3ff, 0x0049b000,
	0x00000000, 0x00000000, 0x00000000, 0x00000000,
	0x00000000, 0xc7ff8250, 0x01ffe3ff, 0x004ab000,
	0x00000000, 0x00000000, 0x00000000, 0x00000000,
	0x00000000, 0xc7ff8258, 0x01ffe3ff, 0x004bb000,
	0x00000000, 0x00000000, 0x00000000, 0x00000000,
	0x00000000, 0xc7ff8260, 0x01ffe3ff, 0x004cb000,
	0x00000000, 0x00000000, 0x00000000, 0x00000000,
	0x00000000, 0xc7ff8268, 0x01ffe3ff, 0x004db000,
	0x00000000, 0x00000000, 0x00000000, 0x00000000,
	0x00000000, 0xc7ff8270, 0x01ffe3ff, 0x004eb000,
	0x00000000, 0x00000000, 0x00000000, 0x00000000,
	0x00000000, 0xc7ff8278, 0x01ffe3ff, 0x004fb000,
	0x00000000, 0x00000000, 0x00000000, 0x00000000,
	0x00000000, 0xc7ff8280, 0x01ffe3ff, 0x0050b000,
	0x00000000, 0x00000000, 0x00000000, 0x00000000,
	0x00000000, 0xc7ff8288, 0x01ffe3ff, 0x0051b000,
	0x00000000, 0x00000000, 0x00000000, 0x00000000,
	0x00000000, 0xc7ff8290, 0x01ffe3ff, 0x0052b000,
	0x00000000, 0x00000000, 0x00000000, 0x00000000,
	0x00000000, 0xc7ff8298, 0x01ffe3ff, 0x0053b000,
	0x00000000, 0x00000000, 0x00000000, 0x00000000,
	0x00000000, 0xc7ff82a0, 0x01ffe3ff, 0x0054b000,
	0x00000000, 0x00000000, 0x00000000, 0x00000000,
	0x00000000, 0xc7ff82a8, 0x01ffe3ff, 0x0055b000,
	0x00000000, 0x00000000, 0x00000000, 0x00000000,
	0x00000000, 0xc7ff82b0, 0x01ffe3ff, 0x0056b000,
	0x00000000, 0x00000000, 0x00000000, 0x00000000,
	0x00000000, 0xc7ff82b8, 0x01ffe3ff, 0x0057b000,
	0x00000000, 0x00000000, 0x00000000, 0x00000000,
	0x00000000, 0xc7ff82c0, 0x01ffe3ff, 0x0058b000,
	0x00000000, 0x00000000, 0x00000000, 0x00000000,
	0x00000000, 0xc7ff82c8, 0x01ffe3ff, 0x0059b000,
	0x00000000, 0x00000000, 0x00000000, 0x00000000,
	0x00000000, 0xc7ff82d0, 0x01ffe3ff, 0x005ab000,
	0x00000000, 0x00000000, 0x00000000, 0x00000000,
	0x00000000, 0xc7ff82d8, 0x01ffe3ff, 0x005bb000,
	0x00000000, 0x00000000, 0x00000000, 0x00000000,
	0x00000000, 0xc7ff82e0, 0x01ffe3ff, 0x005cb000,
	0x00000000, 0x00000000, 0x00000000, 0x00000000,
	0x00000000, 0xc7ff82e8, 0x01ffe3ff, 0x005db000,
	0x00000000, 0x00000000, 0x00000000, 0x00000000,
	0x00000000, 0xc7ff82f0, 0x01ffe3ff, 0x005eb000,
	0x00000000, 0x00000000, 0x00000000, 0x00000000,
	0x00000000, 0xc7ff82f8, 0x01ffe3ff, 0x005fb000,
	0x00000000, 0x00000000, 0x00000000, 0x00000000,
	0x00000000, 0xc7ff8300, 0x01ffe3ff, 0x0060b000,
	0x00000000, 0x00000000, 0x00000000, 0x00000000,
	0x00000000, 0xc7ff8308, 0x01ffe3ff, 0x0061b000,
	0x00000000, 0x00000000, 0x00000000, 0x00000000,
	0x00000000, 0xc7ff8310, 0x01ffe3ff, 0x0062b000,
	0x00000000, 0x00000000, 0x00000000, 0x00000000,
	0x00000000, 0xc7ff8318, 0x01ffe3ff, 0x0063b000,
	0x00000000, 0x00000000, 0x00000000, 0x00000000,
	0x00000000, 0xc7ff8320, 0x01ffe3ff, 0x0064b000,
	0x00000000, 0x00000000, 0x00000000, 0x00000000,
	0x00000000, 0xc7ff8328, 0x01ffe3ff, 0x0065b000,
	0x00000000, 0x00000000, 0x00000000, 0x00000000,
	0x00000000, 0xc7ff8330, 0x01ffe3ff, 0x0066b000,
	0x00000000, 0x00000000, 0x00000000, 0x00000000,
	0x00000000, 0xc7ff8338, 0x01ffe3ff, 0x0067b000,
	0x00000000, 0x00000000, 0x00000000, 0x00000000,
	0x00000000, 0xc7ff8340, 0x01ffe3ff, 0x0068b000,
	0x00000000, 0x00000000, 0x00000000, 0x00000000,
	0x00000000, 0xc7ff8348, 0x01ffe3ff, 0x0069b000,
	0x00000000, 0x00000000, 0x00000000, 0x00000000,
	0x00000000, 0xc7ff8350, 0x01ffe3ff, 0x006ab000,
	0x00000000, 0x00000000, 0x00000000, 0x00000000,
	0x00000000, 0xc7ff8358, 0x01ffe3ff, 0x006bb000,
	0x00000000, 0x00000000, 0x00000000, 0x00000000,
	0x00000000, 0xc7ff8360, 0x01ffe3ff, 0x006cb000,
	0x00000000, 0x00000000, 0x00000000, 0x00000000,
	0x00000000, 0xc7ff8368, 0x01ffe3ff, 0x006db000,
	0x00000000, 0x00000000, 0x00000000, 0x00000000,
	0x00000000, 0xc7ff8370, 0x01ffe3ff, 0x006eb000,
	0x00000000, 0x00000000, 0x00000000, 0x00000000,
	0x00000000, 0xc7ff8378, 0x01ffe3ff, 0x006fb000,
	0x00000000, 0x00000000, 0x00000000, 0x00000000,
	0x00000000, 0xc7ff8380, 0x01ffe3ff, 0x0070b000,
	0x00000000, 0x00000000, 0x00000000, 0x00000000,
	0x00000000, 0xc7ff8388, 0x01ffe3ff, 0x0071b000,
	0x00000000, 0x00000000, 0x00000000, 0x00000000,
	0x00000000, 0xc7ff8390, 0x01ffe3ff, 0x0072b000,
	0x00000000, 0x00000000, 0x00000000, 0x00000000,
	0x00000000, 0xc7ff8398, 0x01ffe3ff, 0x0073b000,
	0x00000000, 0x00000000, 0x00000000, 0x00000000,
	0x00000000, 0xc7ff83a0, 0x01ffe3ff, 0x0074b000,
	0x00000000, 0x00000000, 0x00000000, 0x00000000,
	0x00000000, 0xc7ff83a8, 0x01ffe3ff, 0x0075b000,
	0x00000000, 0x00000000, 0x00000000, 0x00000000,
	0x00000000, 0xc7ff83b0, 0x01ffe3ff, 0x0076b000,
	0x00000000, 0x00000000, 0x00000000, 0x00000000,
	0x00000000, 0xc7ff83b8, 0x01ffe3ff, 0x0077b000,
	0x00000000, 0x00000000, 0x00000000, 0x00000000,
	0x00000000, 0xc7ff83c0, 0x01ffe3ff, 0x0078b000,
	0x00000000, 0x00000000, 0x00000000, 0x00000000,
	0x00000000, 0xc7ff83c8, 0x01ffe3ff, 0x0079b000,
	0x00000000, 0x00000000, 0x00000000, 0x00000000,
	0x00000000, 0xc7ff83d0, 0x01ffe3ff, 0x007ab000,
	0x00000000, 0x00000000, 0x00000000, 0x00000000,
	0x00000000, 0xc7ff83d8, 0x01ffe3ff, 0x007bb000,
	0x00000000, 0x00000000, 0x00000000, 0x00000000,
	0x00000000, 0xc7ff83e0, 0x01ffe3ff, 0x007cb000,
	0x00000000, 0x00000000, 0x00000000, 0x00000000,
	0x00000000, 0xc7ff83e8, 0x01ffe3ff, 0x007db000,
	0x00000000, 0x00000000, 0x00000000, 0x00000000,
	0x00000000, 0xc7ff83f0, 0x01ffe3ff, 0x007eb000,
	0x00000000, 0x00000000, 0x00000000, 0x00000000,
	0x00000000, 0xc7ff83f8, 0x01ffe3ff, 0x007fb000,
	0x00000000, 0x00000000, 0x00000000, 0x00000000,
	0x00000000, 0xc7ff8400, 0x01ffe3ff, 0x0080b000,
	0x00000000, 0x00000000, 0x00000000, 0x00000000,
	0x00000000, 0xc7ff8408, 0x01ffe3ff, 0x0081b000,
	0x00000000, 0x00000000, 0x00000000, 0x00000000,
	0x00000000, 0xc7ff8410, 0x01ffe3ff, 0x0082b000,
	0x00000000, 0x00000000, 0x00000000, 0x00000000,
	0x00000000, 0xc7ff8418, 0x01ffe3ff, 0x0083b000,
	0x00000000, 0x00000000, 0x00000000, 0x00000000,
	0x00000000, 0xc7ff8420, 0x01ffe3ff, 0x0084b000,
	0x00000000, 0x00000000, 0x00000000, 0x00000000,
	0x00000000, 0xc7ff8428, 0x01ffe3ff, 0x0085b000,
	0x00000000, 0x00000000, 0x00000000, 0x00000000,
	0x00000000, 0xc7ff8430, 0x01ffe3ff, 0x0086b000,
	0x00000000, 0x00000000, 0x00000000, 0x00000000,
	0x00000000, 0xc7ff8438, 0x01ffe3ff, 0x0087b000,
	0x00000000, 0x00000000, 0x00000000, 0x00000000,
	0x00000000, 0xc7ff8440, 0x01ffe3ff, 0x0088b000,
	0x00000000, 0x00000000, 0x00000000, 0x00000000,
	0x00000000, 0xc7ff8448, 0x01ffe3ff, 0x0089b000,
	0x00000000, 0x00000000, 0x00000000, 0x00000000,
	0x00000000, 0xc7ff8450, 0x01ffe3ff, 0x008ab000,
	0x00000000, 0x00000000, 0x00000000, 0x00000000,
	0x00000000, 0xc7ff8458, 0x01ffe3ff, 0x008bb000,
	0x00000000, 0x00000000, 0x00000000, 0x00000000,
	0x00000000, 0xc7ff8460, 0x01ffe3ff, 0x008cb000,
	0x00000000, 0x00000000, 0x00000000, 0x00000000,
	0x00000000, 0xc7ff8468, 0x01ffe3ff, 0x008db000,
	0x00000000, 0x00000000, 0x00000000, 0x00000000,
	0x00000000, 0xc7ff8470, 0x01ffe3ff, 0x008eb000,
	0x00000000, 0x00000000, 0x00000000, 0x00000000,
	0x00000000, 0xc7ff8478, 0x01ffe3ff, 0x008fb000,
	0x00000000, 0x00000000, 0x00000000, 0x00000000,
	0x00000000, 0xc7ff8480, 0x01ffe3ff, 0x0090b000,
	0x00000000, 0x00000000, 0x00000000, 0x00000000,
	0x00000000, 0xc7ff8488, 0x01ffe3ff, 0x0091b000,
	0x00000000, 0x00000000, 0x00000000, 0x00000000,
	0x00000000, 0xc7ff8490, 0x01ffe3ff, 0x0092b000,
	0x00000000, 0x00000000, 0x00000000, 0x00000000,
	0x00000000, 0xc7ff8498, 0x01ffe3ff, 0x0093b000,
	0x00000000, 0x00000000, 0x00000000, 0x00000000,
	0x00000000, 0xc7ff84a0, 0x01ffe3ff, 0x0094b000,
	0x00000000, 0x00000000, 0x00000000, 0x00000000,
	0x00000000, 0xc7ff84a8, 0x01ffe3ff, 0x0095b000,
	0x00000000, 0x00000000, 0x00000000, 0x00000000,
	0x00000000, 0xc7ff84b0, 0x01ffe3ff, 0x0096b000,
	0x00000000, 0x00000000, 0x00000000, 0x00000000,
	0x00000000, 0xc7ff84b8, 0x01ffe3ff, 0x0097b000,
	0x00000000, 0x00000000, 0x00000000, 0x00000000,
	0x00000000, 0xc7ff84c0, 0x01ffe3ff, 0x0098b000,
	0x00000000, 0x00000000, 0x00000000, 0x00000000,
	0x00000000, 0xc7ff84c8, 0x01ffe3ff, 0x0099b000,
	0x00000000, 0x00000000, 0x00000000, 0x00000000,
	0x00000000, 0xc7ff84d0, 0x01ffe3ff, 0x009ab000,
	0x00000000, 0x00000000, 0x00000000, 0x00000000,
	0x00000000, 0xc7ff84d8, 0x01ffe3ff, 0x009bb000,
	0x00000000, 0x00000000, 0x00000000, 0x00000000,
	0x00000000, 0xc7ff84e0, 0x01ffe3ff, 0x009cb000,
	0x00000000, 0x00000000, 0x00000000, 0x00000000,
	0x00000000, 0xc7ff84e8, 0x01ffe3ff, 0x009db000,
	0x00000000, 0x00000000, 0x00000000, 0x00000000,
	0x00000000, 0xc7ff84f0, 0x01ffe3ff, 0x009eb000,
	0x00000000, 0x00000000, 0x00000000, 0x00000000,
	0x00000000, 0xc7ff84f8, 0x01ffe3ff, 0x009fb000,
	0x00000000, 0x00000000, 0x00000000, 0x00000000,
	0x00000000, 0xc7ff8500, 0x01ffe3ff, 0x00a0b000,
	0x00000000, 0x00000000, 0x00000000, 0x00000000,
	0x00000000, 0xc7ff8508, 0x01ffe3ff, 0x00a1b000,
	0x00000000, 0x00000000, 0x00000000, 0x00000000,
	0x00000000, 0xc7ff8510, 0x01ffe3ff, 0x00a2b000,
	0x00000000, 0x00000000, 0x00000000, 0x00000000,
	0x00000000, 0xc7ff8518, 0x01ffe3ff, 0x00a3b000,
	0x00000000, 0x00000000, 0x00000000, 0x00000000,
	0x00000000, 0xc7ff8520, 0x01ffe3ff, 0x00a4b000,
	0x00000000, 0x00000000, 0x00000000, 0x00000000,
	0x00000000, 0xc7ff8528, 0x01ffe3ff, 0x00a5b000,
	0x00000000, 0x00000000, 0x00000000, 0x00000000,
	0x00000000, 0xc7ff8530, 0x01ffe3ff, 0x00a6b000,
	0x00000000, 0x00000000, 0x00000000, 0x00000000,
	0x00000000, 0xc7ff8538, 0x01ffe3ff, 0x00a7b000,
	0x00000000, 0x00000000, 0x00000000, 0x00000000,
	0x00000000, 0xc7ff8540, 0x01ffe3ff, 0x00a8b000,
	0x00000000, 0x00000000, 0x00000000, 0x00000000,
	0x00000000, 0xc7ff8548, 0x01ffe3ff, 0x00a9b000,
	0x00000000, 0x00000000, 0x00000000, 0x00000000,
	0x00000000, 0xc7ff8550, 0x01ffe3ff, 0x00aab000,
	0x00000000, 0x00000000, 0x00000000, 0x00000000,
	0x00000000, 0xc7ff8558, 0x01ffe3ff, 0x00abb000,
	0x00000000, 0x00000000, 0x00000000, 0x00000000,
	0x00000000, 0xc7ff8560, 0x01ffe3ff, 0x00acb000,
	0x00000000, 0x00000000, 0x00000000, 0x00000000,
	0x00000000, 0xc7ff8568, 0x01ffe3ff, 0x00adb000,
	0x00000000, 0x00000000, 0x00000000, 0x00000000,
	0x00000000, 0xc7ff8570, 0x01ffe3ff, 0x00aeb000,
	0x00000000, 0x00000000, 0x00000000, 0x00000000,
	0x00000000, 0xc7ff8578, 0x01ffe3ff, 0x00afb000,
	0x00000000, 0x00000000, 0x00000000, 0x00000000,
	0x00000000, 0xc7ff8580, 0x01ffe3ff, 0x00b0b000,
	0x00000000, 0x00000000, 0x00000000, 0x00000000,
	0x00000000, 0xc7ff8588, 0x01ffe3ff, 0x00b1b000,
	0x00000000, 0x00000000, 0x00000000, 0x00000000,
	0x00000000, 0xc7ff8590, 0x01ffe3ff, 0x00b2b000,
	0x00000000, 0x00000000, 0x00000000, 0x00000000,
	0x00000000, 0xc7ff8598, 0x01ffe3ff, 0x00b3b000,
	0x00000000, 0x00000000, 0x00000000, 0x00000000,
	0x00000000, 0xc7ff85a0, 0x01ffe3ff, 0x00b4b000,
	0x00000000, 0x00000000, 0x00000000, 0x00000000,
	0x00000000, 0xc7ff85a8, 0x01ffe3ff, 0x00b5b000,
	0x00000000, 0x00000000, 0x00000000, 0x00000000,
	0x00000000, 0xc7ff85b0, 0x01ffe3ff, 0x00b6b000,
	0x00000000, 0x00000000, 0x00000000, 0x00000000,
	0x00000000, 0xc7ff85b8, 0x01ffe3ff, 0x00b7b000,
	0x00000000, 0x00000000, 0x00000000, 0x00000000,
	0x00000000, 0xc7ff85c0, 0x01ffe3ff, 0x00b8b000,
	0x00000000, 0x00000000, 0x00000000, 0x00000000,
	0x00000000, 0xc7ff85c8, 0x01ffe3ff, 0x00b9b000,
	0x00000000, 0x00000000, 0x00000000, 0x00000000,
	0x00000000, 0xc7ff85d0, 0x01ffe3ff, 0x00bab000,
	0x00000000, 0x00000000, 0x00000000, 0x00000000,
	0x00000000, 0xc7ff85d8, 0x01ffe3ff, 0x00bbb000,
	0x00000000, 0x00000000, 0x00000000, 0x00000000,
	0x00000000, 0xc7ff85e0, 0x01ffe3ff, 0x00bcb000,
	0x00000000, 0x00000000, 0x00000000, 0x00000000,
	0x00000000, 0xc7ff85e8, 0x01ffe3ff, 0x00bdb000,
	0x00000000, 0x00000000, 0x00000000, 0x00000000,
	0x00000000, 0xc7ff85f0, 0x01ffe3ff, 0x00beb000,
	0x00000000, 0x00000000, 0x00000000, 0x00000000,
	0x00000000, 0xc7ff85f8, 0x01ffe3ff, 0x00bfb000,
	0x00000000, 0x00000000, 0x00000000, 0x00000000,
	0x00000000, 0xc7ff8600, 0x01ffe3ff, 0x00c0b000,
	0x00000000, 0x00000000, 0x00000000, 0x00000000,
	0x00000000, 0xc7ff8608, 0x01ffe3ff, 0x00c1b000,
	0x00000000, 0x00000000, 0x00000000, 0x00000000,
	0x00000000, 0xc7ff8610, 0x01ffe3ff, 0x00c2b000,
	0x00000000, 0x00000000, 0x00000000, 0x00000000,
	0x00000000, 0xc7ff8618, 0x01ffe3ff, 0x00c3b000,
	0x00000000, 0x00000000, 0x00000000, 0x00000000,
	0x00000000, 0xc7ff8620, 0x01ffe3ff, 0x00c4b000,
	0x00000000, 0x00000000, 0x00000000, 0x00000000,
	0x00000000, 0xc7ff8628, 0x01ffe3ff, 0x00c5b000,
	0x00000000, 0x00000000, 0x00000000, 0x00000000,
	0x00000000, 0xc7ff8630, 0x01ffe3ff, 0x00c6b000,
	0x00000000, 0x00000000, 0x00000000, 0x00000000,
	0x00000000, 0xc7ff8638, 0x01ffe3ff, 0x00c7b000,
	0x00000000, 0x00000000, 0x00000000, 0x00000000,
	0x00000000, 0xc7ff8640, 0x01ffe3ff, 0x00c8b000,
	0x00000000, 0x00000000, 0x00000000, 0x00000000,
	0x00000000, 0xc7ff8648, 0x01ffe3ff, 0x00c9b000,
	0x00000000, 0x00000000, 0x00000000, 0x00000000,
	0x00000000, 0xc7ff8650, 0x01ffe3ff, 0x00cab000,
	0x00000000, 0x00000000, 0x00000000, 0x00000000,
	0x00000000, 0xc7ff8658, 0x01ffe3ff, 0x00cbb000,
	0x00000000, 0x00000000, 0x00000000, 0x00000000,
	0x00000000, 0xc7ff8660, 0x01ffe3ff, 0x00ccb000,
	0x00000000, 0x00000000, 0x00000000, 0x00000000,
	0x00000000, 0xc7ff8668, 0x01ffe3ff, 0x00cdb000,
	0x00000000, 0x00000000, 0x00000000, 0x00000000,
	0x00000000, 0xc7ff8670, 0x01ffe3ff, 0x00ceb000,
	0x00000000, 0x00000000, 0x00000000, 0x00000000,
	0x00000000, 0xc7ff8678, 0x01ffe3ff, 0x00cfb000,
	0x00000000, 0x00000000, 0x00000000, 0x00000000,
	0x00000000, 0xc7ff8680, 0x01ffe3ff, 0x00d0b000,
	0x00000000, 0x00000000, 0x00000000, 0x00000000,
	0x00000000, 0xc7ff8688, 0x01ffe3ff, 0x00d1b000,
	0x00000000, 0x00000000, 0x00000000, 0x00000000,
	0x00000000, 0xc7ff8690, 0x01ffe3ff, 0x00d2b000,
	0x00000000, 0x00000000, 0x00000000, 0x00000000,
	0x00000000, 0xc7ff8698, 0x01ffe3ff, 0x00d3b000,
	0x00000000, 0x00000000, 0x00000000, 0x00000000,
	0x00000000, 0xc7ff86a0, 0x01ffe3ff, 0x00d4b000,
	0x00000000, 0x00000000, 0x00000000, 0x00000000,
	0x00000000, 0xc7ff86a8, 0x01ffe3ff, 0x00d5b000,
	0x00000000, 0x00000000, 0x00000000, 0x00000000,
	0x00000000, 0xc7ff86b0, 0x01ffe3ff, 0x00d6b000,
	0x00000000, 0x00000000, 0x00000000, 0x00000000,
	0x00000000, 0xc7ff86b8, 0x01ffe3ff, 0x00d7b000,
	0x00000000, 0x00000000, 0x00000000, 0x00000000,
	0x00000000, 0xc7ff86c0, 0x01ffe3ff, 0x00d8b000,
	0x00000000, 0x00000000, 0x00000000, 0x00000000,
	0x00000000, 0xc7ff86c8, 0x01ffe3ff, 0x00d9b000,
	0x00000000, 0x00000000, 0x00000000, 0x00000000,
	0x00000000, 0xc7ff86d0, 0x01ffe3ff, 0x00dab000,
	0x00000000, 0x00000000, 0x00000000, 0x00000000,
	0x00000000, 0xc7ff86d8, 0x01ffe3ff, 0x00dbb000,
	0x00000000, 0x00000000, 0x00000000, 0x00000000,
	0x00000000, 0xc7ff86e0, 0x01ffe3ff, 0x00dcb000,
	0x00000000, 0x00000000, 0x00000000, 0x00000000,
	0x00000000, 0xc7ff86e8, 0x01ffe3ff, 0x00ddb000,
	0x00000000, 0x00000000, 0x00000000, 0x00000000,
	0x00000000, 0xc7ff86f0, 0x01ffe3ff, 0x00deb000,
	0x00000000, 0x00000000, 0x00000000, 0x00000000,
	0x00000000, 0xc7ff86f8, 0x01ffe3ff, 0x00dfb000,
	0x00000000, 0x00000000, 0x00000000, 0x00000000,
	0x00000000, 0xc7ff8700, 0x01ffe3ff, 0x00e0b000,
	0x00000000, 0x00000000, 0x00000000, 0x00000000,
	0x00000000, 0xc7ff8708, 0x01ffe3ff, 0x00e1b000,
	0x00000000, 0x00000000, 0x00000000, 0x00000000,
	0x00000000, 0xc7ff8710, 0x01ffe3ff, 0x00e2b000,
	0x00000000, 0x00000000, 0x00000000, 0x00000000,
	0x00000000, 0xc7ff8718, 0x01ffe3ff, 0x00e3b000,
	0x00000000, 0x00000000, 0x00000000, 0x00000000,
	0x00000000, 0xc7ff8720, 0x01ffe3ff, 0x00e4b000,
	0x00000000, 0x00000000, 0x00000000, 0x00000000,
	0x00000000, 0xc7ff8728, 0x01ffe3ff, 0x00e5b000,
	0x00000000, 0x00000000, 0x00000000, 0x00000000,
	0x00000000, 0xc7ff8730, 0x01ffe3ff, 0x00e6b000,
	0x00000000, 0x00000000, 0x00000000, 0x00000000,
	0x00000000, 0xc7ff8738, 0x01ffe3ff, 0x00e7b000,
	0x00000000, 0x00000000, 0x00000000, 0x00000000,
	0x00000000, 0xc7ff8740, 0x01ffe3ff, 0x00e8b000,
	0x00000000, 0x00000000, 0x00000000, 0x00000000,
	0x00000000, 0xc7ff8748, 0x01ffe3ff, 0x00e9b000,
	0x00000000, 0x00000000, 0x00000000, 0x00000000,
	0x00000000, 0xc7ff8750, 0x01ffe3ff, 0x00eab000,
	0x00000000, 0x00000000, 0x00000000, 0x00000000,
	0x00000000, 0xc7ff8758, 0x01ffe3ff, 0x00ebb000,
	0x00000000, 0x00000000, 0x00000000, 0x00000000,
	0x00000000, 0xc7ff8760, 0x01ffe3ff, 0x00ecb000,
	0x00000000, 0x00000000, 0x00000000, 0x00000000,
	0x00000000, 0xc7ff8768, 0x01ffe3ff, 0x00edb000,
	0x00000000, 0x00000000, 0x00000000, 0x00000000,
	0x00000000, 0xc7ff8770, 0x01ffe3ff, 0x00eeb000,
	0x00000000, 0x00000000, 0x00000000, 0x00000000,
	0x00000000, 0xc7ff8778, 0x01ffe3ff, 0x00efb000,
	0x00000000, 0x00000000, 0x00000000, 0x00000000,
	0x00000000, 0xc7ff8780, 0x01ffe3ff, 0x00f0b000,
	0x00000000, 0x00000000, 0x00000000, 0x00000000,
	0x00000000, 0xc7ff8788, 0x01ffe3ff, 0x00f1b000,
	0x00000000, 0x00000000, 0x00000000, 0x00000000,
	0x00000000, 0xc7ff8790, 0x01ffe3ff, 0x00f2b000,
	0x00000000, 0x00000000, 0x00000000, 0x00000000,
	0x00000000, 0xc7ff8798, 0x01ffe3ff, 0x00f3b000,
	0x00000000, 0x00000000, 0x00000000, 0x00000000,
	0x00000000, 0xc7ff87a0, 0x01ffe3ff, 0x00f4b000,
	0x00000000, 0x00000000, 0x00000000, 0x00000000,
	0x00000000, 0xc7ff87a8, 0x01ffe3ff, 0x00f5b000,
	0x00000000, 0x00000000, 0x00000000, 0x00000000,
	0x00000000, 0xc7ff87b0, 0x01ffe3ff, 0x00f6b000,
	0x00000000, 0x00000000, 0x00000000, 0x00000000,
	0x00000000, 0xc7ff87b8, 0x01ffe3ff, 0x00f7b000,
	0x00000000, 0x00000000, 0x00000000, 0x00000000,
	0x00000000, 0xc7ff87c0, 0x01ffe3ff, 0x00f8b000,
	0x00000000, 0x00000000, 0x00000000, 0x00000000,
	0x00000000, 0xc7ff87c8, 0x01ffe3ff, 0x00f9b000,
	0x00000000, 0x00000000, 0x00000000, 0x00000000,
	0x00000000, 0xc7ff87d0, 0x01ffe3ff, 0x00fab000,
	0x00000000, 0x00000000, 0x00000000, 0x00000000,
	0x00000000, 0xc7ff87d8, 0x01ffe3ff, 0x00fbb000,
	0x00000000, 0x00000000, 0x00000000, 0x00000000,
	0x00000000, 0xc7ff87e0, 0x01ffe3ff, 0x00fcb000,
	0x00000000, 0x00000000, 0x00000000, 0x00000000,
	0x00000000, 0xc7ff87e8, 0x01ffe3ff, 0x00fdb000,
	0x00000000, 0x00000000, 0x00000000, 0x00000000,
	0x00000000, 0xc7ff87f0, 0x01ffe3ff, 0x00feb000,
	0x00000000, 0x00000000, 0x00000000, 0x00000000,
	0x00000000, 0xc7ff87f8, 0x01ffe3ff, 0x00ffb000,
	0x00000000, 0x00000000, 0x00000000, 0x00000000,
	0x00000000, 0xc7ff8800, 0x01ffe3ff, 0x0100a000,
	0x00000000, 0x00000000, 0x00000000, 0x00000000,
	0x00000000, 0xc7ff8808, 0x01ffe3ff, 0x0101a000,
	0x00000000, 0x00000000, 0x00000000, 0x00000000,
	0x00000000, 0xc7ff8810, 0x01ffe3ff, 0x0102a000,
	0x00000000, 0x00000000, 0x00000000, 0x00000000,
	0x00000000, 0xc7ff8818, 0x01ffe3ff, 0x0103a000,
	0x00000000, 0x00000000, 0x00000000, 0x00000000,
	0x00000000, 0xc7ff8820, 0x01ffe3ff, 0x0104a000,
	0x00000000, 0x00000000, 0x00000000, 0x00000000,
	0x00000000, 0xc7ff8828, 0x01ffe3ff, 0x0105a000,
	0x00000000, 0x00000000, 0x00000000, 0x00000000,
	0x00000000, 0xc7ff8830, 0x01ffe3ff, 0x0106a000,
	0x00000000, 0x00000000, 0x00000000, 0x00000000,
	0x00000000, 0xc7ff8838, 0x01ffe3ff, 0x0107a000,
	0x00000000, 0x00000000, 0x00000000, 0x00000000,
	0x00000000, 0xc7ff8840, 0x01ffe3ff, 0x0108a000,
	0x00000000, 0x00000000, 0x00000000, 0x00000000,
	0x00000000, 0xc7ff8848, 0x01ffe3ff, 0x0109a000,
	0x00000000, 0x00000000, 0x00000000, 0x00000000,
	0x00000000, 0xc7ff8850, 0x01ffe3ff, 0x010aa000,
	0x00000000, 0x00000000, 0x00000000, 0x00000000,
	0x00000000, 0xc7ff8858, 0x01ffe3ff, 0x010ba000,
	0x00000000, 0x00000000, 0x00000000, 0x00000000,
	0x00000000, 0xc7ff8860, 0x01ffe3ff, 0x010ca000,
	0x00000000, 0x00000000, 0x00000000, 0x00000000,
	0x00000000, 0xc7ff8868, 0x01ffe3ff, 0x010da000,
	0x00000000, 0x00000000, 0x00000000, 0x00000000,
	0x00000000, 0xc7ff8870, 0x01ffe3ff, 0x010ea000,
	0x00000000, 0x00000000, 0x00000000, 0x00000000,
	0x00000000, 0xc7ff8878, 0x01ffe3ff, 0x010fa000,
	0x00000000, 0x00000000, 0x00000000, 0x00000000,
	0x00000000, 0xc7ff8880, 0x01ffe3ff, 0x0110a000,
	0x00000000, 0x00000000, 0x00000000, 0x00000000,
	0x00000000, 0xc7ff8888, 0x01ffe3ff, 0x0111a000,
	0x00000000, 0x00000000, 0x00000000, 0x00000000,
	0x00000000, 0xc7ff8890, 0x01ffe3ff, 0x0112a000,
	0x00000000, 0x00000000, 0x00000000, 0x00000000,
	0x00000000, 0xc7ff8898, 0x01ffe3ff, 0x0113a000,
	0x00000000, 0x00000000, 0x00000000, 0x00000000,
	0x00000000, 0xc7ff88a0, 0x01ffe3ff, 0x0114a000,
	0x00000000, 0x00000000, 0x00000000, 0x00000000,
	0x00000000, 0xc7ff88a8, 0x01ffe3ff, 0x0115a000,
	0x00000000, 0x00000000, 0x00000000, 0x00000000,
	0x00000000, 0xc7ff88b0, 0x01ffe3ff, 0x0116a000,
	0x00000000, 0x00000000, 0x00000000, 0x00000000,
	0x00000000, 0xc7ff88b8, 0x01ffe3ff, 0x0117a000,
	0x00000000, 0x00000000, 0x00000000, 0x00000000,
	0x00000000, 0xc7ff88c0, 0x01ffe3ff, 0x0118a000,
	0x00000000, 0x00000000, 0x00000000, 0x00000000,
	0x00000000, 0xc7ff88c8, 0x01ffe3ff, 0x0119a000,
	0x00000000, 0x00000000, 0x00000000, 0x00000000,
	0x00000000, 0xc7ff88d0, 0x01ffe3ff, 0x011aa000,
	0x00000000, 0x00000000, 0x00000000, 0x00000000,
	0x00000000, 0xc7ff88d8, 0x01ffe3ff, 0x011ba000,
	0x00000000, 0x00000000, 0x00000000, 0x00000000,
	0x00000000, 0xc7ff88e0, 0x01ffe3ff, 0x011ca000,
	0x00000000, 0x00000000, 0x00000000, 0x00000000,
	0x00000000, 0xc7ff88e8, 0x01ffe3ff, 0x011da000,
	0x00000000, 0x00000000, 0x00000000, 0x00000000,
	0x00000000, 0xc7ff88f0, 0x01ffe3ff, 0x011ea000,
	0x00000000, 0x00000000, 0x00000000, 0x00000000,
	0x00000000, 0xc7ff88f8, 0x01ffe3ff, 0x011fa000,
	0x00000000, 0x00000000, 0x00000000, 0x00000000,
	0x00000000, 0xc7ff8900, 0x01ffe3ff, 0x0120a000,
	0x00000000, 0x00000000, 0x00000000, 0x00000000,
	0x00000000, 0xc7ff8908, 0x01ffe3ff, 0x0121a000,
	0x00000000, 0x00000000, 0x00000000, 0x00000000,
	0x00000000, 0xc7ff8910, 0x01ffe3ff, 0x0122a000,
	0x00000000, 0x00000000, 0x00000000, 0x00000000,
	0x00000000, 0xc7ff8918, 0x01ffe3ff, 0x0123a000,
	0x00000000, 0x00000000, 0x00000000, 0x00000000,
	0x00000000, 0xc7ff8920, 0x01ffe3ff, 0x0124a000,
	0x00000000, 0x00000000, 0x00000000, 0x00000000,
	0x00000000, 0xc7ff8928, 0x01ffe3ff, 0x0125a000,
	0x00000000, 0x00000000, 0x00000000, 0x00000000,
	0x00000000, 0xc7ff8930, 0x01ffe3ff, 0x0126a000,
	0x00000000, 0x00000000, 0x00000000, 0x00000000,
	0x00000000, 0xc7ff8938, 0x01ffe3ff, 0x0127a000,
	0x00000000, 0x00000000, 0x00000000, 0x00000000,
	0x00000000, 0xc7ff8940, 0x01ffe3ff, 0x0128a000,
	0x00000000, 0x00000000, 0x00000000, 0x00000000,
	0x00000000, 0xc7ff8948, 0x01ffe3ff, 0x0129a000,
	0x00000000, 0x00000000, 0x00000000, 0x00000000,
	0x00000000, 0xc7ff8950, 0x01ffe3ff, 0x012aa000,
	0x00000000, 0x00000000, 0x00000000, 0x00000000,
	0x00000000, 0xc7ff8958, 0x01ffe3ff, 0x012ba000,
	0x00000000, 0x00000000, 0x00000000, 0x00000000,
	0x00000000, 0xc7ff8960, 0x01ffe3ff, 0x012ca000,
	0x00000000, 0x00000000, 0x00000000, 0x00000000,
	0x00000000, 0xc7ff8968, 0x01ffe3ff, 0x012da000,
	0x00000000, 0x00000000, 0x00000000, 0x00000000,
	0x00000000, 0xc7ff8970, 0x01ffe3ff, 0x012ea000,
	0x00000000, 0x00000000, 0x00000000, 0x00000000,
	0x00000000, 0xc7ff8978, 0x01ffe3ff, 0x012fa000,
	0x00000000, 0x00000000, 0x00000000, 0x00000000,
	0x00000000, 0xc7ff8980, 0x01ffe3ff, 0x0130a000,
	0x00000000, 0x00000000, 0x00000000, 0x00000000,
	0x00000000, 0xc7ff8988, 0x01ffe3ff, 0x0131a000,
	0x00000000, 0x00000000, 0x00000000, 0x00000000,
	0x00000000, 0xc7ff8990, 0x01ffe3ff, 0x0132a000,
	0x00000000, 0x00000000, 0x00000000, 0x00000000,
	0x00000000, 0xc7ff8998, 0x01ffe3ff, 0x0133a000,
	0x00000000, 0x00000000, 0x00000000, 0x00000000,
	0x00000000, 0xc7ff89a0, 0x01ffe3ff, 0x0134a000,
	0x00000000, 0x00000000, 0x00000000, 0x00000000,
	0x00000000, 0xc7ff89a8, 0x01ffe3ff, 0x0135a000,
	0x00000000, 0x00000000, 0x00000000, 0x00000000,
	0x00000000, 0xc7ff89b0, 0x01ffe3ff, 0x0136a000,
	0x00000000, 0x00000000, 0x00000000, 0x00000000,
	0x00000000, 0xc7ff89b8, 0x01ffe3ff, 0x0137a000,
	0x00000000, 0x00000000, 0x00000000, 0x00000000,
	0x00000000, 0xc7ff89c0, 0x01ffe3ff, 0x0138a000,
	0x00000000, 0x00000000, 0x00000000, 0x00000000,
	0x00000000, 0xc7ff89c8, 0x01ffe3ff, 0x0139a000,
	0x00000000, 0x00000000, 0x00000000, 0x00000000,
	0x00000000, 0xc7ff89d0, 0x01ffe3ff, 0x013aa000,
	0x00000000, 0x00000000, 0x00000000, 0x00000000,
	0x00000000, 0xc7ff89d8, 0x01ffe3ff, 0x013ba000,
	0x00000000, 0x00000000, 0x00000000, 0x00000000,
	0x00000000, 0xc7ff89e0, 0x01ffe3ff, 0x013ca000,
	0x00000000, 0x00000000, 0x00000000, 0x00000000,
	0x00000000, 0xc7ff89e8, 0x01ffe3ff, 0x013da000,
	0x00000000, 0x00000000, 0x00000000, 0x00000000,
	0x00000000, 0xc7ff89f0, 0x01ffe3ff, 0x013ea000,
	0x00000000, 0x00000000, 0x00000000, 0x00000000,
	0x00000000, 0xc7ff89f8, 0x01ffe3ff, 0x013fa000,
	0x00000000, 0x00000000, 0x00000000, 0x00000000,
	0x00000000, 0xc7ff8a00, 0x01ffe3ff, 0x0140a000,
	0x00000000, 0x00000000, 0x00000000, 0x00000000,
	0x00000000, 0xc7ff8a08, 0x01ffe3ff, 0x0141a000,
	0x00000000, 0x00000000, 0x00000000, 0x00000000,
	0x00000000, 0xc7ff8a10, 0x01ffe3ff, 0x0142a000,
	0x00000000, 0x00000000, 0x00000000, 0x00000000,
	0x00000000, 0xc7ff8a18, 0x01ffe3ff, 0x0143a000,
	0x00000000, 0x00000000, 0x00000000, 0x00000000,
	0x00000000, 0xc7ff8a20, 0x01ffe3ff, 0x0144a000,
	0x00000000, 0x00000000, 0x00000000, 0x00000000,
	0x00000000, 0xc7ff8a28, 0x01ffe3ff, 0x0145a000,
	0x00000000, 0x00000000, 0x00000000, 0x00000000,
	0x00000000, 0xc7ff8a30, 0x01ffe3ff, 0x0146a000,
	0x00000000, 0x00000000, 0x00000000, 0x00000000,
	0x00000000, 0xc7ff8a38, 0x01ffe3ff, 0x0147a000,
	0x00000000, 0x00000000, 0x00000000, 0x00000000,
	0x00000000, 0xc7ff8a40, 0x01ffe3ff, 0x0148a000,
	0x00000000, 0x00000000, 0x00000000, 0x00000000,
	0x00000000, 0xc7ff8a48, 0x01ffe3ff, 0x0149a000,
	0x00000000, 0x00000000, 0x00000000, 0x00000000,
	0x00000000, 0xc7ff8a50, 0x01ffe3ff, 0x014aa000,
	0x00000000, 0x00000000, 0x00000000, 0x00000000,
	0x00000000, 0xc7ff8a58, 0x01ffe3ff, 0x014ba000,
	0x00000000, 0x00000000, 0x00000000, 0x00000000,
	0x00000000, 0xc7ff8a60, 0x01ffe3ff, 0x014ca000,
	0x00000000, 0x00000000, 0x00000000, 0x00000000,
	0x00000000, 0xc7ff8a68, 0x01ffe3ff, 0x014da000,
	0x00000000, 0x00000000, 0x00000000, 0x00000000,
	0x00000000, 0xc7ff8a70, 0x01ffe3ff, 0x014ea000,
	0x00000000, 0x00000000, 0x00000000, 0x00000000,
	0x00000000, 0xc7ff8a78, 0x01ffe3ff, 0x014fa000,
	0x00000000, 0x00000000, 0x00000000, 0x00000000,
	0x00000000, 0xc7ff8a80, 0x01ffe3ff, 0x0150a000,
	0x00000000, 0x00000000, 0x00000000, 0x00000000,
	0x00000000, 0xc7ff8a88, 0x01ffe3ff, 0x0151a000,
	0x00000000, 0x00000000, 0x00000000, 0x00000000,
	0x00000000, 0xc7ff8a90, 0x01ffe3ff, 0x0152a000,
	0x00000000, 0x00000000, 0x00000000, 0x00000000,
	0x00000000, 0xc7ff8a98, 0x01ffe3ff, 0x0153a000,
	0x00000000, 0x00000000, 0x00000000, 0x00000000,
	0x00000000, 0xc7ff8aa0, 0x01ffe3ff, 0x0154a000,
	0x00000000, 0x00000000, 0x00000000, 0x00000000,
	0x00000000, 0xc7ff8aa8, 0x01ffe3ff, 0x0155a000,
	0x00000000, 0x00000000, 0x00000000, 0x00000000,
	0x00000000, 0xc7ff8ab0, 0x01ffe3ff, 0x0156a000,
	0x00000000, 0x00000000, 0x00000000, 0x00000000,
	0x00000000, 0xc7ff8ab8, 0x01ffe3ff, 0x0157a000,
	0x00000000, 0x00000000, 0x00000000, 0x00000000,
	0x00000000, 0xc7ff8ac0, 0x01ffe3ff, 0x0158a000,
	0x00000000, 0x00000000, 0x00000000, 0x00000000,
	0x00000000, 0xc7ff8ac8, 0x01ffe3ff, 0x0159a000,
	0x00000000, 0x00000000, 0x00000000, 0x00000000,
	0x00000000, 0xc7ff8ad0, 0x01ffe3ff, 0x015aa000,
	0x00000000, 0x00000000, 0x00000000, 0x00000000,
	0x00000000, 0xc7ff8ad8, 0x01ffe3ff, 0x015ba000,
	0x00000000, 0x00000000, 0x00000000, 0x00000000,
	0x00000000, 0xc7ff8ae0, 0x01ffe3ff, 0x015ca000,
	0x00000000, 0x00000000, 0x00000000, 0x00000000,
	0x00000000, 0xc7ff8ae8, 0x01ffe3ff, 0x015da000,
	0x00000000, 0x00000000, 0x00000000, 0x00000000,
	0x00000000, 0xc7ff8af0, 0x01ffe3ff, 0x015ea000,
	0x00000000, 0x00000000, 0x00000000, 0x00000000,
	0x00000000, 0xc7ff8af8, 0x01ffe3ff, 0x015fa000,
	0x00000000, 0x00000000, 0x00000000, 0x00000000,
	0x00000000, 0xc7ff8b00, 0x01ffe3ff, 0x0160a000,
	0x00000000, 0x00000000, 0x00000000, 0x00000000,
	0x00000000, 0xc7ff8b08, 0x01ffe3ff, 0x0161a000,
	0x00000000, 0x00000000, 0x00000000, 0x00000000,
	0x00000000, 0xc7ff8b10, 0x01ffe3ff, 0x0162a000,
	0x00000000, 0x00000000, 0x00000000, 0x00000000,
	0x00000000, 0xc7ff8b18, 0x01ffe3ff, 0x0163a000,
	0x00000000, 0x00000000, 0x00000000, 0x00000000,
	0x00000000, 0xc7ff8b20, 0x01ffe3ff, 0x0164a000,
	0x00000000, 0x00000000, 0x00000000, 0x00000000,
	0x00000000, 0xc7ff8b28, 0x01ffe3ff, 0x0165a000,
	0x00000000, 0x00000000, 0x00000000, 0x00000000,
	0x00000000, 0xc7ff8b30, 0x01ffe3ff, 0x0166a000,
	0x00000000, 0x00000000, 0x00000000, 0x00000000,
	0x00000000, 0xc7ff8b38, 0x01ffe3ff, 0x0167a000,
	0x00000000, 0x00000000, 0x00000000, 0x00000000,
	0x00000000, 0xc7ff8b40, 0x01ffe3ff, 0x0168a000,
	0x00000000, 0x00000000, 0x00000000, 0x00000000,
	0x00000000, 0xc7ff8b48, 0x01ffe3ff, 0x0169a000,
	0x00000000, 0x00000000, 0x00000000, 0x00000000,
	0x00000000, 0xc7ff8b50, 0x01ffe3ff, 0x016aa000,
	0x00000000, 0x00000000, 0x00000000, 0x00000000,
	0x00000000, 0xc7ff8b58, 0x01ffe3ff, 0x016ba000,
	0x00000000, 0x00000000, 0x00000000, 0x00000000,
	0x00000000, 0xc7ff8b60, 0x01ffe3ff, 0x016ca000,
	0x00000000, 0x00000000, 0x00000000, 0x00000000,
	0x00000000, 0xc7ff8b68, 0x01ffe3ff, 0x016da000,
	0x00000000, 0x00000000, 0x00000000, 0x00000000,
	0x00000000, 0xc7ff8b70, 0x01ffe3ff, 0x016ea000,
	0x00000000, 0x00000000, 0x00000000, 0x00000000,
	0x00000000, 0xc7ff8b78, 0x01ffe3ff, 0x016fa000,
	0x00000000, 0x00000000, 0x00000000, 0x00000000,
	0x00000000, 0xc7ff8b80, 0x01ffe3ff, 0x0170a000,
	0x00000000, 0x00000000, 0x00000000, 0x00000000,
	0x00000000, 0xc7ff8b88, 0x01ffe3ff, 0x0171a000,
	0x00000000, 0x00000000, 0x00000000, 0x00000000,
	0x00000000, 0xc7ff8b90, 0x01ffe3ff, 0x0172a000,
	0x00000000, 0x00000000, 0x00000000, 0x00000000,
	0x00000000, 0xc7ff8b98, 0x01ffe3ff, 0x0173a000,
	0x00000000, 0x00000000, 0x00000000, 0x00000000,
	0x00000000, 0xc7ff8ba0, 0x01ffe3ff, 0x0174a000,
	0x00000000, 0x00000000, 0x00000000, 0x00000000,
	0x00000000, 0xc7ff8ba8, 0x01ffe3ff, 0x0175a000,
	0x00000000, 0x00000000, 0x00000000, 0x00000000,
	0x00000000, 0xc7ff8bb0, 0x01ffe3ff, 0x0176a000,
	0x00000000, 0x00000000, 0x00000000, 0x00000000,
	0x00000000, 0xc7ff8bb8, 0x01ffe3ff, 0x0177a000,
	0x00000000, 0x00000000, 0x00000000, 0x00000000,
	0x00000000, 0xc7ff8bc0, 0x01ffe3ff, 0x0178a000,
	0x00000000, 0x00000000, 0x00000000, 0x00000000,
	0x00000000, 0xc7ff8bc8, 0x01ffe3ff, 0x0179a000,
	0x00000000, 0x00000000, 0x00000000, 0x00000000,
	0x00000000, 0xc7ff8bd0, 0x01ffe3ff, 0x017aa000,
	0x00000000, 0x00000000, 0x00000000, 0x00000000,
	0x00000000, 0xc7ff8bd8, 0x01ffe3ff, 0x017ba000,
	0x00000000, 0x00000000, 0x00000000, 0x00000000,
	0x00000000, 0xc7ff8be0, 0x01ffe3ff, 0x017ca000,
	0x00000000, 0x00000000, 0x00000000, 0x00000000,
	0x00000000, 0xc7ff8be8, 0x01ffe3ff, 0x017da000,
	0x00000000, 0x00000000, 0x00000000, 0x00000000,
	0x00000000, 0xc7ff8bf0, 0x01ffe3ff, 0x017ea000,
	0x00000000, 0x00000000, 0x00000000, 0x00000000,
	0x00000000, 0xc7ff8bf8, 0x01ffe3ff, 0x017fa000,
	0x00000000, 0x00000000, 0x00000000, 0x00000000,
	0x00000000, 0xc7ff8c00, 0x01ffe3ff, 0x0180a000,
	0x00000000, 0x00000000, 0x00000000, 0x00000000,
	0x00000000, 0xc7ff8c08, 0x01ffe3ff, 0x0181a000,
	0x00000000, 0x00000000, 0x00000000, 0x00000000,
	0x00000000, 0xc7ff8c10, 0x01ffe3ff, 0x0182a000,
	0x00000000, 0x00000000, 0x00000000, 0x00000000,
	0x00000000, 0xc7ff8c18, 0x01ffe3ff, 0x0183a000,
	0x00000000, 0x00000000, 0x00000000, 0x00000000,
	0x00000000, 0xc7ff8c20, 0x01ffe3ff, 0x0184a000,
	0x00000000, 0x00000000, 0x00000000, 0x00000000,
	0x00000000, 0xc7ff8c28, 0x01ffe3ff, 0x0185a000,
	0x00000000, 0x00000000, 0x00000000, 0x00000000,
	0x00000000, 0xc7ff8c30, 0x01ffe3ff, 0x0186a000,
	0x00000000, 0x00000000, 0x00000000, 0x00000000,
	0x00000000, 0xc7ff8c38, 0x01ffe3ff, 0x0187a000,
	0x00000000, 0x00000000, 0x00000000, 0x00000000,
	0x00000000, 0xc7ff8c40, 0x01ffe3ff, 0x0188a000,
	0x00000000, 0x00000000, 0x00000000, 0x00000000,
	0x00000000, 0xc7ff8c48, 0x01ffe3ff, 0x0189a000,
	0x00000000, 0x00000000, 0x00000000, 0x00000000,
	0x00000000, 0xc7ff8c50, 0x01ffe3ff, 0x018aa000,
	0x00000000, 0x00000000, 0x00000000, 0x00000000,
	0x00000000, 0xc7ff8c58, 0x01ffe3ff, 0x018ba000,
	0x00000000, 0x00000000, 0x00000000, 0x00000000,
	0x00000000, 0xc7ff8c60, 0x01ffe3ff, 0x018ca000,
	0x00000000, 0x00000000, 0x00000000, 0x00000000,
	0x00000000, 0xc7ff8c68, 0x01ffe3ff, 0x018da000,
	0x00000000, 0x00000000, 0x00000000, 0x00000000,
	0x00000000, 0xc7ff8c70, 0x01ffe3ff, 0x018ea000,
	0x00000000, 0x00000000, 0x00000000, 0x00000000,
	0x00000000, 0xc7ff8c78, 0x01ffe3ff, 0x018fa000,
	0x00000000, 0x00000000, 0x00000000, 0x00000000,
	0x00000000, 0xc7ff8c80, 0x01ffe3ff, 0x0190a000,
	0x00000000, 0x00000000, 0x00000000, 0x00000000,
	0x00000000, 0xc7ff8c88, 0x01ffe3ff, 0x0191a000,
	0x00000000, 0x00000000, 0x00000000, 0x00000000,
	0x00000000, 0xc7ff8c90, 0x01ffe3ff, 0x0192a000,
	0x00000000, 0x00000000, 0x00000000, 0x00000000,
	0x00000000, 0xc7ff8c98, 0x01ffe3ff, 0x0193a000,
	0x00000000, 0x00000000, 0x00000000, 0x00000000,
	0x00000000, 0xc7ff8ca0, 0x01ffe3ff, 0x0194a000,
	0x00000000, 0x00000000, 0x00000000, 0x00000000,
	0x00000000, 0xc7ff8ca8, 0x01ffe3ff, 0x0195a000,
	0x00000000, 0x00000000, 0x00000000, 0x00000000,
	0x00000000, 0xc7ff8cb0, 0x01ffe3ff, 0x0196a000,
	0x00000000, 0x00000000, 0x00000000, 0x00000000,
	0x00000000, 0xc7ff8cb8, 0x01ffe3ff, 0x0197a000,
	0x00000000, 0x00000000, 0x00000000, 0x00000000,
	0x00000000, 0xc7ff8cc0, 0x01ffe3ff, 0x0198a000,
	0x00000000, 0x00000000, 0x00000000, 0x00000000,
	0x00000000, 0xc7ff8cc8, 0x01ffe3ff, 0x0199a000,
	0x00000000, 0x00000000, 0x00000000, 0x00000000,
	0x00000000, 0xc7ff8cd0, 0x01ffe3ff, 0x019aa000,
	0x00000000, 0x00000000, 0x00000000, 0x00000000,
	0x00000000, 0xc7ff8cd8, 0x01ffe3ff, 0x019ba000,
	0x00000000, 0x00000000, 0x00000000, 0x00000000,
	0x00000000, 0xc7ff8ce0, 0x01ffe3ff, 0x019ca000,
	0x00000000, 0x00000000, 0x00000000, 0x00000000,
	0x00000000, 0xc7ff8ce8, 0x01ffe3ff, 0x019da000,
	0x00000000, 0x00000000, 0x00000000, 0x00000000,
	0x00000000, 0xc7ff8cf0, 0x01ffe3ff, 0x019ea000,
	0x00000000, 0x00000000, 0x00000000, 0x00000000,
	0x00000000, 0xc7ff8cf8, 0x01ffe3ff, 0x019fa000,
	0x00000000, 0x00000000, 0x00000000, 0x00000000,
	0x00000000, 0xc7ff8d00, 0x01ffe3ff, 0x01a0a000,
	0x00000000, 0x00000000, 0x00000000, 0x00000000,
	0x00000000, 0xc7ff8d08, 0x01ffe3ff, 0x01a1a000,
	0x00000000, 0x00000000, 0x00000000, 0x00000000,
	0x00000000, 0xc7ff8d10, 0x01ffe3ff, 0x01a2a000,
	0x00000000, 0x00000000, 0x00000000, 0x00000000,
	0x00000000, 0xc7ff8d18, 0x01ffe3ff, 0x01a3a000,
	0x00000000, 0x00000000, 0x00000000, 0x00000000,
	0x00000000, 0xc7ff8d20, 0x01ffe3ff, 0x01a4a000,
	0x00000000, 0x00000000, 0x00000000, 0x00000000,
	0x00000000, 0xc7ff8d28, 0x01ffe3ff, 0x01a5a000,
	0x00000000, 0x00000000, 0x00000000, 0x00000000,
	0x00000000, 0xc7ff8d30, 0x01ffe3ff, 0x01a6a000,
	0x00000000, 0x00000000, 0x00000000, 0x00000000,
	0x00000000, 0xc7ff8d38, 0x01ffe3ff, 0x01a7a000,
	0x00000000, 0x00000000, 0x00000000, 0x00000000,
	0x00000000, 0xc7ff8d40, 0x01ffe3ff, 0x01a8a000,
	0x00000000, 0x00000000, 0x00000000, 0x00000000,
	0x00000000, 0xc7ff8d48, 0x01ffe3ff, 0x01a9a000,
	0x00000000, 0x00000000, 0x00000000, 0x00000000,
	0x00000000, 0xc7ff8d50, 0x01ffe3ff, 0x01aaa000,
	0x00000000, 0x00000000, 0x00000000, 0x00000000,
	0x00000000, 0xc7ff8d58, 0x01ffe3ff, 0x01aba000,
	0x00000000, 0x00000000, 0x00000000, 0x00000000,
	0x00000000, 0xc7ff8d60, 0x01ffe3ff, 0x01aca000,
	0x00000000, 0x00000000, 0x00000000, 0x00000000,
	0x00000000, 0xc7ff8d68, 0x01ffe3ff, 0x01ada000,
	0x00000000, 0x00000000, 0x00000000, 0x00000000,
	0x00000000, 0xc7ff8d70, 0x01ffe3ff, 0x01aea000,
	0x00000000, 0x00000000, 0x00000000, 0x00000000,
	0x00000000, 0xc7ff8d78, 0x01ffe3ff, 0x01afa000,
	0x00000000, 0x00000000, 0x00000000, 0x00000000,
	0x00000000, 0xc7ff8d80, 0x01ffe3ff, 0x01b0a000,
	0x00000000, 0x00000000, 0x00000000, 0x00000000,
	0x00000000, 0xc7ff8d88, 0x01ffe3ff, 0x01b1a000,
	0x00000000, 0x00000000, 0x00000000, 0x00000000,
	0x00000000, 0xc7ff8d90, 0x01ffe3ff, 0x01b2a000,
	0x00000000, 0x00000000, 0x00000000, 0x00000000,
	0x00000000, 0xc7ff8d98, 0x01ffe3ff, 0x01b3a000,
	0x00000000, 0x00000000, 0x00000000, 0x00000000,
	0x00000000, 0xc7ff8da0, 0x01ffe3ff, 0x01b4a000,
	0x00000000, 0x00000000, 0x00000000, 0x00000000,
	0x00000000, 0xc7ff8da8, 0x01ffe3ff, 0x01b5a000,
	0x00000000, 0x00000000, 0x00000000, 0x00000000,
	0x00000000, 0xc7ff8db0, 0x01ffe3ff, 0x01b6a000,
	0x00000000, 0x00000000, 0x00000000, 0x00000000,
	0x00000000, 0xc7ff8db8, 0x01ffe3ff, 0x01b7a000,
	0x00000000, 0x00000000, 0x00000000, 0x00000000,
	0x00000000, 0xc7ff8dc0, 0x01ffe3ff, 0x01b8a000,
	0x00000000, 0x00000000, 0x00000000, 0x00000000,
	0x00000000, 0xc7ff8dc8, 0x01ffe3ff, 0x01b9a000,
	0x00000000, 0x00000000, 0x00000000, 0x00000000,
	0x00000000, 0xc7ff8dd0, 0x01ffe3ff, 0x01baa000,
	0x00000000, 0x00000000, 0x00000000, 0x00000000,
	0x00000000, 0xc7ff8dd8, 0x01ffe3ff, 0x01bba000,
	0x00000000, 0x00000000, 0x00000000, 0x00000000,
	0x00000000, 0xc7ff8de0, 0x01ffe3ff, 0x01bca000,
	0x00000000, 0x00000000, 0x00000000, 0x00000000,
	0x00000000, 0xc7ff8de8, 0x01ffe3ff, 0x01bda000,
	0x00000000, 0x00000000, 0x00000000, 0x00000000,
	0x00000000, 0xc7ff8df0, 0x01ffe3ff, 0x01bea000,
	0x00000000, 0x00000000, 0x00000000, 0x00000000,
	0x00000000, 0xc7ff8df8, 0x01ffe3ff, 0x01bfa000,
	0x00000000, 0x00000000, 0x00000000, 0x00000000,
	0x00000000, 0xc7ff8e00, 0x01ffe3ff, 0x01c0a000,
	0x00000000, 0x00000000, 0x00000000, 0x00000000,
	0x00000000, 0xc7ff8e08, 0x01ffe3ff, 0x01c1a000,
	0x00000000, 0x00000000, 0x00000000, 0x00000000,
	0x00000000, 0xc7ff8e10, 0x01ffe3ff, 0x01c2a000,
	0x00000000, 0x00000000, 0x00000000, 0x00000000,
	0x00000000, 0xc7ff8e18, 0x01ffe3ff, 0x01c3a000,
	0x00000000, 0x00000000, 0x00000000, 0x00000000,
	0x00000000, 0xc7ff8e20, 0x01ffe3ff, 0x01c4a000,
	0x00000000, 0x00000000, 0x00000000, 0x00000000,
	0x00000000, 0xc7ff8e28, 0x01ffe3ff, 0x01c5a000,
	0x00000000, 0x00000000, 0x00000000, 0x00000000,
	0x00000000, 0xc7ff8e30, 0x01ffe3ff, 0x01c6a000,
	0x00000000, 0x00000000, 0x00000000, 0x00000000,
	0x00000000, 0xc7ff8e38, 0x01ffe3ff, 0x01c7a000,
	0x00000000, 0x00000000, 0x00000000, 0x00000000,
	0x00000000, 0xc7ff8e40, 0x01ffe3ff, 0x01c8a000,
	0x00000000, 0x00000000, 0x00000000, 0x00000000,
	0x00000000, 0xc7ff8e48, 0x01ffe3ff, 0x01c9a000,
	0x00000000, 0x00000000, 0x00000000, 0x00000000,
	0x00000000, 0xc7ff8e50, 0x01ffe3ff, 0x01caa000,
	0x00000000, 0x00000000, 0x00000000, 0x00000000,
	0x00000000, 0xc7ff8e58, 0x01ffe3ff, 0x01cba000,
	0x00000000, 0x00000000, 0x00000000, 0x00000000,
	0x00000000, 0xc7ff8e60, 0x01ffe3ff, 0x01cca000,
	0x00000000, 0x00000000, 0x00000000, 0x00000000,
	0x00000000, 0xc7ff8e68, 0x01ffe3ff, 0x01cda000,
	0x00000000, 0x00000000, 0x00000000, 0x00000000,
	0x00000000, 0xc7ff8e70, 0x01ffe3ff, 0x01cea000,
	0x00000000, 0x00000000, 0x00000000, 0x00000000,
	0x00000000, 0xc7ff8e78, 0x01ffe3ff, 0x01cfa000,
	0x00000000, 0x00000000, 0x00000000, 0x00000000,
	0x00000000, 0xc7ff8e80, 0x01ffe3ff, 0x01d0a000,
	0x00000000, 0x00000000, 0x00000000, 0x00000000,
	0x00000000, 0xc7ff8e88, 0x01ffe3ff, 0x01d1a000,
	0x00000000, 0x00000000, 0x00000000, 0x00000000,
	0x00000000, 0xc7ff8e90, 0x01ffe3ff, 0x01d2a000,
	0x00000000, 0x00000000, 0x00000000, 0x00000000,
	0x00000000, 0xc7ff8e98, 0x01ffe3ff, 0x01d3a000,
	0x00000000, 0x00000000, 0x00000000, 0x00000000,
	0x00000000, 0xc7ff8ea0, 0x01ffe3ff, 0x01d4a000,
	0x00000000, 0x00000000, 0x00000000, 0x00000000,
	0x00000000, 0xc7ff8ea8, 0x01ffe3ff, 0x01d5a000,
	0x00000000, 0x00000000, 0x00000000, 0x00000000,
	0x00000000, 0xc7ff8eb0, 0x01ffe3ff, 0x01d6a000,
	0x00000000, 0x00000000, 0x00000000, 0x00000000,
	0x00000000, 0xc7ff8eb8, 0x01ffe3ff, 0x01d7a000,
	0x00000000, 0x00000000, 0x00000000, 0x00000000,
	0x00000000, 0xc7ff8ec0, 0x01ffe3ff, 0x01d8a000,
	0x00000000, 0x00000000, 0x00000000, 0x00000000,
	0x00000000, 0xc7ff8ec8, 0x01ffe3ff, 0x01d9a000,
	0x00000000, 0x00000000, 0x00000000, 0x00000000,
	0x00000000, 0xc7ff8ed0, 0x01ffe3ff, 0x01daa000,
	0x00000000, 0x00000000, 0x00000000, 0x00000000,
	0x00000000, 0xc7ff8ed8, 0x01ffe3ff, 0x01dba000,
	0x00000000, 0x00000000, 0x00000000, 0x00000000,
	0x00000000, 0xc7ff8ee0, 0x01ffe3ff, 0x01dca000,
	0x00000000, 0x00000000, 0x00000000, 0x00000000,
	0x00000000, 0xc7ff8ee8, 0x01ffe3ff, 0x01dda000,
	0x00000000, 0x00000000, 0x00000000, 0x00000000,
	0x00000000, 0xc7ff8ef0, 0x01ffe3ff, 0x01dea000,
	0x00000000, 0x00000000, 0x00000000, 0x00000000,
	0x00000000, 0xc7ff8ef8, 0x01ffe3ff, 0x01dfa000,
	0x00000000, 0x00000000, 0x00000000, 0x00000000,
	0x00000000, 0xc7ff8f00, 0x01ffe3ff, 0x01e0a000,
	0x00000000, 0x00000000, 0x00000000, 0x00000000,
	0x00000000, 0xc7ff8f08, 0x01ffe3ff, 0x01e1a000,
	0x00000000, 0x00000000, 0x00000000, 0x00000000,
	0x00000000, 0xc7ff8f10, 0x01ffe3ff, 0x01e2a000,
	0x00000000, 0x00000000, 0x00000000, 0x00000000,
	0x00000000, 0xc7ff8f18, 0x01ffe3ff, 0x01e3a000,
	0x00000000, 0x00000000, 0x00000000, 0x00000000,
	0x00000000, 0xc7ff8f20, 0x01ffe3ff, 0x01e4a000,
	0x00000000, 0x00000000, 0x00000000, 0x00000000,
	0x00000000, 0xc7ff8f28, 0x01ffe3ff, 0x01e5a000,
	0x00000000, 0x00000000, 0x00000000, 0x00000000,
	0x00000000, 0xc7ff8f30, 0x01ffe3ff, 0x01e6a000,
	0x00000000, 0x00000000, 0x00000000, 0x00000000,
	0x00000000, 0xc7ff8f38, 0x01ffe3ff, 0x01e7a000,
	0x00000000, 0x00000000, 0x00000000, 0x00000000,
	0x00000000, 0xc7ff8f40, 0x01ffe3ff, 0x01e8a000,
	0x00000000, 0x00000000, 0x00000000, 0x00000000,
	0x00000000, 0xc7ff8f48, 0x01ffe3ff, 0x01e9a000,
	0x00000000, 0x00000000, 0x00000000, 0x00000000,
	0x00000000, 0xc7ff8f50, 0x01ffe3ff, 0x01eaa000,
	0x00000000, 0x00000000, 0x00000000, 0x00000000,
	0x00000000, 0xc7ff8f58, 0x01ffe3ff, 0x01eba000,
	0x00000000, 0x00000000, 0x00000000, 0x00000000,
	0x00000000, 0xc7ff8f60, 0x01ffe3ff, 0x01eca000,
	0x00000000, 0x00000000, 0x00000000, 0x00000000,
	0x00000000, 0xc7ff8f68, 0x01ffe3ff, 0x01eda000,
	0x00000000, 0x00000000, 0x00000000, 0x00000000,
	0x00000000, 0xc7ff8f70, 0x01ffe3ff, 0x01eea000,
	0x00000000, 0x00000000, 0x00000000, 0x00000000,
	0x00000000, 0xc7ff8f78, 0x01ffe3ff, 0x01efa000,
	0x00000000, 0x00000000, 0x00000000, 0x00000000,
	0x00000000, 0xc7ff8f80, 0x01ffe3ff, 0x01f0a000,
	0x00000000, 0x00000000, 0x00000000, 0x00000000,
	0x00000000, 0xc7ff8f88, 0x01ffe3ff, 0x01f1a000,
	0x00000000, 0x00000000, 0x00000000, 0x00000000,
	0x00000000, 0xc7ff8f90, 0x01ffe3ff, 0x01f2a000,
	0x00000000, 0x00000000, 0x00000000, 0x00000000,
	0x00000000, 0xc7ff8f98, 0x01ffe3ff, 0x01f3a000,
	0x00000000, 0x00000000, 0x00000000, 0x00000000,
	0x00000000, 0xc7ff8fa0, 0x01ffe3ff, 0x01f4a000,
	0x00000000, 0x00000000, 0x00000000, 0x00000000,
	0x00000000, 0xc7ff8fa8, 0x01ffe3ff, 0x01f5a000,
	0x00000000, 0x00000000, 0x00000000, 0x00000000,
	0x00000000, 0xc7ff8fb0, 0x01ffe3ff, 0x01f6a000,
	0x00000000, 0x00000000, 0x00000000, 0x00000000,
	0x00000000, 0xc7ff8fb8, 0x01ffe3ff, 0x01f7a000,
	0x00000000, 0x00000000, 0x00000000, 0x00000000,
	0x00000000, 0xc7ff8fc0, 0x01ffe3ff, 0x01f8a000,
	0x00000000, 0x00000000, 0x00000000, 0x00000000,
	0x00000000, 0xc7ff8fc8, 0x01ffe3ff, 0x01f9a000,
	0x00000000, 0x00000000, 0x00000000, 0x00000000,
	0x00000000, 0xc7ff8fd0, 0x01ffe3ff, 0x01faa000,
	0x00000000, 0x00000000, 0x00000000, 0x00000000,
	0x00000000, 0xc7ff8fd8, 0x01ffe3ff, 0x01fba000,
	0x00000000, 0x00000000, 0x00000000, 0x00000000,
	0x00000000, 0xc7ff8fe0, 0x01ffe3ff, 0x01fca000,
	0x00000000, 0x00000000, 0x00000000, 0x00000000,
	0x00000000, 0xc7ff8fe8, 0x01ffe3ff, 0x01fda000,
	0x00000000, 0x00000000, 0x00000000, 0x00000000,
	0x00000000, 0xc7ff8ff0, 0x01ffe3ff, 0x01fea000,
	0x00000000, 0x00000000, 0x00000000, 0x00000000,
	0x00000000, 0xc7ff8ff8, 0x01ffe3ff, 0x01ffa000,
	0x00000000, 0x00000000, 0x00000000, 0x00000000,
};

uint32_t idk_ut_5005_mix_ipt_ipt_g_lut[] = {
	0x00000511, 0x87ff803e, 0x01ffe40f, 0x0000b000,
	0x00000000, 0x00000000, 0x00000000, 0x00000000,
	0x0000105e, 0x8804003e, 0x0200440d, 0x0001b000,
	0x00000000, 0x00000000, 0x00000000, 0x00000000,
	0x000023e7, 0x8808803e, 0x0200840b, 0x0002b000,
	0x00000000, 0x00000000, 0x00000000, 0x00000000,
	0x000040c1, 0x880d003e, 0x0200e409, 0x0003b000,
	0x00000000, 0x00000000, 0x00000000, 0x00000000,
	0x000067e2, 0x8811803e, 0x02014407, 0x0004b000,
	0x00000000, 0x00000000, 0x00000000, 0x00000000,
	0x00009a61, 0x8815803e, 0x02018405, 0x0005b000,
	0x00000000, 0x00000000, 0x00000000, 0x00000000,
	0x0000d862, 0x881a003e, 0x0201e403, 0x0006b000,
	0x00000000, 0x00000000, 0x00000000, 0x00000000,
	0x0001233e, 0x881e803e, 0x02024401, 0x0007b000,
	0x00000000, 0x00000000, 0x00000000, 0x00000000,
	0x00017cb2, 0x8823003e, 0x020283ff, 0x0008b000,
	0x00000000, 0x00000000, 0x00000000, 0x00000000,
	0x0001e231, 0x8827803e, 0x0202e3fd, 0x0009b000,
	0x00000000, 0x00000000, 0x00000000, 0x00000000,
	0x000257d8, 0x882c003e, 0x020343fb, 0x000ab000,
	0x00000000, 0x00000000, 0x00000000, 0x00000000,
	0x0002db3d, 0x8830803e, 0x020383f9, 0x000bb000,
	0x00000000, 0x00000000, 0x00000000, 0x00000000,
	0x00036f76, 0x8835003e, 0x0203e3f7, 0x000cb000,
	0x00000000, 0x00000000, 0x00000000, 0x00000000,
	0x00040edc, 0x8839003e, 0x020443f5, 0x000db000,
	0x00000000, 0x00000000, 0x00000000, 0x00000000,
	0x0004c2df, 0x883d803e, 0x020483f3, 0x000eb000,
	0x00000000, 0x00000000, 0x00000000, 0x00000000,
	0x00058942, 0x8842003e, 0x0204e3f1, 0x000fb000,
	0x00000000, 0x00000000, 0x00000000, 0x00000000,
	0x00065d81, 0xc846803e, 0x020543ef, 0x0010b000,
	0x00000000, 0x00000000, 0x00000000, 0x00000000,
	0x000744ef, 0xc84b003e, 0x020583ed, 0x0011b000,
	0x00000000, 0x00000000, 0x00000000, 0x00000000,
	0x00083eea, 0xc84f803e, 0x0205e3eb, 0x0012b000,
	0x00000000, 0x00000000, 0x00000000, 0x00000000,
	0x00094fbf, 0xc854003e, 0x020643e9, 0x0013b000,
	0x00000000, 0x00000000, 0x00000000, 0x00000000,
	0x000a65b0, 0x0858803e, 0x020683e8, 0x0014b000,
	0x00000000, 0x00000000, 0x00000000, 0x00000000,
	0x000b9c0b, 0x085d003e, 0x0206e3e6, 0x0015b000,
	0x00000000, 0x00000000, 0x00000000, 0x00000000,
	0x000ce043, 0x4861003e, 0x020743e4, 0x0016b000,
	0x00000000, 0x00000000, 0x00000000, 0x00000000,
	0x000e3f9a, 0x4865803e, 0x020783e2, 0x0017b000,
	0x00000000, 0x00000000, 0x00000000, 0x00000000,
	0x000fa940, 0x486a003e, 0x0207e3e0, 0x0018b000,
	0x00000000, 0x00000000, 0x00000000, 0x00000000,
	0x00112cda, 0x886e803e, 0x020843de, 0x0019b000,
	0x00000000, 0x00000000, 0x00000000, 0x00000000,
	0x0012cb17, 0xc873003e, 0x020883dc, 0x001ab000,
	0x00000000, 0x00000000, 0x00000000, 0x00000000,
	0x00146ce8, 0xc877803e, 0x0208e3da, 0x001bb000,
	0x00000000, 0x00000000, 0x00000000, 0x00000000,
	0x00163304, 0x087c003e, 0x020943d9, 0x001cb000,
	0x00000000, 0x00000000, 0x00000000, 0x00000000,
	0x001812ae, 0x0880803e, 0x020983d7, 0x001db000,
	0x00000000, 0x00000000, 0x00000000, 0x00000000,
	0x0019fcd0, 0x4884803e, 0x0209e3d5, 0x001eb000,
	0x00000000, 0x00000000, 0x00000000, 0x00000000,
	0x001bfdcb, 0x8889003e, 0x020a43d3, 0x001fb000,
	0x00000000, 0x00000000, 0x00000000, 0x00000000,
	0x001e2650, 0x888d803e, 0x020a83d1, 0x0020b000,
	0x00000000, 0x00000000, 0x00000000, 0x00000000,
	0x00205418, 0x8892006d, 0x020ae3da, 0x0021b000,
	0x00000000, 0x00000000, 0x00000000, 0x00000000,
	0x0022963b, 0x88968097, 0x020b43e2, 0x0022b000,
	0x00000000, 0x00000000, 0x00000000, 0x00000000,
	0x002500bf, 0x089b00b2, 0x020b83e7, 0x0023b000,
	0x00000000, 0x00000000, 0x00000000, 0x00000000,
	0x002768f3, 0x089f80c7, 0x020be3ea, 0x0024b000,
	0x00000000, 0x00000000, 0x00000000, 0x00000000,
	0x0029f924, 0xc8a400da, 0x020c43ec, 0x0025b000,
	0x00000000, 0x00000000, 0x00000000, 0x00000000,
	0x002c9a69, 0xc8a880ea, 0x020c83ee, 0x0026b000,
	0x00000000, 0x00000000, 0x00000000, 0x00000000,
	0x002f6604, 0x88ac80fa, 0x020ce3f0, 0x0027b000,
	0x00000000, 0x00000000, 0x00000000, 0x00000000,
	0x00324142, 0x08b10108, 0x020d43f2, 0x0028b000,
	0x00000000, 0x00000000, 0x00000000, 0x00000000,
	0x003529f7, 0x48b58115, 0x020d83f3, 0x0029b000,
	0x00000000, 0x00000000, 0x00000000, 0x00000000,
	0x00381d43, 0x88ba0122, 0x020de3f4, 0x002ab000,
	0x00000000, 0x00000000, 0x00000000, 0x00000000,
	0x003b3aa6, 0x88be812e, 0x020e43f5, 0x002bb000,
	0x00000000, 0x00000000, 0x00000000, 0x00000000,
	0x003e844c, 0x48c30139, 0x020e83f6, 0x002cb000,
	0x00000000, 0x00000000, 0x00000000, 0x00000000,
	0x0041fc9c, 0x48c78145, 0x020ee3f7, 0x002db000,
	0x00000000, 0x00000000, 0x00000000, 0x00000000,
	0x00455622, 0x08cc0150, 0x020f43f8, 0x002eb000,
	0x00000000, 0x00000000, 0x00000000, 0x00000000,
	0x0048db32, 0xc8d0015b, 0x020f83f8, 0x002fb000,
	0x00000000, 0x00000000, 0x00000000, 0x00000000,
	0x004c8e33, 0x48d48165, 0x020fe3f9, 0x0030b000,
	0x00000000, 0x00000000, 0x00000000, 0x00000000,
	0x005042a5, 0x08d90170, 0x021043fa, 0x0031b000,
	0x00000000, 0x00000000, 0x00000000, 0x00000000,
	0x00542547, 0x88dd817a, 0x021083fa, 0x0032b000,
	0x00000000, 0x00000000, 0x00000000, 0x00000000,
	0x005837c7, 0x08e20184, 0x0210e3fb, 0x0033b000,
	0x00000000, 0x00000000, 0x00000000, 0x00000000,
	0x005c47a1, 0x88e6818e, 0x021143fb, 0x0034b000,
	0x00000000, 0x00000000, 0x00000000, 0x00000000,
	0x00608759, 0xc8eb0197, 0x021183fb, 0x0035b000,
	0x00000000, 0x00000000, 0x00000000, 0x00000000,
	0x0064bf21, 0x48ef81a1, 0x0211e3fc, 0x0036b000,
	0x00000000, 0x00000000, 0x00000000, 0x00000000,
	0x0069260f, 0xc8f401ab, 0x021243fc, 0x0037b000,
	0x00000000, 0x00000000, 0x00000000, 0x00000000,
	0x006dbe4c, 0x08f801b4, 0x021283fd, 0x0038b000,
	0x00000000, 0x00000000, 0x00000000, 0x00000000,
	0x007247dd, 0x48fc81bd, 0x0212e3fd, 0x0039b000,
	0x00000000, 0x00000000, 0x00000000, 0x00000000,
	0x00774617, 0xc90101c7, 0x021343fd, 0x003ab000,
	0x00000000, 0x00000000, 0x00000000, 0x00000000,
	0x007bed00, 0x090581d0, 0x021383fe, 0x003bb000,
	0x00000000, 0x00000000, 0x00000000, 0x00000000,
	0x0080c293, 0x490a01d9, 0x0213e3fe, 0x003cb000,
	0x00000000, 0x00000000, 0x00000000, 0x00000000,
	0x00861579, 0x890e81e2, 0x021443fe, 0x003db000,
	0x00000000, 0x00000000, 0x00000000, 0x00000000,
	0x008b5051, 0xc91301eb, 0x021483fe, 0x003eb000,
	0x00000000, 0x00000000, 0x00000000, 0x00000000,
	0x00906c21, 0x091781f4, 0x0214e3ff, 0x003fb000,
	0x00000000, 0x00000000, 0x00000000, 0x00000000,
	0x00960e2a, 0x491b81fd, 0x021543ff, 0x0040b000,
	0x00000000, 0x00000000, 0x00000000, 0x00000000,
	0x009b8ec4, 0x89200206, 0x021583ff, 0x0041b000,
	0x00000000, 0x00000000, 0x00000000, 0x00000000,
	0x00a14314, 0xc924820f, 0x0215e3ff, 0x0042b000,
	0x00000000, 0x00000000, 0x00000000, 0x00000000,
	0x00a72ccc, 0x09290218, 0x02164400, 0x0043b000,
	0x00000000, 0x00000000, 0x00000000, 0x00000000,
	0x00acea7e, 0x092d8220, 0x02168400, 0x0044b000,
	0x00000000, 0x00000000, 0x00000000, 0x00000000,
	0x00b2da76, 0x49320229, 0x0216e400, 0x0045b000,
	0x00000000, 0x00000000, 0x00000000, 0x00000000,
	0x00b8fede, 0x89368232, 0x02174400, 0x0046b000,
	0x00000000, 0x00000000, 0x00000000, 0x00000000,
	0x00bf58ea, 0xc93b023b, 0x02178400, 0x0047b000,
	0x00000000, 0x00000000, 0x00000000, 0x00000000,
	0x00c5eb02, 0xc93f8243, 0x0217e400, 0x0048b000,
	0x00000000, 0x00000000, 0x00000000, 0x00000000,
	0x00cc4135, 0x0943824c, 0x02184401, 0x0049b000,
	0x00000000, 0x00000000, 0x00000000, 0x00000000,
	0x00d2cb1f, 0x09480254, 0x02188401, 0x004ab000,
	0x00000000, 0x00000000, 0x00000000, 0x00000000,
	0x00d98aad, 0x494c825d, 0x0218e401, 0x004bb000,
	0x00000000, 0x00000000, 0x00000000, 0x00000000,
	0x00e08151, 0x89510266, 0x02194401, 0x004cb000,
	0x00000000, 0x00000000, 0x00000000, 0x00000000,
	0x00e7b171, 0x8955826e, 0x02198401, 0x004db000,
	0x00000000, 0x00000000, 0x00000000, 0x00000000,
	0x00ef1c43, 0xc95a0277, 0x0219e401, 0x004eb000,
	0x00000000, 0x00000000, 0x00000000, 0x00000000,
	0x00f635c7, 0xc95e827f, 0x021a4401, 0x004fb000,
	0x00000000, 0x00000000, 0x00000000, 0x00000000,
	0x00fd852d, 0x09630288, 0x021a8402, 0x0050b000,
	0x00000000, 0x00000000, 0x00000000, 0x00000000,
	0x01050c61, 0x09670290, 0x021ae402, 0x0051b000,
	0x00000000, 0x00000000, 0x00000000, 0x00000000,
	0x010ccc97, 0x096b8298, 0x021b4402, 0x0052b000,
	0x00000000, 0x00000000, 0x00000000, 0x00000000,
	0x011428bd, 0x497002a1, 0x021b8402, 0x0053b000,
	0x00000000, 0x00000000, 0x00000000, 0x00000000,
	0x011c5bed, 0x497482a9, 0x021be402, 0x0054b000,
	0x00000000, 0x00000000, 0x00000000, 0x00000000,
	0x0124cd6a, 0x897902b2, 0x021c4402, 0x0055b000,
	0x00000000, 0x00000000, 0x00000000, 0x00000000,
	0x012cd175, 0x897d82ba, 0x021c8402, 0x0056b000,
	0x00000000, 0x00000000, 0x00000000, 0x00000000,
	0x01350dc9, 0x898202c2, 0x021ce402, 0x0057b000,
	0x00000000, 0x00000000, 0x00000000, 0x00000000,
	0x013d83d8, 0xc98682cb, 0x021d2402, 0x0058b000,
	0x00000000, 0x00000000, 0x00000000, 0x00000000,
	0x01463551, 0xc98b02d3, 0x021d8402, 0x0059b000,
	0x00000000, 0x00000000, 0x00000000, 0x00000000,
	0x014e62bb, 0x098f02dc, 0x021de403, 0x005ab000,
	0x00000000, 0x00000000, 0x00000000, 0x00000000,
	0x01578a4f, 0x099382e4, 0x021e2403, 0x005bb000,
	0x00000000, 0x00000000, 0x00000000, 0x00000000,
	0x01602718, 0x099802ec, 0x021e8403, 0x005cb000,
	0x00000000, 0x00000000, 0x00000000, 0x00000000,
	0x0169cb08, 0x499c82f5, 0x021ee403, 0x005db000,
	0x00000000, 0x00000000, 0x00000000, 0x00000000,
	0x0172dcf5, 0x49a102fd, 0x021f2403, 0x005eb000,
	0x00000000, 0x00000000, 0x00000000, 0x00000000,
	0x017c28db, 0x49a58305, 0x021f8403, 0x005fb000,
	0x00000000, 0x00000000, 0x00000000, 0x00000000,
	0x0185b0a6, 0x49aa030d, 0x021fe403, 0x0060b000,
	0x00000000, 0x00000000, 0x00000000, 0x00000000,
	0x018e8f1a, 0x89ae8316, 0x02202403, 0x0061b000,
	0x00000000, 0x00000000, 0x00000000, 0x00000000,
	0x0197a1c1, 0x89b2831e, 0x02208403, 0x0062b000,
	0x00000000, 0x00000000, 0x00000000, 0x00000000,
	0x01a1dad3, 0x89b70326, 0x0220e403, 0x0063b000,
	0x00000000, 0x00000000, 0x00000000, 0x00000000,
	0x01ac5365, 0xc9bb832f, 0x02212403, 0x0064b000,
	0x00000000, 0x00000000, 0x00000000, 0x00000000,
	0x01b6133c, 0xc9c00337, 0x02218403, 0x0065b000,
	0x00000000, 0x00000000, 0x00000000, 0x00000000,
	0x01c10ea9, 0xc9c4833f, 0x0221e403, 0x0066b000,
	0x00000000, 0x00000000, 0x00000000, 0x00000000,
	0x01cb47bb, 0xc9c90347, 0x02222403, 0x0067b000,
	0x00000000, 0x00000000, 0x00000000, 0x00000000,
	0x01d5bc74, 0x09cd8350, 0x02228404, 0x0068b000,
	0x00000000, 0x00000000, 0x00000000, 0x00000000,
	0x01e06cd5, 0x09d20358, 0x0222e404, 0x0069b000,
	0x00000000, 0x00000000, 0x00000000, 0x00000000,
	0x01eb5cb7, 0x09d68360, 0x02232404, 0x006ab000,
	0x00000000, 0x00000000, 0x00000000, 0x00000000,
	0x01f68c19, 0x09da8368, 0x02238404, 0x006bb000,
	0x00000000, 0x00000000, 0x00000000, 0x00000000,
	0x0201fce8, 0x49df0371, 0x0223e404, 0x006cb000,
	0x00000000, 0x00000000, 0x00000000, 0x00000000,
	0x020db111, 0x49e38379, 0x02242404, 0x006db000,
	0x00000000, 0x00000000, 0x00000000, 0x00000000,
	0x021872c3, 0x49e80381, 0x02248404, 0x006eb000,
	0x00000000, 0x00000000, 0x00000000, 0x00000000,
	0x0224a7da, 0x49ec8389, 0x0224e404, 0x006fb000,
	0x00000000, 0x00000000, 0x00000000, 0x00000000,
	0x022fe2c8, 0x89f10392, 0x02252404, 0x0070b000,
	0x00000000, 0x00000000, 0x00000000, 0x00000000,
	0x023b5771, 0x89f5839a, 0x02258404, 0x0071b000,
	0x00000000, 0x00000000, 0x00000000, 0x00000000,
	0x02485882, 0x89fa03a2, 0x0225e404, 0x0072b000,
	0x00000000, 0x00000000, 0x00000000, 0x00000000,
	0x02544e18, 0x89fe03aa, 0x02262404, 0x0073b000,
	0x00000000, 0x00000000, 0x00000000, 0x00000000,
	0x0260832f, 0x8a0283b2, 0x02268404, 0x0074b000,
	0x00000000, 0x00000000, 0x00000000, 0x00000000,
	0x026cf5da, 0xca0703bb, 0x0226e404, 0x0075b000,
	0x00000000, 0x00000000, 0x00000000, 0x00000000,
	0x0279abdf, 0xca0b83c3, 0x02272404, 0x0076b000,
	0x00000000, 0x00000000, 0x00000000, 0x00000000,
	0x0286a351, 0xca1003cb, 0x02278404, 0x0077b000,
	0x00000000, 0x00000000, 0x00000000, 0x00000000,
	0x0293de1d, 0xca1483d3, 0x0227e404, 0x0078b000,
	0x00000000, 0x00000000, 0x00000000, 0x00000000,
	0x029fdb66, 0x0a1903dc, 0x02282405, 0x0079b000,
	0x00000000, 0x00000000, 0x00000000, 0x00000000,
	0x02ad9af9, 0x0a1d83e4, 0x02288405, 0x007ab000,
	0x00000000, 0x00000000, 0x00000000, 0x00000000,
	0x02bba3ac, 0x0a2203ec, 0x0228e405, 0x007bb000,
	0x00000000, 0x00000000, 0x00000000, 0x00000000,
	0x02c859b1, 0x0a2603f4, 0x02292405, 0x007cb000,
	0x00000000, 0x00000000, 0x00000000, 0x00000000,
	0x02d6ecf1, 0x0a2a83fc, 0x02298405, 0x007db000,
	0x00000000, 0x00000000, 0x00000000, 0x00000000,
	0x02e421f7, 0x4a2f0405, 0x0229e405, 0x007eb000,
	0x00000000, 0x00000000, 0x00000000, 0x00000000,
	0x02f19491, 0x4a33840d, 0x022a2405, 0x007fb000,
	0x00000000, 0x00000000, 0x00000000, 0x00000000,
	0x03010144, 0x4a380415, 0x022a8405, 0x0080b000,
	0x00000000, 0x00000000, 0x00000000, 0x00000000,
	0x030efa91, 0x4a3c841d, 0x022ae405, 0x0081b000,
	0x00000000, 0x00000000, 0x00000000, 0x00000000,
	0x031d3360, 0x8a410426, 0x022b2405, 0x0082b000,
	0x00000000, 0x00000000, 0x00000000, 0x00000000,
	0x032baf88, 0x8a45842e, 0x022b8405, 0x0083b000,
	0x00000000, 0x00000000, 0x00000000, 0x00000000,
	0x033a6f0b, 0x8a498436, 0x022be405, 0x0084b000,
	0x00000000, 0x00000000, 0x00000000, 0x00000000,
	0x034973d3, 0x8a4e043e, 0x022c2405, 0x0085b000,
	0x00000000, 0x00000000, 0x00000000, 0x00000000,
	0x0358bde3, 0x8a528446, 0x022c8405, 0x0086b000,
	0x00000000, 0x00000000, 0x00000000, 0x00000000,
	0x03684f25, 0xca57044f, 0x022ce405, 0x0087b000,
	0x00000000, 0x00000000, 0x00000000, 0x00000000,
	0x0378279a, 0xca5b8457, 0x022d2405, 0x0088b000,
	0x00000000, 0x00000000, 0x00000000, 0x00000000,
	0x0386438c, 0xca60045f, 0x022d8405, 0x0089b000,
	0x00000000, 0x00000000, 0x00000000, 0x00000000,
	0x0396a87b, 0xca648467, 0x022de405, 0x008ab000,
	0x00000000, 0x00000000, 0x00000000, 0x00000000,
	0x03a75876, 0x0a690470, 0x022e2406, 0x008bb000,
	0x00000000, 0x00000000, 0x00000000, 0x00000000,
	0x03b85757, 0x0a6d8478, 0x022e8406, 0x008cb000,
	0x00000000, 0x00000000, 0x00000000, 0x00000000,
	0x03c77711, 0x0a718480, 0x022ee406, 0x008db000,
	0x00000000, 0x00000000, 0x00000000, 0x00000000,
	0x03d90c0b, 0x0a760488, 0x022f2406, 0x008eb000,
	0x00000000, 0x00000000, 0x00000000, 0x00000000,
	0x03e8b08b, 0x4a7a8491, 0x022f8406, 0x008fb000,
	0x00000000, 0x00000000, 0x00000000, 0x00000000,
	0x03f8948d, 0x4a7f0499, 0x022fe406, 0x0090b000,
	0x00000000, 0x00000000, 0x00000000, 0x00000000,
	0x0408b9fb, 0x4a8384a1, 0x02302406, 0x0091b000,
	0x00000000, 0x00000000, 0x00000000, 0x00000000,
	0x04191eea, 0x4a8804a9, 0x02308406, 0x0092b000,
	0x00000000, 0x00000000, 0x00000000, 0x00000000,
	0x042c2efb, 0x8a8c84b2, 0x0230e406, 0x0093b000,
	0x00000000, 0x00000000, 0x00000000, 0x00000000,
	0x043d262a, 0x8a9104ba, 0x02312406, 0x0094b000,
	0x00000000, 0x00000000, 0x00000000, 0x00000000,
	0x044e60b2, 0x8a9504c2, 0x02318406, 0x0095b000,
	0x00000000, 0x00000000, 0x00000000, 0x00000000,
	0x045fe26e, 0x8a9984ca, 0x0231e406, 0x0096b000,
	0x00000000, 0x00000000, 0x00000000, 0x00000000,
	0x0471ab5d, 0xca9e04d3, 0x02322406, 0x0097b000,
	0x00000000, 0x00000000, 0x00000000, 0x00000000,
	0x0483bd6b, 0xcaa284db, 0x02328406, 0x0098b000,
	0x00000000, 0x00000000, 0x00000000, 0x00000000,
	0x049616ad, 0xcaa704e3, 0x0232e406, 0x0099b000,
	0x00000000, 0x00000000, 0x00000000, 0x00000000,
	0x04a8bce7, 0xcaab84eb, 0x02332406, 0x009ab000,
	0x00000000, 0x00000000, 0x00000000, 0x00000000,
	0x04bbae2e, 0x0ab004f4, 0x02338407, 0x009bb000,
	0x00000000, 0x00000000, 0x00000000, 0x00000000,
	0x04ceec6e, 0x0ab484fc, 0x0233e407, 0x009cb000,
	0x00000000, 0x00000000, 0x00000000, 0x00000000,
	0x04dfa7f6, 0x0ab90504, 0x02342407, 0x009db000,
	0x00000000, 0x00000000, 0x00000000, 0x00000000,
	0x04f37875, 0x4abd050d, 0x02348407, 0x009eb000,
	0x00000000, 0x00000000, 0x00000000, 0x00000000,
	0x050799c7, 0x4ac18515, 0x0234e407, 0x009fb000,
	0x00000000, 0x00000000, 0x00000000, 0x00000000,
	0x051c0beb, 0x4ac6051d, 0x02352407, 0x00a0b000,
	0x00000000, 0x00000000, 0x00000000, 0x00000000,
	0x052dd4da, 0x8aca8526, 0x02358407, 0x00a1b000,
	0x00000000, 0x00000000, 0x00000000, 0x00000000,
	0x0542e2dc, 0x8acf052e, 0x0235e407, 0x00a2b000,
	0x00000000, 0x00000000, 0x00000000, 0x00000000,
	0x0555327f, 0x8ad38536, 0x02362407, 0x00a3b000,
	0x00000000, 0x00000000, 0x00000000, 0x00000000,
	0x0567c38f, 0xcad8053f, 0x02368407, 0x00a4b000,
	0x00000000, 0x00000000, 0x00000000, 0x00000000,
	0x057dbc55, 0xcadc8547, 0x0236e407, 0x00a5b000,
	0x00000000, 0x00000000, 0x00000000, 0x00000000,
	0x05940f8e, 0xcae0854f, 0x02372407, 0x00a6b000,
	0x00000000, 0x00000000, 0x00000000, 0x00000000,
	0x05a77a10, 0x0ae50558, 0x02378408, 0x00a7b000,
	0x00000000, 0x00000000, 0x00000000, 0x00000000,
	0x05bb27ec, 0x0ae98560, 0x0237e408, 0x00a8b000,
	0x00000000, 0x00000000, 0x00000000, 0x00000000,
	0x05cf1b0f, 0x0aee0568, 0x02382408, 0x00a9b000,
	0x00000000, 0x00000000, 0x00000000, 0x00000000,
	0x05e35378, 0x4af28571, 0x02388408, 0x00aab000,
	0x00000000, 0x00000000, 0x00000000, 0x00000000,
	0x05fb427e, 0x4af70579, 0x0238e408, 0x00abb000,
	0x00000000, 0x00000000, 0x00000000, 0x00000000,
	0x061014da, 0x4afb8581, 0x02392408, 0x00acb000,
	0x00000000, 0x00000000, 0x00000000, 0x00000000,
	0x06252e68, 0x8b00058a, 0x02398408, 0x00adb000,
	0x00000000, 0x00000000, 0x00000000, 0x00000000,
	0x063a9303, 0x8b048592, 0x0239e408, 0x00aeb000,
	0x00000000, 0x00000000, 0x00000000, 0x00000000,
	0x065040bd, 0xcb08859b, 0x023a2408, 0x00afb000,
	0x00000000, 0x00000000, 0x00000000, 0x00000000,
	0x06663b71, 0xcb0d05a3, 0x023a8408, 0x00b0b000,
	0x00000000, 0x00000000, 0x00000000, 0x00000000,
	0x067c8131, 0xcb1185ab, 0x023ae408, 0x00b1b000,
	0x00000000, 0x00000000, 0x00000000, 0x00000000,
	0x069313e9, 0x0b1605b4, 0x023b2409, 0x00b2b000,
	0x00000000, 0x00000000, 0x00000000, 0x00000000,
	0x06a9f775, 0x0b1a85bc, 0x023b8409, 0x00b3b000,
	0x00000000, 0x00000000, 0x00000000, 0x00000000,
	0x06c129e5, 0x4b1f05c5, 0x023be409, 0x00b4b000,
	0x00000000, 0x00000000, 0x00000000, 0x00000000,
	0x06d8ab3c, 0x4b2385cd, 0x023c2409, 0x00b5b000,
	0x00000000, 0x00000000, 0x00000000, 0x00000000,
	0x06f07f51, 0x8b2805d6, 0x023c8409, 0x00b6b000,
	0x00000000, 0x00000000, 0x00000000, 0x00000000,
	0x07049add, 0x8b2c05de, 0x023ce409, 0x00b7b000,
	0x00000000, 0x00000000, 0x00000000, 0x00000000,
	0x071d08e4, 0xcb3085e7, 0x023d2409, 0x00b8b000,
	0x00000000, 0x00000000, 0x00000000, 0x00000000,
	0x0735cb97, 0xcb3505ef, 0x023d8409, 0x00b9b000,
	0x00000000, 0x00000000, 0x00000000, 0x00000000,
	0x074ee2f5, 0x0b3985f8, 0x023de40a, 0x00bab000,
	0x00000000, 0x00000000, 0x00000000, 0x00000000,
	0x076854c5, 0x0b3e0600, 0x023e240a, 0x00bbb000,
	0x00000000, 0x00000000, 0x00000000, 0x00000000,
	0x077dcab1, 0x4b428609, 0x023e840a, 0x00bcb000,
	0x00000000, 0x00000000, 0x00000000, 0x00000000,
	0x07937e31, 0x4b470611, 0x023ee40a, 0x00bdb000,
	0x00000000, 0x00000000, 0x00000000, 0x00000000,
	0x07addcb2, 0x8b4b861a, 0x023f240a, 0x00beb000,
	0x00000000, 0x00000000, 0x00000000, 0x00000000,
	0x07c89790, 0x8b500622, 0x023f840a, 0x00bfb000,
	0x00000000, 0x00000000, 0x00000000, 0x00000000,
	0x07df2483, 0xcb54062b, 0x023fe40a, 0x00c0b000,
	0x00000000, 0x00000000, 0x00000000, 0x00000000,
	0x07fa8aa6, 0xcb588633, 0x0240240a, 0x00c1b000,
	0x00000000, 0x00000000, 0x00000000, 0x00000000,
	0x0811a9d8, 0x0b5d063c, 0x0240840b, 0x00c2b000,
	0x00000000, 0x00000000, 0x00000000, 0x00000000,
	0x08290a78, 0x0b618644, 0x0240e40b, 0x00c3b000,
	0x00000000, 0x00000000, 0x00000000, 0x00000000,
	0x08457089, 0x4b66064d, 0x0241240b, 0x00c4b000,
	0x00000000, 0x00000000, 0x00000000, 0x00000000,
	0x085d692e, 0x8b6a8656, 0x0241840b, 0x00c5b000,
	0x00000000, 0x00000000, 0x00000000, 0x00000000,
	0x087a860f, 0x8b6f065e, 0x0241e40b, 0x00c6b000,
	0x00000000, 0x00000000, 0x00000000, 0x00000000,
	0x089316b9, 0xcb738667, 0x0242240b, 0x00c7b000,
	0x00000000, 0x00000000, 0x00000000, 0x00000000,
	0x08abee97, 0xcb77866f, 0x0242840b, 0x00c8b000,
	0x00000000, 0x00000000, 0x00000000, 0x00000000,
	0x08ca1cb8, 0x0b7c0678, 0x0242e40c, 0x00c9b000,
	0x00000000, 0x00000000, 0x00000000, 0x00000000,
	0x08e3944e, 0x4b808681, 0x0243240c, 0x00cab000,
	0x00000000, 0x00000000, 0x00000000, 0x00000000,
	0x08fd5503, 0x4b850689, 0x0243840c, 0x00cbb000,
	0x00000000, 0x00000000, 0x00000000, 0x00000000,
	0x091760c5, 0x8b898692, 0x0243e40c, 0x00ccb000,
	0x00000000, 0x00000000, 0x00000000, 0x00000000,
	0x09370624, 0xcb8e069b, 0x0244240c, 0x00cdb000,
	0x00000000, 0x00000000, 0x00000000, 0x00000000,
	0x0951b950, 0xcb9286a3, 0x0244840c, 0x00ceb000,
	0x00000000, 0x00000000, 0x00000000, 0x00000000,
	0x096cb975, 0x0b9706ac, 0x0244e40d, 0x00cfb000,
	0x00000000, 0x00000000, 0x00000000, 0x00000000,
	0x09880880, 0x4b9b86b5, 0x0245240d, 0x00d0b000,
	0x00000000, 0x00000000, 0x00000000, 0x00000000,
	0x09a3a483, 0x8b9f86be, 0x0245840d, 0x00d1b000,
	0x00000000, 0x00000000, 0x00000000, 0x00000000,
	0x09bf9346, 0x8ba406c6, 0x0245e40d, 0x00d2b000,
	0x00000000, 0x00000000, 0x00000000, 0x00000000,
	0x09dbd0ee, 0xcba886cf, 0x0246240d, 0x00d3b000,
	0x00000000, 0x00000000, 0x00000000, 0x00000000,
	0x09f86155, 0x0bad06d8, 0x0246840e, 0x00d4b000,
	0x00000000, 0x00000000, 0x00000000, 0x00000000,
	0x0a15447b, 0x4bb186e1, 0x0246e40e, 0x00d5b000,
	0x00000000, 0x00000000, 0x00000000, 0x00000000,
	0x0a327c4c, 0x4bb606e9, 0x0247240e, 0x00d6b000,
	0x00000000, 0x00000000, 0x00000000, 0x00000000,
	0x0a5006dc, 0x8bba86f2, 0x0247840e, 0x00d7b000,
	0x00000000, 0x00000000, 0x00000000, 0x00000000,
	0x0a6de805, 0xcbbf06fb, 0x0247e40e, 0x00d8b000,
	0x00000000, 0x00000000, 0x00000000, 0x00000000,
	0x0a8c1fc5, 0x0bc30704, 0x0248240f, 0x00d9b000,
	0x00000000, 0x00000000, 0x00000000, 0x00000000,
	0x0aaaae1e, 0x4bc7870d, 0x0248840f, 0x00dab000,
	0x00000000, 0x00000000, 0x00000000, 0x00000000,
	0x0ac3616c, 0x8bcc0716, 0x0248e40f, 0x00dbb000,
	0x00000000, 0x00000000, 0x00000000, 0x00000000,
	0x0ae28f7c, 0x8bd0871e, 0x0249240f, 0x00dcb000,
	0x00000000, 0x00000000, 0x00000000, 0x00000000,
	0x0b0219eb, 0xcbd50727, 0x0249840f, 0x00ddb000,
	0x00000000, 0x00000000, 0x00000000, 0x00000000,
	0x0b21feca, 0x4bd98730, 0x0249e410, 0x00deb000,
	0x00000000, 0x00000000, 0x00000000, 0x00000000,
	0x0b424008, 0x8bde0739, 0x024a2410, 0x00dfb000,
	0x00000000, 0x00000000, 0x00000000, 0x00000000,
	0x0b5c5190, 0xcbe28742, 0x024a8410, 0x00e0b000,
	0x00000000, 0x00000000, 0x00000000, 0x00000000,
	0x0b7d3c25, 0x0be7074b, 0x024ae411, 0x00e1b000,
	0x00000000, 0x00000000, 0x00000000, 0x00000000,
	0x0b9e8504, 0x4beb0754, 0x024b2411, 0x00e2b000,
	0x00000000, 0x00000000, 0x00000000, 0x00000000,
	0x0bc03008, 0x8bef875d, 0x024b8411, 0x00e3b000,
	0x00000000, 0x00000000, 0x00000000, 0x00000000,
	0x0be23b42, 0xcbf40766, 0x024be411, 0x00e4b000,
	0x00000000, 0x00000000, 0x00000000, 0x00000000,
	0x0bfdbe42, 0x0bf8876f, 0x024c2412, 0x00e5b000,
	0x00000000, 0x00000000, 0x00000000, 0x00000000,
	0x0c207c72, 0x4bfd0778, 0x024c8412, 0x00e6b000,
	0x00000000, 0x00000000, 0x00000000, 0x00000000,
	0x0c3c8fc5, 0x8c018781, 0x024ce412, 0x00e7b000,
	0x00000000, 0x00000000, 0x00000000, 0x00000000,
	0x0c6004c5, 0xcc06078a, 0x024d2412, 0x00e8b000,
	0x00000000, 0x00000000, 0x00000000, 0x00000000,
	0x0c7caa57, 0x0c0a8793, 0x024d8413, 0x00e9b000,
	0x00000000, 0x00000000, 0x00000000, 0x00000000,
	0x0ca0d813, 0x4c0e879c, 0x024de413, 0x00eab000,
	0x00000000, 0x00000000, 0x00000000, 0x00000000,
	0x0cbe15aa, 0x8c1307a5, 0x024e2413, 0x00ebb000,
	0x00000000, 0x00000000, 0x00000000, 0x00000000,
	0x0ce2fffc, 0x0c1787af, 0x024e8414, 0x00ecb000,
	0x00000000, 0x00000000, 0x00000000, 0x00000000,
	0x0d00d598, 0x4c1c07b8, 0x024ee414, 0x00edb000,
	0x00000000, 0x00000000, 0x00000000, 0x00000000,
	0x0d268245, 0x8c2087c1, 0x024f2414, 0x00eeb000,
	0x00000000, 0x00000000, 0x00000000, 0x00000000,
	0x0d44f5ad, 0xcc2507ca, 0x024f8414, 0x00efb000,
	0x00000000, 0x00000000, 0x00000000, 0x00000000,
	0x0d6b66a1, 0x0c2987d3, 0x024fe415, 0x00f0b000,
	0x00000000, 0x00000000, 0x00000000, 0x00000000,
	0x0d8a79c1, 0x4c2e07dc, 0x02502415, 0x00f1b000,
	0x00000000, 0x00000000, 0x00000000, 0x00000000,
	0x0db1b4c2, 0xcc3287e6, 0x02508415, 0x00f2b000,
	0x00000000, 0x00000000, 0x00000000, 0x00000000,
	0x0dd16987, 0x0c3687ef, 0x0250e416, 0x00f3b000,
	0x00000000, 0x00000000, 0x00000000, 0x00000000,
	0x0df1676b, 0x4c3b07f8, 0x02512416, 0x00f4b000,
	0x00000000, 0x00000000, 0x00000000, 0x00000000,
	0x0e19ccb1, 0x0c3f8802, 0x02518417, 0x00f5b000,
	0x00000000, 0x00000000, 0x00000000, 0x00000000,
	0x0e3a7200, 0x4c44080b, 0x0251e417, 0x00f6b000,
	0x00000000, 0x00000000, 0x00000000, 0x00000000,
	0x0e5b6447, 0x8c488814, 0x02522417, 0x00f7b000,
	0x00000000, 0x00000000, 0x00000000, 0x00000000,
	0x0e7ca19b, 0x0c4d081e, 0x02528418, 0x00f8b000,
	0x00000000, 0x00000000, 0x00000000, 0x00000000,
	0x0ea69afd, 0x4c518827, 0x0252e418, 0x00f9b000,
	0x00000000, 0x00000000, 0x00000000, 0x00000000,
	0x0ec88581, 0x8c560830, 0x02532418, 0x00fab000,
	0x00000000, 0x00000000, 0x00000000, 0x00000000,
	0x0eeac0d7, 0x0c5a083a, 0x02538419, 0x00fbb000,
	0x00000000, 0x00000000, 0x00000000, 0x00000000,
	0x0f0d4926, 0x4c5e8843, 0x0253e419, 0x00fcb000,
	0x00000000, 0x00000000, 0x00000000, 0x00000000,
	0x0f302248, 0xcc63084d, 0x02542419, 0x00fdb000,
	0x00000000, 0x00000000, 0x00000000, 0x00000000,
	0x0f5c233b, 0x0c678856, 0x0254841a, 0x00feb000,
	0x00000000, 0x00000000, 0x00000000, 0x00000000,
	0x0f77a074, 0x8c6c0860, 0x0254e41a, 0x00ffb000,
	0x00000000, 0x00000000, 0x00000000, 0x00000000,
	0x00000000, 0x4c70886b, 0x0255241b, 0x0100a000,
	0x00000000, 0x00000000, 0x00000000, 0x00000000,
	0x00000000, 0x8c750874, 0x0255841b, 0x0101a000,
	0x00000000, 0x00000000, 0x00000000, 0x00000000,
	0x00000000, 0x4c79887e, 0x0255e41c, 0x0102a000,
	0x00000000, 0x00000000, 0x00000000, 0x00000000,
	0x00000000, 0x8c7e0887, 0x0256241c, 0x0103a000,
	0x00000000, 0x00000000, 0x00000000, 0x00000000,
	0x00000000, 0x0c820891, 0x0256841d, 0x0104a000,
	0x00000000, 0x00000000, 0x00000000, 0x00000000,
	0x00000000, 0x8c86889b, 0x0256c41d, 0x0105a000,
	0x00000000, 0x00000000, 0x00000000, 0x00000000,
	0x00000000, 0xcc8b08a4, 0x0257241d, 0x0106a000,
	0x00000000, 0x00000000, 0x00000000, 0x00000000,
	0x00000000, 0x4c8f88ae, 0x0257841e, 0x0107a000,
	0x00000000, 0x00000000, 0x00000000, 0x00000000,
	0x00000000, 0xcc9408b8, 0x0257c41e, 0x0108a000,
	0x00000000, 0x00000000, 0x00000000, 0x00000000,
	0x00000000, 0x4c9888c2, 0x0258241f, 0x0109a000,
	0x00000000, 0x00000000, 0x00000000, 0x00000000,
	0x00000000, 0x8c9d08cb, 0x0258841f, 0x010aa000,
	0x00000000, 0x00000000, 0x00000000, 0x00000000,
	0x00000000, 0x0ca188d5, 0x0258c420, 0x010ba000,
	0x00000000, 0x00000000, 0x00000000, 0x00000000,
	0x00000000, 0xcca588df, 0x02592420, 0x010ca000,
	0x00000000, 0x00000000, 0x00000000, 0x00000000,
	0x00000000, 0x4caa08e9, 0x02598421, 0x010da000,
	0x00000000, 0x00000000, 0x00000000, 0x00000000,
	0x00000000, 0xccae88f3, 0x0259c421, 0x010ea000,
	0x00000000, 0x00000000, 0x00000000, 0x00000000,
	0x00000000, 0x4cb308fd, 0x025a2422, 0x010fa000,
	0x00000000, 0x00000000, 0x00000000, 0x00000000,
	0x00000000, 0xccb78907, 0x025a8422, 0x0110a000,
	0x00000000, 0x00000000, 0x00000000, 0x00000000,
	0x00000000, 0x4cbc0911, 0x025ac423, 0x0111a000,
	0x00000000, 0x00000000, 0x00000000, 0x00000000,
	0x00000000, 0xccc0891b, 0x025b2423, 0x0112a000,
	0x00000000, 0x00000000, 0x00000000, 0x00000000,
	0x00000000, 0x8cc50925, 0x025b8424, 0x0113a000,
	0x00000000, 0x00000000, 0x00000000, 0x00000000,
	0x00000000, 0x0cc9892f, 0x025bc425, 0x0114a000,
	0x00000000, 0x00000000, 0x00000000, 0x00000000,
	0x00000000, 0x8ccd8939, 0x025c2425, 0x0115a000,
	0x00000000, 0x00000000, 0x00000000, 0x00000000,
	0x00000000, 0x0cd20943, 0x025c8426, 0x0116a000,
	0x00000000, 0x00000000, 0x00000000, 0x00000000,
	0x00000000, 0x8cd6894d, 0x025cc426, 0x0117a000,
	0x00000000, 0x00000000, 0x00000000, 0x00000000,
	0x00000000, 0x0cdb0957, 0x025d2427, 0x0118a000,
	0x00000000, 0x00000000, 0x00000000, 0x00000000,
	0x00000000, 0x0cdf8962, 0x025d8428, 0x0119a000,
	0x00000000, 0x00000000, 0x00000000, 0x00000000,
	0x00000000, 0x8ce4096c, 0x025dc428, 0x011aa000,
	0x00000000, 0x00000000, 0x00000000, 0x00000000,
	0x00000000, 0x0ce88976, 0x025e2429, 0x011ba000,
	0x00000000, 0x00000000, 0x00000000, 0x00000000,
	0x00000000, 0x8ced0980, 0x025e8429, 0x011ca000,
	0x00000000, 0x00000000, 0x00000000, 0x00000000,
	0x00000000, 0x4cf1098b, 0x025ec42a, 0x011da000,
	0x00000000, 0x00000000, 0x00000000, 0x00000000,
	0x00000000, 0xccf58995, 0x025f242a, 0x011ea000,
	0x00000000, 0x00000000, 0x00000000, 0x00000000,
	0x00000000, 0xccfa09a0, 0x025f842b, 0x011fa000,
	0x00000000, 0x00000000, 0x00000000, 0x00000000,
	0x00000000, 0x4cfe89aa, 0x025fc42c, 0x0120a000,
	0x00000000, 0x00000000, 0x00000000, 0x00000000,
	0x00000000, 0x0d0309b5, 0x0260242d, 0x0121a000,
	0x00000000, 0x00000000, 0x00000000, 0x00000000,
	0x00000000, 0x8d0789bf, 0x0260842d, 0x0122a000,
	0x00000000, 0x00000000, 0x00000000, 0x00000000,
	0x00000000, 0x8d0c09ca, 0x0260c42e, 0x0123a000,
	0x00000000, 0x00000000, 0x00000000, 0x00000000,
	0x00000000, 0x0d1089d4, 0x0261242f, 0x0124a000,
	0x00000000, 0x00000000, 0x00000000, 0x00000000,
	0x00000000, 0xcd1509df, 0x0261842f, 0x0125a000,
	0x00000000, 0x00000000, 0x00000000, 0x00000000,
	0x00000000, 0x8d1909ea, 0x0261c430, 0x0126a000,
	0x00000000, 0x00000000, 0x00000000, 0x00000000,
	0x00000000, 0x4d1d89f4, 0x02622431, 0x0127a000,
	0x00000000, 0x00000000, 0x00000000, 0x00000000,
	0x00000000, 0x0d2209ff, 0x02628432, 0x0128a000,
	0x00000000, 0x00000000, 0x00000000, 0x00000000,
	0x00000000, 0xcd268a0a, 0x0262c432, 0x0129a000,
	0x00000000, 0x00000000, 0x00000000, 0x00000000,
	0x00000000, 0x8d2b0a15, 0x02632433, 0x012aa000,
	0x00000000, 0x00000000, 0x00000000, 0x00000000,
	0x00000000, 0x8d2f8a20, 0x02638434, 0x012ba000,
	0x00000000, 0x00000000, 0x00000000, 0x00000000,
	0x00000000, 0x4d340a2b, 0x0263c435, 0x012ca000,
	0x00000000, 0x00000000, 0x00000000, 0x00000000,
	0x00000000, 0x0d388a36, 0x02642436, 0x012da000,
	0x00000000, 0x00000000, 0x00000000, 0x00000000,
	0x00000000, 0x0d3c8a41, 0x02648437, 0x012ea000,
	0x00000000, 0x00000000, 0x00000000, 0x00000000,
	0x00000000, 0xcd410a4c, 0x0264c437, 0x012fa000,
	0x00000000, 0x00000000, 0x00000000, 0x00000000,
	0x00000000, 0x8d458a57, 0x02652438, 0x0130a000,
	0x00000000, 0x00000000, 0x00000000, 0x00000000,
	0x00000000, 0x8d4a0a62, 0x02658439, 0x0131a000,
	0x00000000, 0x00000000, 0x00000000, 0x00000000,
	0x00000000, 0x4d4e8a6d, 0x0265c43a, 0x0132a000,
	0x00000000, 0x00000000, 0x00000000, 0x00000000,
	0x00000000, 0x0d530a78, 0x0266243b, 0x0133a000,
	0x00000000, 0x00000000, 0x00000000, 0x00000000,
	0x00000000, 0x4d578a84, 0x0266843c, 0x0134a000,
	0x00000000, 0x00000000, 0x00000000, 0x00000000,
	0x00000000, 0x0d5c0a8f, 0x0266c43d, 0x0135a000,
	0x00000000, 0x00000000, 0x00000000, 0x00000000,
	0x00000000, 0x0d608a9a, 0x0267243e, 0x0136a000,
	0x00000000, 0x00000000, 0x00000000, 0x00000000,
	0x00000000, 0x0d648aa6, 0x0267843f, 0x0137a000,
	0x00000000, 0x00000000, 0x00000000, 0x00000000,
	0x00000000, 0x0d690ab1, 0x0267c440, 0x0138a000,
	0x00000000, 0x00000000, 0x00000000, 0x00000000,
	0x00000000, 0x0d6d8abd, 0x02682441, 0x0139a000,
	0x00000000, 0x00000000, 0x00000000, 0x00000000,
	0x00000000, 0xcd720ac8, 0x02688441, 0x013aa000,
	0x00000000, 0x00000000, 0x00000000, 0x00000000,
	0x00000000, 0x0d768ad4, 0x0268c443, 0x013ba000,
	0x00000000, 0x00000000, 0x00000000, 0x00000000,
	0x00000000, 0x4d7b0ae0, 0x02692444, 0x013ca000,
	0x00000000, 0x00000000, 0x00000000, 0x00000000,
	0x00000000, 0x0d7f8aeb, 0x02698445, 0x013da000,
	0x00000000, 0x00000000, 0x00000000, 0x00000000,
	0x00000000, 0x4d840af7, 0x0269c446, 0x013ea000,
	0x00000000, 0x00000000, 0x00000000, 0x00000000,
	0x00000000, 0x4d880b03, 0x026a2447, 0x013fa000,
	0x00000000, 0x00000000, 0x00000000, 0x00000000,
	0x00000000, 0x8d8c8b0f, 0x026a8448, 0x0140a000,
	0x00000000, 0x00000000, 0x00000000, 0x00000000,
	0x00000000, 0x8d910b1b, 0x026ac449, 0x0141a000,
	0x00000000, 0x00000000, 0x00000000, 0x00000000,
	0x00000000, 0xcd958b27, 0x026b244a, 0x0142a000,
	0x00000000, 0x00000000, 0x00000000, 0x00000000,
	0x00000000, 0x0d9a0b33, 0x026b844c, 0x0143a000,
	0x00000000, 0x00000000, 0x00000000, 0x00000000,
	0x00000000, 0x0d9e8b3f, 0x026bc44d, 0x0144a000,
	0x00000000, 0x00000000, 0x00000000, 0x00000000,
	0x00000000, 0x4da30b4b, 0x026c244e, 0x0145a000,
	0x00000000, 0x00000000, 0x00000000, 0x00000000,
	0x00000000, 0x4da78b57, 0x026c844f, 0x0146a000,
	0x00000000, 0x00000000, 0x00000000, 0x00000000,
	0x00000000, 0xcdac0b64, 0x026cc450, 0x0147a000,
	0x00000000, 0x00000000, 0x00000000, 0x00000000,
	0x00000000, 0x0db00b70, 0x026d2452, 0x0148a000,
	0x00000000, 0x00000000, 0x00000000, 0x00000000,
	0x00000000, 0x8db48b7d, 0x026d8453, 0x0149a000,
	0x00000000, 0x00000000, 0x00000000, 0x00000000,
	0x00000000, 0x8db90b89, 0x026dc454, 0x014aa000,
	0x00000000, 0x00000000, 0x00000000, 0x00000000,
	0x00000000, 0x0dbd8b96, 0x026e2456, 0x014ba000,
	0x00000000, 0x00000000, 0x00000000, 0x00000000,
	0x00000000, 0x4dc20ba2, 0x026e8457, 0x014ca000,
	0x00000000, 0x00000000, 0x00000000, 0x00000000,
	0x00000000, 0xcdc68baf, 0x026ec458, 0x014da000,
	0x00000000, 0x00000000, 0x00000000, 0x00000000,
	0x00000000, 0x4dcb0bbc, 0x026f245a, 0x014ea000,
	0x00000000, 0x00000000, 0x00000000, 0x00000000,
	0x00000000, 0x8dcf8bc8, 0x026f845b, 0x014fa000,
	0x00000000, 0x00000000, 0x00000000, 0x00000000,
	0x00000000, 0xcdd38bd5, 0x026fc45c, 0x0150a000,
	0x00000000, 0x00000000, 0x00000000, 0x00000000,
	0x00000000, 0x4dd80be2, 0x0270245e, 0x0151a000,
	0x00000000, 0x00000000, 0x00000000, 0x00000000,
	0x00000000, 0xcddc8bef, 0x0270845f, 0x0152a000,
	0x00000000, 0x00000000, 0x00000000, 0x00000000,
	0x00000000, 0x4de10bfc, 0x0270c461, 0x0153a000,
	0x00000000, 0x00000000, 0x00000000, 0x00000000,
	0x00000000, 0x4de58c0a, 0x02712463, 0x0154a000,
	0x00000000, 0x00000000, 0x00000000, 0x00000000,
	0x00000000, 0xcdea0c17, 0x02718464, 0x0155a000,
	0x00000000, 0x00000000, 0x00000000, 0x00000000,
	0x00000000, 0x4dee8c24, 0x0271c466, 0x0156a000,
	0x00000000, 0x00000000, 0x00000000, 0x00000000,
	0x00000000, 0x0df30c32, 0x02722468, 0x0157a000,
	0x00000000, 0x00000000, 0x00000000, 0x00000000,
	0x00000000, 0x8df78c3f, 0x02728469, 0x0158a000,
	0x00000000, 0x00000000, 0x00000000, 0x00000000,
	0x00000000, 0x4dfb8c4d, 0x0272c46b, 0x0159a000,
	0x00000000, 0x00000000, 0x00000000, 0x00000000,
	0x00000000, 0xce000c5a, 0x0273246c, 0x015aa000,
	0x00000000, 0x00000000, 0x00000000, 0x00000000,
	0x00000000, 0xce048c68, 0x0273846e, 0x015ba000,
	0x00000000, 0x00000000, 0x00000000, 0x00000000,
	0x00000000, 0x8e090c76, 0x0273c470, 0x015ca000,
	0x00000000, 0x00000000, 0x00000000, 0x00000000,
	0x00000000, 0x8e0d8c84, 0x02742472, 0x015da000,
	0x00000000, 0x00000000, 0x00000000, 0x00000000,
	0x00000000, 0x4e120c92, 0x02748474, 0x015ea000,
	0x00000000, 0x00000000, 0x00000000, 0x00000000,
	0x00000000, 0x0e168ca0, 0x0274c476, 0x015fa000,
	0x00000000, 0x00000000, 0x00000000, 0x00000000,
	0x00000000, 0x0e1b0cae, 0x02752478, 0x0160a000,
	0x00000000, 0x00000000, 0x00000000, 0x00000000,
	0x00000000, 0xce1f0cbc, 0x02758479, 0x0161a000,
	0x00000000, 0x00000000, 0x00000000, 0x00000000,
	0x00000000, 0x0e238ccb, 0x0275c47c, 0x0162a000,
	0x00000000, 0x00000000, 0x00000000, 0x00000000,
	0x00000000, 0x0e280cd9, 0x0276247e, 0x0163a000,
	0x00000000, 0x00000000, 0x00000000, 0x00000000,
	0x00000000, 0x4e2c8ce8, 0x02768480, 0x0164a000,
	0x00000000, 0x00000000, 0x00000000, 0x00000000,
	0x00000000, 0x0e310cf6, 0x0276c482, 0x0165a000,
	0x00000000, 0x00000000, 0x00000000, 0x00000000,
	0x00000000, 0x4e358d05, 0x02772484, 0x0166a000,
	0x00000000, 0x00000000, 0x00000000, 0x00000000,
	0x00000000, 0x8e3a0d14, 0x02778486, 0x0167a000,
	0x00000000, 0x00000000, 0x00000000, 0x00000000,
	0x00000000, 0xce3e8d23, 0x0277c488, 0x0168a000,
	0x00000000, 0x00000000, 0x00000000, 0x00000000,
	0x00000000, 0x0e430d32, 0x0278248b, 0x0169a000,
	0x00000000, 0x00000000, 0x00000000, 0x00000000,
	0x00000000, 0x4e470d41, 0x0278848d, 0x016aa000,
	0x00000000, 0x00000000, 0x00000000, 0x00000000,
	0x00000000, 0x0e4b8d51, 0x0278c490, 0x016ba000,
	0x00000000, 0x00000000, 0x00000000, 0x00000000,
	0x00000000, 0x4e500d60, 0x02792492, 0x016ca000,
	0x00000000, 0x00000000, 0x00000000, 0x00000000,
	0x00000000, 0xce548d70, 0x02798494, 0x016da000,
	0x00000000, 0x00000000, 0x00000000, 0x00000000,
	0x00000000, 0x0e590d7f, 0x0279c497, 0x016ea000,
	0x00000000, 0x00000000, 0x00000000, 0x00000000,
	0x00000000, 0xce5d8d8f, 0x027a2499, 0x016fa000,
	0x00000000, 0x00000000, 0x00000000, 0x00000000,
	0x00000000, 0x4e620d9f, 0x027a849c, 0x0170a000,
	0x00000000, 0x00000000, 0x00000000, 0x00000000,
	0x00000000, 0x0e668daf, 0x027ac49f, 0x0171a000,
	0x00000000, 0x00000000, 0x00000000, 0x00000000,
	0x00000000, 0xce6b0dbf, 0x027b24a1, 0x0172a000,
	0x00000000, 0x00000000, 0x00000000, 0x00000000,
	0x00000000, 0x8e6f0dcf, 0x027b84a4, 0x0173a000,
	0x00000000, 0x00000000, 0x00000000, 0x00000000,
	0x00000000, 0x8e738de0, 0x027bc4a7, 0x0174a000,
	0x00000000, 0x00000000, 0x00000000, 0x00000000,
	0x00000000, 0x4e780df0, 0x027c24aa, 0x0175a000,
	0x00000000, 0x00000000, 0x00000000, 0x00000000,
	0x00000000, 0x4e7c8e01, 0x027c84ad, 0x0176a000,
	0x00000000, 0x00000000, 0x00000000, 0x00000000,
	0x00000000, 0x4e810e12, 0x027cc4b0, 0x0177a000,
	0x00000000, 0x00000000, 0x00000000, 0x00000000,
	0x00000000, 0x8e858e23, 0x027d24b3, 0x0178a000,
	0x00000000, 0x00000000, 0x00000000, 0x00000000,
	0x00000000, 0x8e8a0e34, 0x027d84b6, 0x0179a000,
	0x00000000, 0x00000000, 0x00000000, 0x00000000,
	0x00000000, 0xce8e8e45, 0x027dc4b9, 0x017aa000,
	0x00000000, 0x00000000, 0x00000000, 0x00000000,
	0x00000000, 0xce928e56, 0x027e24bc, 0x017ba000,
	0x00000000, 0x00000000, 0x00000000, 0x00000000,
	0x00000000, 0x4e970e68, 0x027e84c0, 0x017ca000,
	0x00000000, 0x00000000, 0x00000000, 0x00000000,
	0x00000000, 0x4e9b8e70, 0x027ec4c0, 0x017da000,
	0x00000000, 0x00000000, 0x00000000, 0x00000000,
	0x00000000, 0x8ea00e70, 0x027f24bd, 0x017ea000,
	0x00000000, 0x00000000, 0x00000000, 0x00000000,
	0x00000000, 0xcea48e70, 0x027f84ba, 0x017fa000,
	0x00000000, 0x00000000, 0x00000000, 0x00000000,
	0x00000000, 0x0ea90e70, 0x027fc4b8, 0x0180a000,
	0x00000000, 0x00000000, 0x00000000, 0x00000000,
	0x00000000, 0x4ead8e70, 0x028024b5, 0x0181a000,
	0x00000000, 0x00000000, 0x00000000, 0x00000000,
	0x00000000, 0x4eb20e70, 0x028084b2, 0x0182a000,
	0x00000000, 0x00000000, 0x00000000, 0x00000000,
	0x00000000, 0x8eb68e70, 0x0280c4af, 0x0183a000,
	0x00000000, 0x00000000, 0x00000000, 0x00000000,
	0x00000000, 0x0eba8e70, 0x028124ad, 0x0184a000,
	0x00000000, 0x00000000, 0x00000000, 0x00000000,
	0x00000000, 0x4ebf0e70, 0x028184aa, 0x0185a000,
	0x00000000, 0x00000000, 0x00000000, 0x00000000,
	0x00000000, 0x8ec38e70, 0x0281c4a7, 0x0186a000,
	0x00000000, 0x00000000, 0x00000000, 0x00000000,
	0x00000000, 0xcec80e70, 0x028224a4, 0x0187a000,
	0x00000000, 0x00000000, 0x00000000, 0x00000000,
	0x00000000, 0x0ecc8e70, 0x028284a2, 0x0188a000,
	0x00000000, 0x00000000, 0x00000000, 0x00000000,
	0x00000000, 0x4ed10e70, 0x0282c49f, 0x0189a000,
	0x00000000, 0x00000000, 0x00000000, 0x00000000,
	0x00000000, 0xced58e70, 0x0283249c, 0x018aa000,
	0x00000000, 0x00000000, 0x00000000, 0x00000000,
	0x00000000, 0x0eda0e70, 0x0283849a, 0x018ba000,
	0x00000000, 0x00000000, 0x00000000, 0x00000000,
	0x00000000, 0x8ede0e70, 0x0283c497, 0x018ca000,
	0x00000000, 0x00000000, 0x00000000, 0x00000000,
	0x00000000, 0xcee28e70, 0x02842494, 0x018da000,
	0x00000000, 0x00000000, 0x00000000, 0x00000000,
	0x00000000, 0x4ee70e70, 0x02848492, 0x018ea000,
	0x00000000, 0x00000000, 0x00000000, 0x00000000,
	0x00000000, 0x8eeb8e70, 0x0284c48f, 0x018fa000,
	0x00000000, 0x00000000, 0x00000000, 0x00000000,
	0x00000000, 0x0ef00e70, 0x0285248d, 0x0190a000,
	0x00000000, 0x00000000, 0x00000000, 0x00000000,
	0x00000000, 0x8ef48e70, 0x0285848a, 0x0191a000,
	0x00000000, 0x00000000, 0x00000000, 0x00000000,
	0x00000000, 0xcef90e70, 0x0285c487, 0x0192a000,
	0x00000000, 0x00000000, 0x00000000, 0x00000000,
	0x00000000, 0x4efd8e70, 0x02862485, 0x0193a000,
	0x00000000, 0x00000000, 0x00000000, 0x00000000,
	0x00000000, 0xcf020e70, 0x02868482, 0x0194a000,
	0x00000000, 0x00000000, 0x00000000, 0x00000000,
	0x00000000, 0x4f060e70, 0x0286c480, 0x0195a000,
	0x00000000, 0x00000000, 0x00000000, 0x00000000,
	0x00000000, 0xcf0a8e70, 0x0287247d, 0x0196a000,
	0x00000000, 0x00000000, 0x00000000, 0x00000000,
	0x00000000, 0x0f0f0e70, 0x0287847b, 0x0197a000,
	0x00000000, 0x00000000, 0x00000000, 0x00000000,
	0x00000000, 0x8f138e70, 0x0287c478, 0x0198a000,
	0x00000000, 0x00000000, 0x00000000, 0x00000000,
	0x00000000, 0x0f180e70, 0x02882476, 0x0199a000,
	0x00000000, 0x00000000, 0x00000000, 0x00000000,
	0x00000000, 0xcf1c8e70, 0x02888473, 0x019aa000,
	0x00000000, 0x00000000, 0x00000000, 0x00000000,
	0x00000000, 0x4f210e70, 0x0288c471, 0x019ba000,
	0x00000000, 0x00000000, 0x00000000, 0x00000000,
	0x00000000, 0xcf258e70, 0x0289246e, 0x019ca000,
	0x00000000, 0x00000000, 0x00000000, 0x00000000,
	0x00000000, 0x4f298e70, 0x0289846c, 0x019da000,
	0x00000000, 0x00000000, 0x00000000, 0x00000000,
	0x00000000, 0xcf2e0e70, 0x0289c469, 0x019ea000,
	0x00000000, 0x00000000, 0x00000000, 0x00000000,
	0x00000000, 0x8f328e70, 0x028a2467, 0x019fa000,
	0x00000000, 0x00000000, 0x00000000, 0x00000000,
	0x00000000, 0x0f370e70, 0x028a8465, 0x01a0a000,
	0x00000000, 0x00000000, 0x00000000, 0x00000000,
	0x00000000, 0x8f3b8e70, 0x028ac462, 0x01a1a000,
	0x00000000, 0x00000000, 0x00000000, 0x00000000,
	0x00000000, 0x4f400e70, 0x028b2460, 0x01a2a000,
	0x00000000, 0x00000000, 0x00000000, 0x00000000,
	0x00000000, 0xcf448e70, 0x028b845d, 0x01a3a000,
	0x00000000, 0x00000000, 0x00000000, 0x00000000,
	0x00000000, 0x8f490e70, 0x028bc45b, 0x01a4a000,
	0x00000000, 0x00000000, 0x00000000, 0x00000000,
	0x00000000, 0x0f4d8e70, 0x028c2459, 0x01a5a000,
	0x00000000, 0x00000000, 0x00000000, 0x00000000,
	0x00000000, 0xcf518e70, 0x028c8456, 0x01a6a000,
	0x00000000, 0x00000000, 0x00000000, 0x00000000,
	0x00000000, 0x4f560e70, 0x028cc454, 0x01a7a000,
	0x00000000, 0x00000000, 0x00000000, 0x00000000,
	0x00000000, 0x0f5a8e70, 0x028d2452, 0x01a8a000,
	0x00000000, 0x00000000, 0x00000000, 0x00000000,
	0x00000000, 0xcf5f0e70, 0x028d844f, 0x01a9a000,
	0x00000000, 0x00000000, 0x00000000, 0x00000000,
	0x00000000, 0x4f638e70, 0x028dc44d, 0x01aaa000,
	0x00000000, 0x00000000, 0x00000000, 0x00000000,
	0x00000000, 0x0f680e70, 0x028e244b, 0x01aba000,
	0x00000000, 0x00000000, 0x00000000, 0x00000000,
	0x00000000, 0xcf6c8e70, 0x028e8448, 0x01aca000,
	0x00000000, 0x00000000, 0x00000000, 0x00000000,
	0x00000000, 0x8f710e70, 0x028ec446, 0x01ada000,
	0x00000000, 0x00000000, 0x00000000, 0x00000000,
	0x00000000, 0x4f750e70, 0x028f2444, 0x01aea000,
	0x00000000, 0x00000000, 0x00000000, 0x00000000,
	0x00000000, 0xcf798e70, 0x028f6441, 0x01afa000,
	0x00000000, 0x00000000, 0x00000000, 0x00000000,
	0x00000000, 0x8f7e0e70, 0x028fc43f, 0x01b0a000,
	0x00000000, 0x00000000, 0x00000000, 0x00000000,
	0x00000000, 0x4f828e70, 0x0290243d, 0x01b1a000,
	0x00000000, 0x00000000, 0x00000000, 0x00000000,
	0x00000000, 0x0f870e70, 0x0290643b, 0x01b2a000,
	0x00000000, 0x00000000, 0x00000000, 0x00000000,
	0x00000000, 0x0f8b8e70, 0x0290c439, 0x01b3a000,
	0x00000000, 0x00000000, 0x00000000, 0x00000000,
	0x00000000, 0xcf900e70, 0x02912436, 0x01b4a000,
	0x00000000, 0x00000000, 0x00000000, 0x00000000,
	0x00000000, 0x8f948e70, 0x02916434, 0x01b5a000,
	0x00000000, 0x00000000, 0x00000000, 0x00000000,
	0x00000000, 0x4f990e70, 0x0291c432, 0x01b6a000,
	0x00000000, 0x00000000, 0x00000000, 0x00000000,
	0x00000000, 0x0f9d0e70, 0x02922430, 0x01b7a000,
	0x00000000, 0x00000000, 0x00000000, 0x00000000,
	0x00000000, 0xcfa18e70, 0x0292642d, 0x01b8a000,
	0x00000000, 0x00000000, 0x00000000, 0x00000000,
	0x00000000, 0xcfa60e70, 0x0292c42b, 0x01b9a000,
	0x00000000, 0x00000000, 0x00000000, 0x00000000,
	0x00000000, 0x8faa8e70, 0x02932429, 0x01baa000,
	0x00000000, 0x00000000, 0x00000000, 0x00000000,
	0x00000000, 0x4faf0e70, 0x02936427, 0x01bba000,
	0x00000000, 0x00000000, 0x00000000, 0x00000000,
	0x00000000, 0x4fb38e70, 0x0293c425, 0x01bca000,
	0x00000000, 0x00000000, 0x00000000, 0x00000000,
	0x00000000, 0x0fb80e70, 0x02942423, 0x01bda000,
	0x00000000, 0x00000000, 0x00000000, 0x00000000,
	0x00000000, 0x0fbc8e70, 0x02946421, 0x01bea000,
	0x00000000, 0x00000000, 0x00000000, 0x00000000,
	0x00000000, 0xcfc08e70, 0x0294c41e, 0x01bfa000,
	0x00000000, 0x00000000, 0x00000000, 0x00000000,
	0x00000000, 0xcfc50e70, 0x0295241c, 0x01c0a000,
	0x00000000, 0x00000000, 0x00000000, 0x00000000,
	0x00000000, 0x8fc98e70, 0x0295641a, 0x01c1a000,
	0x00000000, 0x00000000, 0x00000000, 0x00000000,
	0x00000000, 0x8fce0e70, 0x0295c418, 0x01c2a000,
	0x00000000, 0x00000000, 0x00000000, 0x00000000,
	0x00000000, 0x4fd28e70, 0x02962416, 0x01c3a000,
	0x00000000, 0x00000000, 0x00000000, 0x00000000,
	0x00000000, 0x4fd70e70, 0x02966414, 0x01c4a000,
	0x00000000, 0x00000000, 0x00000000, 0x00000000,
	0x00000000, 0x4fdb8e70, 0x0296c412, 0x01c5a000,
	0x00000000, 0x00000000, 0x00000000, 0x00000000,
	0x00000000, 0x4fe00e70, 0x02972410, 0x01c6a000,
	0x00000000, 0x00000000, 0x00000000, 0x00000000,
	0x00000000, 0x0fe48e70, 0x0297640e, 0x01c7a000,
	0x00000000, 0x00000000, 0x00000000, 0x00000000,
	0x00000000, 0x0fe88e70, 0x0297c40c, 0x01c8a000,
	0x00000000, 0x00000000, 0x00000000, 0x00000000,
	0x00000000, 0x0fed0e70, 0x0298240a, 0x01c9a000,
	0x00000000, 0x00000000, 0x00000000, 0x00000000,
	0x00000000, 0x0ff18e70, 0x02986408, 0x01caa000,
	0x00000000, 0x00000000, 0x00000000, 0x00000000,
	0x00000000, 0x0ff60e70, 0x0298c406, 0x01cba000,
	0x00000000, 0x00000000, 0x00000000, 0x00000000,
	0x00000000, 0x0ffa8e70, 0x02992404, 0x01cca000,
	0x00000000, 0x00000000, 0x00000000, 0x00000000,
	0x00000000, 0x0fff0e70, 0x02996402, 0x01cda000,
	0x00000000, 0x00000000, 0x00000000, 0x00000000,
	0x00000000, 0x0fff8e70, 0x0299c400, 0x01cea000,
	0x00000000, 0x00000000, 0x00000000, 0x00000000,
	0x00000000, 0x0fff8e70, 0x029a23fe, 0x01cfa000,
	0x00000000, 0x00000000, 0x00000000, 0x00000000,
	0x00000000, 0x0fff8e70, 0x029a63fc, 0x01d0a000,
	0x00000000, 0x00000000, 0x00000000, 0x00000000,
	0x00000000, 0x0fff8e70, 0x029ac3fa, 0x01d1a000,
	0x00000000, 0x00000000, 0x00000000, 0x00000000,
	0x00000000, 0x0fff8e70, 0x029b23f8, 0x01d2a000,
	0x00000000, 0x00000000, 0x00000000, 0x00000000,
	0x00000000, 0x0fff8e70, 0x029b63f6, 0x01d3a000,
	0x00000000, 0x00000000, 0x00000000, 0x00000000,
	0x00000000, 0x0fff8e70, 0x029bc3f4, 0x01d4a000,
	0x00000000, 0x00000000, 0x00000000, 0x00000000,
	0x00000000, 0x0fff8e70, 0x029c23f2, 0x01d5a000,
	0x00000000, 0x00000000, 0x00000000, 0x00000000,
	0x00000000, 0x0fff8e70, 0x029c63f0, 0x01d6a000,
	0x00000000, 0x00000000, 0x00000000, 0x00000000,
	0x00000000, 0x4fff8e70, 0x029cc3ee, 0x01d7a000,
	0x00000000, 0x00000000, 0x00000000, 0x00000000,
	0x00000000, 0x4fff8e70, 0x029d23ec, 0x01d8a000,
	0x00000000, 0x00000000, 0x00000000, 0x00000000,
	0x00000000, 0x4fff8e70, 0x029d63ea, 0x01d9a000,
	0x00000000, 0x00000000, 0x00000000, 0x00000000,
	0x00000000, 0x8fff8e70, 0x029dc3e8, 0x01daa000,
	0x00000000, 0x00000000, 0x00000000, 0x00000000,
	0x00000000, 0x8fff8e70, 0x029e23e6, 0x01dba000,
	0x00000000, 0x00000000, 0x00000000, 0x00000000,
	0x00000000, 0x8fff8e70, 0x029e63e4, 0x01dca000,
	0x00000000, 0x00000000, 0x00000000, 0x00000000,
	0x00000000, 0xcfff8e70, 0x029ec3e2, 0x01dda000,
	0x00000000, 0x00000000, 0x00000000, 0x00000000,
	0x00000000, 0xcfff8e70, 0x029f23e0, 0x01dea000,
	0x00000000, 0x00000000, 0x00000000, 0x00000000,
	0x00000000, 0x0fff8e70, 0x029f63df, 0x01dfa000,
	0x00000000, 0x00000000, 0x00000000, 0x00000000,
	0x00000000, 0x0fff8e70, 0x029fc3dd, 0x01e0a000,
	0x00000000, 0x00000000, 0x00000000, 0x00000000,
	0x00000000, 0x4fff8e70, 0x02a023db, 0x01e1a000,
	0x00000000, 0x00000000, 0x00000000, 0x00000000,
	0x00000000, 0x8fff8e70, 0x02a063d9, 0x01e2a000,
	0x00000000, 0x00000000, 0x00000000, 0x00000000,
	0x00000000, 0x8fff8e70, 0x02a0c3d7, 0x01e3a000,
	0x00000000, 0x00000000, 0x00000000, 0x00000000,
	0x00000000, 0xcfff8e70, 0x02a123d5, 0x01e4a000,
	0x00000000, 0x00000000, 0x00000000, 0x00000000,
	0x00000000, 0xcfff8e70, 0x02a163d3, 0x01e5a000,
	0x00000000, 0x00000000, 0x00000000, 0x00000000,
	0x00000000, 0x0fff8e70, 0x02a1c3d2, 0x01e6a000,
	0x00000000, 0x00000000, 0x00000000, 0x00000000,
	0x00000000, 0x4fff8e70, 0x02a223d0, 0x01e7a000,
	0x00000000, 0x00000000, 0x00000000, 0x00000000,
	0x00000000, 0x8fff8e70, 0x02a263ce, 0x01e8a000,
	0x00000000, 0x00000000, 0x00000000, 0x00000000,
	0x00000000, 0x8fff8e70, 0x02a2c3cc, 0x01e9a000,
	0x00000000, 0x00000000, 0x00000000, 0x00000000,
	0x00000000, 0xcfff8e70, 0x02a323ca, 0x01eaa000,
	0x00000000, 0x00000000, 0x00000000, 0x00000000,
	0x00000000, 0x0fff8e70, 0x02a363c9, 0x01eba000,
	0x00000000, 0x00000000, 0x00000000, 0x00000000,
	0x00000000, 0x4fff8e70, 0x02a3c3c7, 0x01eca000,
	0x00000000, 0x00000000, 0x00000000, 0x00000000,
	0x00000000, 0x8fff8e70, 0x02a423c5, 0x01eda000,
	0x00000000, 0x00000000, 0x00000000, 0x00000000,
	0x00000000, 0xcfff8e70, 0x02a463c3, 0x01eea000,
	0x00000000, 0x00000000, 0x00000000, 0x00000000,
	0x00000000, 0xcfff8e70, 0x02a4c3c1, 0x01efa000,
	0x00000000, 0x00000000, 0x00000000, 0x00000000,
	0x00000000, 0x0fff8e70, 0x02a523c0, 0x01f0a000,
	0x00000000, 0x00000000, 0x00000000, 0x00000000,
	0x00000000, 0x4fff8e70, 0x02a563be, 0x01f1a000,
	0x00000000, 0x00000000, 0x00000000, 0x00000000,
	0x00000000, 0x8fff8e70, 0x02a5c3bc, 0x01f2a000,
	0x00000000, 0x00000000, 0x00000000, 0x00000000,
	0x00000000, 0xcfff8e70, 0x02a623ba, 0x01f3a000,
	0x00000000, 0x00000000, 0x00000000, 0x00000000,
	0x00000000, 0x4fff8e70, 0x02a663b9, 0x01f4a000,
	0x00000000, 0x00000000, 0x00000000, 0x00000000,
	0x00000000, 0x8fff8e70, 0x02a6c3b7, 0x01f5a000,
	0x00000000, 0x00000000, 0x00000000, 0x00000000,
	0x00000000, 0xcfff8e70, 0x02a723b5, 0x01f6a000,
	0x00000000, 0x00000000, 0x00000000, 0x00000000,
	0x00000000, 0x0fff8e70, 0x02a763b4, 0x01f7a000,
	0x00000000, 0x00000000, 0x00000000, 0x00000000,
	0x00000000, 0x4fff8e70, 0x02a7c3b2, 0x01f8a000,
	0x00000000, 0x00000000, 0x00000000, 0x00000000,
	0x00000000, 0x8fff8e70, 0x02a823b0, 0x01f9a000,
	0x00000000, 0x00000000, 0x00000000, 0x00000000,
	0x00000000, 0xcfff8e70, 0x02a863ae, 0x01faa000,
	0x00000000, 0x00000000, 0x00000000, 0x00000000,
	0x00000000, 0x4fff8e70, 0x02a8c3ad, 0x01fba000,
	0x00000000, 0x00000000, 0x00000000, 0x00000000,
	0x00000000, 0x8fff8e70, 0x02a923ab, 0x01fca000,
	0x00000000, 0x00000000, 0x00000000, 0x00000000,
	0x00000000, 0xcfff8e70, 0x02a963a9, 0x01fda000,
	0x00000000, 0x00000000, 0x00000000, 0x00000000,
	0x00000000, 0x0fff8e70, 0x02a9c3a8, 0x01fea000,
	0x00000000, 0x00000000, 0x00000000, 0x00000000,
	0x00000000, 0x8fff8e70, 0x02aa23a6, 0x01ffa000,
	0x00000000, 0x00000000, 0x00000000, 0x00000000,
};

uint32_t idk_ut_5005_mix_ipt_ipt_md_lut[] = {
	0x00000000, 0x00000000, 0x00000000, 0x00000000,
	0x00000000, 0x00000000, 0x00000000, 0x00000000,
	0x00000000, 0x00000000, 0x00000000, 0x00010000,
	0x00000000, 0x00000000, 0x00000000, 0x00000000,
	0x00000000, 0x00000000, 0x00000000, 0x00020000,
	0x00000000, 0x00000000, 0x00000000, 0x00000000,
	0x00000000, 0x00000000, 0x00000000, 0x00030000,
	0x00000000, 0x00000000, 0x00000000, 0x00000000,
	0x0000006e, 0x00000000, 0x00000000, 0x00040000,
	0x00000000, 0x00000000, 0x00000000, 0x00000000,
	0x00000000, 0x00000000, 0x00000000, 0x00050000,
	0x00000000, 0x00000000, 0x00000000, 0x00000000,
	0x00000001, 0x00000000, 0x00000000, 0x00060000,
	0x00000000, 0x00000000, 0x00000000, 0x00000000,
	0x00000020, 0x00000000, 0x00000000, 0x00070000,
	0x00000000, 0x00000000, 0x00000000, 0x00000000,
	0x00000000, 0x00000000, 0x00000000, 0x00080000,
	0x00000000, 0x00000000, 0x00000000, 0x00000000,
	0x00000003, 0x00000000, 0x00000000, 0x00090000,
	0x00000000, 0x00000000, 0x00000000, 0x00000000,
	0x0000001f, 0x00000000, 0x00000000, 0x000a0000,
	0x00000000, 0x00000000, 0x00000000, 0x00000000,
	0x00000006, 0x00000000, 0x00000000, 0x000b0000,
	0x00000000, 0x00000000, 0x00000000, 0x00000000,
	0x00000091, 0x00000000, 0x00000000, 0x000c0000,
	0x00000000, 0x00000000, 0x00000000, 0x00000000,
	0x00000020, 0x00000000, 0x00000000, 0x000d0000,
	0x00000000, 0x00000000, 0x00000000, 0x00000000,
	0x00000000, 0x00000000, 0x00000000, 0x000e0000,
	0x00000000, 0x00000000, 0x00000000, 0x00000000,
	0x000000fc, 0x00000000, 0x00000000, 0x000f0000,
	0x00000000, 0x00000000, 0x00000000, 0x00000000,
	0x0000005b, 0x00000000, 0x00000000, 0x00100000,
	0x00000000, 0x00000000, 0x00000000, 0x00000000,
	0x00000004, 0x00000000, 0x00000000, 0x00110000,
	0x00000000, 0x00000000, 0x00000000, 0x00000000,
	0x00000043, 0x00000000, 0x00000000, 0x00120000,
	0x00000000, 0x00000000, 0x00000000, 0x00000000,
	0x00000020, 0x00000000, 0x00000000, 0x00130000,
	0x00000000, 0x00000000, 0x00000000, 0x00000000,
	0x00000000, 0x00000000, 0x00000000, 0x00140000,
	0x00000000, 0x00000000, 0x00000000, 0x00000000,
	0x00000001, 0x00000000, 0x00000000, 0x00150000,
	0x00000000, 0x00000000, 0x00000000, 0x00000000,
	0x0000000b, 0x00000000, 0x00000000, 0x00160000,
	0x00000000, 0x00000000, 0x00000000, 0x00000000,
	0x000000ea, 0x00000000, 0x00000000, 0x00170000,
	0x00000000, 0x00000000, 0x00000000, 0x00000000,
	0x00000057, 0x00000000, 0x00000000, 0x00180000,
	0x00000000, 0x00000000, 0x00000000, 0x00000000,
	0x00000000, 0x00000000, 0x00000000, 0x00190000,
	0x00000000, 0x00000000, 0x00000000, 0x00000000,
	0x00000000, 0x00000000, 0x00000000, 0x001a0000,
	0x00000000, 0x00000000, 0x00000000, 0x00000000,
	0x00000000, 0x00000000, 0x00000000, 0x001b0000,
	0x00000000, 0x00000000, 0x00000000, 0x00000000,
	0x00000000, 0x00000000, 0x00000000, 0x001c0000,
	0x00000000, 0x00000000, 0x00000000, 0x00000000,
	0x00000008, 0x00000000, 0x00000000, 0x001d0000,
	0x00000000, 0x00000000, 0x00000000, 0x00000000,
	0x00000000, 0x00000000, 0x00000000, 0x001e0000,
	0x00000000, 0x00000000, 0x00000000, 0x00000000,
	0x00000000, 0x00000000, 0x00000000, 0x001f0000,
	0x00000000, 0x00000000, 0x00000000, 0x00000000,
	0x00000000, 0x00000000, 0x00000000, 0x00200000,
	0x00000000, 0x00000000, 0x00000000, 0x00000000,
	0x00000008, 0x00000000, 0x00000000, 0x00210000,
	0x00000000, 0x00000000, 0x00000000, 0x00000000,
	0x00000000, 0x00000000, 0x00000000, 0x00220000,
	0x00000000, 0x00000000, 0x00000000, 0x00000000,
	0x00000000, 0x00000000, 0x00000000, 0x00230000,
	0x00000000, 0x00000000, 0x00000000, 0x00000000,
	0x00000000, 0x00000000, 0x00000000, 0x00240000,
	0x00000000, 0x00000000, 0x00000000, 0x00000000,
	0x00000042, 0x00000000, 0x00000000, 0x00250000,
	0x00000000, 0x00000000, 0x00000000, 0x00000000,
	0x000000b9, 0x00000000, 0x00000000, 0x00260000,
	0x00000000, 0x00000000, 0x00000000, 0x00000000,
	0x000000fe, 0x00000000, 0x00000000, 0x00270000,
	0x00000000, 0x00000000, 0x00000000, 0x00000000,
	0x000000a3, 0x00000000, 0x00000000, 0x00280000,
	0x00000000, 0x00000000, 0x00000000, 0x00000000,
	0x000000fe, 0x00000000, 0x00000000, 0x00290000,
	0x00000000, 0x00000000, 0x00000000, 0x00000000,
	0x000000a3, 0x00000000, 0x00000000, 0x002a0000,
	0x00000000, 0x00000000, 0x00000000, 0x00000000,
	0x000000fe, 0x00000000, 0x00000000, 0x002b0000,
	0x00000000, 0x00000000, 0x00000000, 0x00000000,
	0x000000a3, 0x00000000, 0x00000000, 0x002c0000,
	0x00000000, 0x00000000, 0x00000000, 0x00000000,
	0x00000042, 0x00000000, 0x00000000, 0x002d0000,
	0x00000000, 0x00000000, 0x00000000, 0x00000000,
	0x000000b9, 0x00000000, 0x00000000, 0x002e0000,
	0x00000000, 0x00000000, 0x00000000, 0x00000000,
	0x000000fe, 0x00000000, 0x00000000, 0x002f0000,
	0x00000000, 0x00000000, 0x00000000, 0x00000000,
	0x000000a3, 0x00000000, 0x00000000, 0x00300000,
	0x00000000, 0x00000000, 0x00000000, 0x00000000,
	0x000000fe, 0x00000000, 0x00000000, 0x00310000,
	0x00000000, 0x00000000, 0x00000000, 0x00000000,
	0x000000a3, 0x00000000, 0x00000000, 0x00320000,
	0x00000000, 0x00000000, 0x00000000, 0x00000000,
	0x000000fe, 0x00000000, 0x00000000, 0x00330000,
	0x00000000, 0x00000000, 0x00000000, 0x00000000,
	0x000000a3, 0x00000000, 0x00000000, 0x00340000,
	0x00000000, 0x00000000, 0x00000000, 0x00000000,
	0x00000042, 0x00000000, 0x00000000, 0x00350000,
	0x00000000, 0x00000000, 0x00000000, 0x00000000,
	0x000000b9, 0x00000000, 0x00000000, 0x00360000,
	0x00000000, 0x00000000, 0x00000000, 0x00000000,
	0x000000ff, 0x00000000, 0x00000000, 0x00370000,
	0x00000000, 0x00000000, 0x00000000, 0x00000000,
	0x000000ff, 0x00000000, 0x00000000, 0x00380000,
	0x00000000, 0x00000000, 0x00000000, 0x00000000,
	0x00000000, 0x00000000, 0x00000000, 0x00390000,
	0x00000000, 0x00000000, 0x00000000, 0x00000000,
	0x00000000, 0x00000000, 0x00000000, 0x003a0000,
	0x00000000, 0x00000000, 0x00000000, 0x00000000,
	0x00000000, 0x00000000, 0x00000000, 0x003b0000,
	0x00000000, 0x00000000, 0x00000000, 0x00000000,
	0x00000000, 0x00000000, 0x00000000, 0x003c0000,
	0x00000000, 0x00000000, 0x00000000, 0x00000000,
	0x00000000, 0x00000000, 0x00000000, 0x003d0000,
	0x00000000, 0x00000000, 0x00000000, 0x00000000,
	0x00000000, 0x00000000, 0x00000000, 0x003e0000,
	0x00000000, 0x00000000, 0x00000000, 0x00000000,
	0x00000000, 0x00000000, 0x00000000, 0x003f0000,
	0x00000000, 0x00000000, 0x00000000, 0x00000000,
	0x00000000, 0x00000000, 0x00000000, 0x00400000,
	0x00000000, 0x00000000, 0x00000000, 0x00000000,
	0x0000000c, 0x00000000, 0x00000000, 0x00410000,
	0x00000000, 0x00000000, 0x00000000, 0x00000000,
	0x00000002, 0x00000000, 0x00000000, 0x00420000,
	0x00000000, 0x00000000, 0x00000000, 0x00000000,
	0x00000001, 0x00000000, 0x00000000, 0x00430000,
	0x00000000, 0x00000000, 0x00000000, 0x00000000,
	0x00000001, 0x00000000, 0x00000000, 0x00440000,
	0x00000000, 0x00000000, 0x00000000, 0x00000000,
	0x00000000, 0x00000000, 0x00000000, 0x00450000,
	0x00000000, 0x00000000, 0x00000000, 0x00000000,
	0x0000003e, 0x00000000, 0x00000000, 0x00460000,
	0x00000000, 0x00000000, 0x00000000, 0x00000000,
	0x0000000e, 0x00000000, 0x00000000, 0x00470000,
	0x00000000, 0x00000000, 0x00000000, 0x00000000,
	0x00000070, 0x00000000, 0x00000000, 0x00480000,
	0x00000000, 0x00000000, 0x00000000, 0x00000000,
	0x00000000, 0x00000000, 0x00000000, 0x00490000,
	0x00000000, 0x00000000, 0x00000000, 0x00000000,
	0x0000002a, 0x00000000, 0x00000000, 0x004a0000,
	0x00000000, 0x00000000, 0x00000000, 0x00000000,
	0x00000003, 0x00000000, 0x00000000, 0x004b0000,
	0x00000000, 0x00000000, 0x00000000, 0x00000000,
	0x00000000, 0x00000000, 0x00000000, 0x004c0000,
	0x00000000, 0x00000000, 0x00000000, 0x00000000,
	0x00000000, 0x00000000, 0x00000000, 0x004d0000,
	0x00000000, 0x00000000, 0x00000000, 0x00000000,
	0x00000000, 0x00000000, 0x00000000, 0x004e0000,
	0x00000000, 0x00000000, 0x00000000, 0x00000000,
	0x00000006, 0x00000000, 0x00000000, 0x004f0000,
	0x00000000, 0x00000000, 0x00000000, 0x00000000,
	0x00000001, 0x00000000, 0x00000000, 0x00500000,
	0x00000000, 0x00000000, 0x00000000, 0x00000000,
	0x00000000, 0x00000000, 0x00000000, 0x00510000,
	0x00000000, 0x00000000, 0x00000000, 0x00000000,
	0x0000003e, 0x00000000, 0x00000000, 0x00520000,
	0x00000000, 0x00000000, 0x00000000, 0x00000000,
	0x0000000d, 0x00000000, 0x00000000, 0x00530000,
	0x00000000, 0x00000000, 0x00000000, 0x00000000,
	0x0000002d, 0x00000000, 0x00000000, 0x00540000,
	0x00000000, 0x00000000, 0x00000000, 0x00000000,
	0x00000003, 0x00000000, 0x00000000, 0x00550000,
	0x00000000, 0x00000000, 0x00000000, 0x00000000,
	0x000000c2, 0x00000000, 0x00000000, 0x00560000,
	0x00000000, 0x00000000, 0x00000000, 0x00000000,
	0x00000000, 0x00000000, 0x00000000, 0x00570000,
	0x00000000, 0x00000000, 0x00000000, 0x00000000,
	0x00000000, 0x00000000, 0x00000000, 0x00580000,
	0x00000000, 0x00000000, 0x00000000, 0x00000000,
	0x00000000, 0x00000000, 0x00000000, 0x00590000,
	0x00000000, 0x00000000, 0x00000000, 0x00000000,
	0x0000000e, 0x00000000, 0x00000000, 0x005a0000,
	0x00000000, 0x00000000, 0x00000000, 0x00000000,
	0x00000002, 0x00000000, 0x00000000, 0x005b0000,
	0x00000000, 0x00000000, 0x00000000, 0x00000000,
	0x00000008, 0x00000000, 0x00000000, 0x005c0000,
	0x00000000, 0x00000000, 0x00000000, 0x00000000,
	0x00000021, 0x00000000, 0x00000000, 0x005d0000,
	0x00000000, 0x00000000, 0x00000000, 0x00000000,
	0x00000008, 0x00000000, 0x00000000, 0x005e0000,
	0x00000000, 0x00000000, 0x00000000, 0x00000000,
	0x00000000, 0x00000000, 0x00000000, 0x005f0000,
	0x00000000, 0x00000000, 0x00000000, 0x00000000,
	0x00000008, 0x00000000, 0x00000000, 0x00600000,
	0x00000000, 0x00000000, 0x00000000, 0x00000000,
	0x00000000, 0x00000000, 0x00000000, 0x00610000,
	0x00000000, 0x00000000, 0x00000000, 0x00000000,
	0x00000008, 0x00000000, 0x00000000, 0x00620000,
	0x00000000, 0x00000000, 0x00000000, 0x00000000,
	0x00000000, 0x00000000, 0x00000000, 0x00630000,
	0x00000000, 0x00000000, 0x00000000, 0x00000000,
	0x00000008, 0x00000000, 0x00000000, 0x00640000,
	0x00000000, 0x00000000, 0x00000000, 0x00000000,
	0x00000000, 0x00000000, 0x00000000, 0x00650000,
	0x00000000, 0x00000000, 0x00000000, 0x00000000,
	0x00000008, 0x00000000, 0x00000000, 0x00660000,
	0x00000000, 0x00000000, 0x00000000, 0x00000000,
	0x00000000, 0x00000000, 0x00000000, 0x00670000,
	0x00000000, 0x00000000, 0x00000000, 0x00000000,
	0x00000008, 0x00000000, 0x00000000, 0x00680000,
	0x00000000, 0x00000000, 0x00000000, 0x00000000,
	0x00000000, 0x00000000, 0x00000000, 0x00690000,
	0x00000000, 0x00000000, 0x00000000, 0x00000000,
	0x00000000, 0x00000000, 0x00000000, 0x006a0000,
	0x00000000, 0x00000000, 0x00000000, 0x00000000,
	0x00000000, 0x00000000, 0x00000000, 0x006b0000,
	0x00000000, 0x00000000, 0x00000000, 0x00000000,
	0x00000000, 0x00000000, 0x00000000, 0x006c0000,
	0x00000000, 0x00000000, 0x00000000, 0x00000000,
	0x00000004, 0x00000000, 0x00000000, 0x006d0000,
	0x00000000, 0x00000000, 0x00000000, 0x00000000,
	0x00000004, 0x00000000, 0x00000000, 0x006e0000,
	0x00000000, 0x00000000, 0x00000000, 0x00000000,
	0x00000003, 0x00000000, 0x00000000, 0x006f0000,
	0x00000000, 0x00000000, 0x00000000, 0x00000000,
	0x00000083, 0x00000000, 0x00000000, 0x00700000,
	0x00000000, 0x00000000, 0x00000000, 0x00000000,
	0x00000002, 0x00000000, 0x00000000, 0x00710000,
	0x00000000, 0x00000000, 0x00000000, 0x00000000,
	0x00000029, 0x00000000, 0x00000000, 0x00720000,
	0x00000000, 0x00000000, 0x00000000, 0x00000000,
	0x00000000, 0x00000000, 0x00000000, 0x00730000,
	0x00000000, 0x00000000, 0x00000000, 0x00000000,
	0x00000000, 0x00000000, 0x00000000, 0x00740000,
	0x00000000, 0x00000000, 0x00000000, 0x00000000,
	0x00000000, 0x00000000, 0x00000000, 0x00750000,
	0x00000000, 0x00000000, 0x00000000, 0x00000000,
	0x00000000, 0x00000000, 0x00000000, 0x00760000,
	0x00000000, 0x00000000, 0x00000000, 0x00000000,
	0x00000000, 0x00000000, 0x00000000, 0x00770000,
	0x00000000, 0x00000000, 0x00000000, 0x00000000,
	0x00000000, 0x00000000, 0x00000000, 0x00780000,
	0x00000000, 0x00000000, 0x00000000, 0x00000000,
	0x00000000, 0x00000000, 0x00000000, 0x00790000,
	0x00000000, 0x00000000, 0x00000000, 0x00000000,
	0x00000000, 0x00000000, 0x00000000, 0x007a0000,
	0x00000000, 0x00000000, 0x00000000, 0x00000000,
	0x00000000, 0x00000000, 0x00000000, 0x007b0000,
	0x00000000, 0x00000000, 0x00000000, 0x00000000,
	0x00000000, 0x00000000, 0x00000000, 0x007c0000,
	0x00000000, 0x00000000, 0x00000000, 0x00000000,
	0x00000000, 0x00000000, 0x00000000, 0x007d0000,
	0x00000000, 0x00000000, 0x00000000, 0x00000000,
	0x00000000, 0x00000000, 0x00000000, 0x007e0000,
	0x00000000, 0x00000000, 0x00000000, 0x00000000,
	0x00000000, 0x00000000, 0x00000000, 0x007f0000,
	0x00000000, 0x00000000, 0x00000000, 0x00000000,
};

uint32_t idk_ut_5005_mix_ipt_ipt_dsys_ml_tbl[] = {
	0x96020000, 0xffff0053, 0x96030000, 0x00ff0053,
	0x96040000, 0xffff0053, 0x96050000, 0x00ff0053,
	0x96060000, 0xffff0053, 0x96070000, 0x00ff0053,
	0x960a0000, 0xffff0053, 0x960b0000, 0x00ff0053,
	0x960c0000, 0xffff0053, 0x960d0000, 0x00ff0053,
	0x960e0000, 0xffff0053, 0x960f0000, 0x00ff0053,
	0x96120000, 0xffff0053, 0x96130000, 0x00ff0053,
	0x96140000, 0xffff0053, 0x96150000, 0x00ff0053,
	0x96160000, 0xffff0053, 0x96170000, 0x00ff0053,
	0x96010000, 0x03ff0053, 0x96090000, 0x03ff0053,
	0x96110000, 0x03ff0053, 0x96010000, 0x80000053,
	0x95010000, 0x00040053, 0x95010000, 0x00080053,
	0x95010000, 0x00020053, 0x91080000, 0x03ff0053,
	0x91090006, 0x03ff0053, 0x910a005f, 0x03ff0053,
	0x910b015f, 0x03ff0053, 0x910c025f, 0x03ff0053,
	0x910d035f, 0x03ff0053, 0x910e03ff, 0x03ff0053,
	0x910f03ff, 0x03ff0053, 0x911003ff, 0x03ff0053,
	0x91125b55, 0xffff0053, 0x91130000, 0x3fff0053,
	0x911441c0, 0xffff0053, 0x91150113, 0x3fff0053,
	0x9116b4e0, 0xffff0053, 0x911716a0, 0x3fff0053,
	0x91187d24, 0xffff0053, 0x91190001, 0x3fff0053,
	0x911aeed4, 0xffff0053, 0x911b00a6, 0x3fff0053,
	0x911c6400, 0xffff0053, 0x911d3ea8, 0x3fff0053,
	0x911edc91, 0xffff0053, 0x911f0002, 0x3fff0053,
	0x9120d2cd, 0xffff0053, 0x9121007d, 0x3fff0053,
	0x9122f955, 0xffff0053, 0x91233fd6, 0x3fff0053,
	0x91244e44, 0xffff0053, 0x91250007, 0x3fff0053,
	0x9126c09b, 0xffff0053, 0x9127005d, 0x3fff0053,
	0x9128e7c4, 0xffff0053, 0x9129000d, 0x3fff0053,
	0x912a8fdf, 0xffff0053, 0x912b3ffc, 0x3fff0053,
	0x912cda67, 0xffff0053, 0x912d0086, 0x3fff0053,
	0x912ebc0a, 0xffff0053, 0x912f3fe6, 0x3fff0053,
	0x9130b6ce, 0xffff0053, 0x91310057, 0x3fff0053,
	0x9132ef0f, 0xffff0053, 0x91333fbd, 0x3fff0053,
	0x9134e2d7, 0xffff0053, 0x91350054, 0x3fff0053,
	0x9136b6ce, 0xffff0053, 0x91370057, 0x3fff0053,
	0x9138ef0f, 0xffff0053, 0x91393fbd, 0x3fff0053,
	0x913ae2d7, 0xffff0053, 0x913b0054, 0x3fff0053,
	0x913cb6ce, 0xffff0053, 0x913d0057, 0x3fff0053,
	0x913eef0f, 0xffff0053, 0x913f3fbd, 0x3fff0053,
	0x9140e2d7, 0xffff0053, 0x91410054, 0x3fff0053,
	0x91420000, 0x03ff0053, 0x914303ff, 0x03ff0053,
	0x914403ff, 0x03ff0053, 0x914503ff, 0x03ff0053,
	0x914603ff, 0x03ff0053, 0x914803b0, 0xffff0053,
	0x91493fe0, 0x3fff0053, 0x914a851f, 0xffff0053,
	0x914b00d6, 0x3fff0053, 0x914c0000, 0xffff0053,
	0x914d0000, 0x3fff0053, 0x914e03b0, 0xffff0053,
	0x914f3fe0, 0x3fff0053, 0x9150851f, 0xffff0053,
	0x915100d6, 0x3fff0053, 0x91520000, 0xffff0053,
	0x91530000, 0x3fff0053, 0x915403b0, 0xffff0053,
	0x91553fe0, 0x3fff0053, 0x9156851f, 0xffff0053,
	0x915700d6, 0x3fff0053, 0x91580000, 0xffff0053,
	0x91590000, 0x3fff0053, 0x915a03b0, 0xffff0053,
	0x915b3fe0, 0x3fff0053, 0x915c851f, 0xffff0053,
	0x915d00d6, 0x3fff0053, 0x915e0000, 0xffff0053,
	0x915f0000, 0x3fff0053, 0x91600000, 0x03ff0053,
	0x916103ff, 0x03ff0053, 0x916203ff, 0x03ff0053,
	0x916303ff, 0x03ff0053, 0x916403ff, 0x03ff0053,
	0x91669dc2, 0xffff0053, 0x91673fda, 0x3fff0053,
	0x91689320, 0xffff0053, 0x916900d6, 0x3fff0053,
	0x916a0000, 0xffff0053, 0x916b0000, 0x3fff0053,
	0x916c9dc2, 0xffff0053, 0x916d3fda, 0x3fff0053,
	0x916e9320, 0xffff0053, 0x916f00d6, 0x3fff0053,
	0x91700000, 0xffff0053, 0x91710000, 0x3fff0053,
	0x91729dc2, 0xffff0053, 0x91733fda, 0x3fff0053,
	0x91749320, 0xffff0053, 0x917500d6, 0x3fff0053,
	0x91760000, 0xffff0053, 0x91770000, 0x3fff0053,
	0x91789dc2, 0xffff0053, 0x91793fda, 0x3fff0053,
	0x917a9320, 0xffff0053, 0x917b00d6, 0x3fff0053,
	0x917c0000, 0xffff0053, 0x917d0000, 0x3fff0053,
	0x92080000, 0xffff0053, 0x92090000, 0xffff0053,
	0x920a0000, 0x00ff0053, 0x920a0000, 0xff000053,
	0x920b0000, 0xffff0053, 0x920c0000, 0xffff0053,
	0x920d0000, 0xffff0053, 0x920e0000, 0xffff0053,
	0x920f0000, 0x00ff0053, 0x92100000, 0xffff0053,
	0x92110000, 0xffff0053, 0x92120000, 0x00ff0053,
	0x92120000, 0xff000053, 0x92130000, 0xffff0053,
	0x92140000, 0xffff0053, 0x92150000, 0xffff0053,
	0x92160000, 0xffff0053, 0x92170000, 0x00ff0053,
	0x92180000, 0xffff0053, 0x92190000, 0xffff0053,
	0x921a0000, 0x00ff0053, 0x921a0000, 0xff000053,
	0x921b0000, 0xffff0053, 0x921c0000, 0xffff0053,
	0x921d0000, 0xffff0053, 0x921e0000, 0xffff0053,
	0x921f0000, 0x00ff0053, 0x92200000, 0xffff0053,
	0x92210000, 0xffff0053, 0x92220000, 0x00ff0053,
	0x92220000, 0xff000053, 0x92230000, 0xffff0053,
	0x92240000, 0xffff0053, 0x92250000, 0xffff0053,
	0x92260000, 0xffff0053, 0x92270000, 0x00ff0053,
	0x92280000, 0xffff0053, 0x92290000, 0xffff0053,
	0x922a0000, 0x00ff0053, 0x922a0000, 0xff000053,
	0x922b0000, 0xffff0053, 0x922c0000, 0xffff0053,
	0x922d0000, 0xffff0053, 0x922e0000, 0xffff0053,
	0x922f0000, 0x00ff0053, 0x92300000, 0xffff0053,
	0x92310000, 0xffff0053, 0x92320000, 0x00ff0053,
	0x92320000, 0xff000053, 0x92330000, 0xffff0053,
	0x92340000, 0xffff0053, 0x92350000, 0xffff0053,
	0x92360000, 0xffff0053, 0x92370000, 0x00ff0053,
	0x92380000, 0xffff0053, 0x92390000, 0xffff0053,
	0x923a0000, 0x00ff0053, 0x923a0000, 0xff000053,
	0x923b0000, 0xffff0053, 0x923c0000, 0xffff0053,
	0x923d0000, 0xffff0053, 0x923e0000, 0xffff0053,
	0x923f0000, 0x00ff0053, 0x92400000, 0xffff0053,
	0x92410000, 0xffff0053, 0x92420000, 0x00ff0053,
	0x92420000, 0xff000053, 0x92430000, 0xffff0053,
	0x92440000, 0xffff0053, 0x92450000, 0xffff0053,
	0x92460000, 0xffff0053, 0x92470000, 0x00ff0053,
	0x92480000, 0xffff0053, 0x92490000, 0xffff0053,
	0x924a0000, 0x00ff0053, 0x924a0000, 0xff000053,
	0x924b0000, 0xffff0053, 0x924c0000, 0xffff0053,
	0x924d0000, 0xffff0053, 0x924e0000, 0xffff0053,
	0x924f0000, 0x00ff0053, 0x92500000, 0xffff0053,
	0x92510000, 0xffff0053, 0x92520000, 0x00ff0053,
	0x92520000, 0xff000053, 0x92530000, 0xffff0053,
	0x92540000, 0xffff0053, 0x92550000, 0xffff0053,
	0x92560000, 0xffff0053, 0x92570000, 0x00ff0053,
	0x92580000, 0xffff0053, 0x92590000, 0xffff0053,
	0x925a0000, 0x00ff0053, 0x925a0000, 0xff000053,
	0x925b0000, 0xffff0053, 0x925c0000, 0xffff0053,
	0x925d0000, 0xffff0053, 0x925e0000, 0xffff0053,
	0x925f0000, 0x00ff0053, 0x92600000, 0xffff0053,
	0x92610000, 0xffff0053, 0x92620000, 0x00ff0053,
	0x92620000, 0xff000053, 0x92630000, 0xffff0053,
	0x92640000, 0xffff0053, 0x92650000, 0xffff0053,
	0x92660000, 0xffff0053, 0x92670000, 0x00ff0053,
	0x92680000, 0xffff0053, 0x92690000, 0xffff0053,
	0x926a0000, 0x00ff0053, 0x926a0000, 0xff000053,
	0x926b0000, 0xffff0053, 0x926c0000, 0xffff0053,
	0x926d0000, 0xffff0053, 0x926e0000, 0xffff0053,
	0x926f0000, 0x00ff0053, 0x92700000, 0xffff0053,
	0x92710000, 0xffff0053, 0x92720000, 0x00ff0053,
	0x92720000, 0xff000053, 0x92730000, 0xffff0053,
	0x92740000, 0xffff0053, 0x92750000, 0xffff0053,
	0x92760000, 0xffff0053, 0x92770000, 0x00ff0053,
	0x92780000, 0xffff0053, 0x92790000, 0xffff0053,
	0x927a0000, 0x00ff0053, 0x927a0000, 0xff000053,
	0x927b0000, 0xffff0053, 0x927c0000, 0xffff0053,
	0x95010000, 0x00100053, 0x95010000, 0x03000053,
	0x95080000, 0x80000053, 0x95100000, 0x80000053,
	0x95080000, 0x1fff0053, 0x95090000, 0x1fff0053,
	0x950a0000, 0x1fff0053, 0x950b0000, 0x1fff0053,
	0x950c0000, 0x1fff0053, 0x950d0000, 0x1fff0053,
	0x950e0000, 0x1fff0053, 0x950f0000, 0x1fff0053,
	0x95100000, 0x00ff0053, 0x95110000, 0x00ff0053,
	0x95120000, 0x00ff0053, 0x95130000, 0x00ff0053,
	0x95140000, 0x00ff0053, 0x95150000, 0x00ff0053,
	0x95160000, 0x00ff0053, 0x95170000, 0x00ff0053,
	0x95180000, 0x00030053, 0x95190000, 0x00030053,
	0x95190000, 0x03000053, 0x95180000, 0x80000053,
	0x91010000, 0x00010053, 0x91010000, 0x00020053,
	0x96180001, 0x00030053, 0x947b0000, 0x00800053,
	0x93060000, 0x00ff0053, 0x93070002, 0x00020053,
	0x93348001, 0x80010053, 0x94070000, 0x00200053,
	0x947302d0, 0xffff0053, 0x947401e0, 0xffff0053,
	0x93060000, 0x00ff0053, 0x94720000, 0x80000053,
	0x94790001, 0x00010053, 0x94320001, 0x00010053,
	0x94010000, 0x20000053, 0x94011000, 0x10000053,
	0x94018000, 0x80000053, 0x94020001, 0x00010053,
	0x94020000, 0x00020053, 0x94020004, 0x00040053,
	0x94020000, 0x00080053, 0x94020000, 0x00100053,
	0x94020000, 0x00200053, 0x941f0005, 0x00070053,
	0x94010000, 0x00040053, 0x94082000, 0xffff0053,
	0x9409031f, 0xffff0053, 0x940a0691, 0xffff0053,
	0x940b2000, 0xffff0053, 0x940cfc5b, 0xffff0053,
	0x940d0443, 0xffff0053, 0x940e2000, 0xffff0053,
	0x940f010b, 0xffff0053, 0x9410ea57, 0xffff0053,
	0x94118000, 0xffff0053, 0x9412004d, 0xffff0053,
	0x9413f000, 0xffff0053, 0x94140004, 0xffff0053,
	0x94151000, 0xffff0053, 0x9416ff5b, 0xffff0053,
	0x941bffff, 0xffff0053, 0x941c01ff, 0xffff0053,
	0x94070280, 0x03800053, 0x94170000, 0xffff0053,
	0x9418fff0, 0xffff0053, 0x94190010, 0xffff0053,
	0x941a0001, 0x00010053, 0x94070000, 0x00020053,
	0x94070000, 0x000c0053, 0x94010000, 0x00080053,
	0x94070001, 0x00010053, 0x94010000, 0x00100053,
	0x94204000, 0xffff0053, 0x9421ffff, 0xffff0053,
	0x9422ffff, 0xffff0053, 0x9423ffff, 0xffff0053,
	0x94244000, 0xffff0053, 0x9425ffff, 0xffff0053,
	0x9426ffff, 0xffff0053, 0x9427ffff, 0xffff0053,
	0x94284000, 0xffff0053, 0x94070c00, 0x0c000053,
	0x94010000, 0x00200053, 0x94070000, 0x00100053,
	0x93440000, 0x80000053, 0x94010000, 0x00400053,
	0x94070000, 0x30000053, 0x94290666, 0xffff0053,
	0x942a0666, 0xffff0053, 0x942b0333, 0xffff0053,
	0x942c4748, 0xffff0053, 0x942db262, 0xffff0053,
	0x942e0656, 0xffff0053, 0x942f0ce4, 0xffff0053,
	0x943005b7, 0xffff0053, 0x9431ed65, 0xffff0053,
	0x94010000, 0x00800053, 0x94010000, 0x00010053,
	0x945d0000, 0x00040053, 0x945d0000, 0x00080053,
	0x945d0000, 0x00010053, 0x945d0000, 0x00020053,
	0x94720000, 0x00030053, 0x94708000, 0x80000053,
	0x94718000, 0x80000053, 0x94718000, 0x80000053,
	0x94718000, 0x80000053, 0x94718000, 0x80000053,
};
uint32_t idk_ut_5005_mix_ipt_ipt_msys_ml_tbl[] = {
	0x59010001, 0x00010053, 0x59010000, 0x00020053,
	0x59297fff, 0xffff0053, 0x592a0c7c, 0xffff0053,
	0x592b1a45, 0xffff0053, 0x592c7fff, 0xffff0053,
	0x592df16d, 0xffff0053, 0x592e110d, 0xffff0053,
	0x592f7fff, 0xffff0053, 0x5930042d, 0xffff0053,
	0x5931a95c, 0xffff0053, 0x59070000, 0x30000053,
	0x59010000, 0x00040053, 0x59010000, 0x00080053,
	0x59204000, 0xffff0053, 0x59210000, 0xffff0053,
	0x59220000, 0xffff0053, 0x59230000, 0xffff0053,
	0x59244000, 0xffff0053, 0x59250000, 0xffff0053,
	0x59260000, 0xffff0053, 0x59270000, 0xffff0053,
	0x59284000, 0xffff0053, 0x59071000, 0x0c000053,
	0x59460000, 0xffff0053, 0x59479c40, 0xffff0053,
	0x59430000, 0xffff0053, 0x59440000, 0xffff0053,
	0x59010000, 0x00100053, 0x59070001, 0x00010053,
	0x59010000, 0x00200053, 0x59080666, 0xffff0053,
	0x59090666, 0xffff0053, 0x590a0333, 0xffff0053,
	0x590b4748, 0xffff0053, 0x590cb262, 0xffff0053,
	0x590d0656, 0xffff0053, 0x590e0ce4, 0xffff0053,
	0x590f05b7, 0xffff0053, 0x5910ed65, 0xffff0053,
	0x59110000, 0x1fff0053, 0x59130800, 0x1fff0053,
	0x59150800, 0x1fff0053, 0x59070000, 0x01800053,
	0x59170000, 0x0fff0053, 0x5919fff0, 0xffff0053,
	0x591a0000, 0x00010053, 0x59010000, 0x00400053,
	0x59040000, 0x00010053, 0x591f0000, 0x00030053,
	0x49010000, 0x00040053, 0x49084000, 0xffff0053,
	0x49090000, 0xffff0053, 0x490a64c8, 0xffff0053,
	0x490b4000, 0xffff0053, 0x490cf403, 0xffff0053,
	0x490de208, 0xffff0053, 0x490e4000, 0xffff0053,
	0x490f76c2, 0xffff0053, 0x49100000, 0xffff0053,
	0x49116400, 0xffff0053, 0x49120032, 0xffff0053,
	0x49130580, 0xffff0053, 0x4914ffeb, 0xffff0053,
	0x49156100, 0xffff0053, 0x4916003b, 0xffff0053,
	0x491bffff, 0xffff0053, 0x491c003f, 0xffff0053,
	0x49070000, 0x03800053, 0x49170000, 0xffff0053,
	0x4918ff00, 0xffff0053, 0x49190101, 0xffff0053,
	0x491a0001, 0x00010053, 0x49070002, 0x00020053,
	0x49070000, 0x000c0053, 0x49010000, 0x00080053,
	0x49070000, 0x00010053, 0x49010000, 0x00100053,
	0x49202705, 0xffff0053, 0x492150ce, 0xffff0053,
	0x4922082b, 0xffff0053, 0x492313ef, 0xffff0053,
	0x49245f0d, 0xffff0053, 0x49250d01, 0xffff0053,
	0x49260361, 0xffff0053, 0x49271106, 0xffff0053,
	0x49286b97, 0xffff0053, 0x49070000, 0x0c000053,
	0x49010000, 0x00200053, 0x49010000, 0x00400053,
	0x49070000, 0x30000053, 0x49290666, 0xffff0053,
	0x492a0666, 0xffff0053, 0x492b0333, 0xffff0053,
	0x492c4748, 0xffff0053, 0x492db262, 0xffff0053,
	0x492e0656, 0xffff0053, 0x492f0ce4, 0xffff0053,
	0x493005b7, 0xffff0053, 0x4931ed65, 0xffff0053,
	0x49010000, 0x00800053, 0x49010000, 0x00010053,
	0x49720000, 0x00030053, 0x495d0000, 0x00040053,
	0x495d0000, 0x00080053, 0x495d0000, 0x00010053,
	0x495d0000, 0x00020053, 0x49790001, 0x00010053,
	0x497a0000, 0x000c0053, 0x497d0000, 0x00ff0053,
	0x49320001, 0x00010053, 0x497401e0, 0x1fff0053,
	0x49070000, 0x00200053, 0x59480000, 0x00010053,
	0x59480000, 0x00020053, 0x59480000, 0x00040053,
	0x59480100, 0x01000053, 0x59480010, 0x00100053,
	0x59708000, 0x80000053, 0x59718000, 0x80000053,
	0x597401e0, 0xffff0053, 0x59720000, 0x00010053,
	0x59770001, 0x00ff0053, 0x59760003, 0x00070053,
	0x59780080, 0x0fff0053, 0x59720002, 0x00020053,
	0x597b0000, 0x10000053, 0x49708000, 0x80000053,
	0x49718000, 0x80000053, 0x49718000, 0x80000053,
	0x49718000, 0x80000053, 0x49718000, 0x80000053,
};

uint32_t idk_ut_5005_mix_ipt_sdr_dsys_sub_ml_tbl[] = {
	0xae020000, 0xffff0053, 0xae030000, 0x00ff0053,
	0xae040000, 0xffff0053, 0xae050000, 0x00ff0053,
	0xae060000, 0xffff0053, 0xae070000, 0x00ff0053,
	0xae0a0000, 0xffff0053, 0xae0b0000, 0x00ff0053,
	0xae0c0000, 0xffff0053, 0xae0d0000, 0x00ff0053,
	0xae0e0000, 0xffff0053, 0xae0f0000, 0x00ff0053,
	0xae120000, 0xffff0053, 0xae130000, 0x00ff0053,
	0xae140000, 0xffff0053, 0xae150000, 0x00ff0053,
	0xae160000, 0xffff0053, 0xae170000, 0x00ff0053,
	0xae010000, 0x03ff0053, 0xae090000, 0x03ff0053,
	0xae110000, 0x03ff0053, 0xae010000, 0x80000053,
	0xad010000, 0x00040053, 0xad010000, 0x00080053,
	0xad010000, 0x00020053, 0xa9080000, 0x03ff0053,
	0xa9090006, 0x03ff0053, 0xa90a005f, 0x03ff0053,
	0xa90b015f, 0x03ff0053, 0xa90c025f, 0x03ff0053,
	0xa90d035f, 0x03ff0053, 0xa90e03ff, 0x03ff0053,
	0xa90f03ff, 0x03ff0053, 0xa91003ff, 0x03ff0053,
	0xa9125b55, 0xffff0053, 0xa9130000, 0x3fff0053,
	0xa91441c0, 0xffff0053, 0xa9150113, 0x3fff0053,
	0xa916b4e0, 0xffff0053, 0xa91716a0, 0x3fff0053,
	0xa9187d24, 0xffff0053, 0xa9190001, 0x3fff0053,
	0xa91aeed4, 0xffff0053, 0xa91b00a6, 0x3fff0053,
	0xa91c6400, 0xffff0053, 0xa91d3ea8, 0x3fff0053,
	0xa91edc91, 0xffff0053, 0xa91f0002, 0x3fff0053,
	0xa920d2cd, 0xffff0053, 0xa921007d, 0x3fff0053,
	0xa922f955, 0xffff0053, 0xa9233fd6, 0x3fff0053,
	0xa9244e44, 0xffff0053, 0xa9250007, 0x3fff0053,
	0xa926c09b, 0xffff0053, 0xa927005d, 0x3fff0053,
	0xa928e7c4, 0xffff0053, 0xa929000d, 0x3fff0053,
	0xa92a8fdf, 0xffff0053, 0xa92b3ffc, 0x3fff0053,
	0xa92cda67, 0xffff0053, 0xa92d0086, 0x3fff0053,
	0xa92ebc0a, 0xffff0053, 0xa92f3fe6, 0x3fff0053,
	0xa930b6ce, 0xffff0053, 0xa9310057, 0x3fff0053,
	0xa932ef0f, 0xffff0053, 0xa9333fbd, 0x3fff0053,
	0xa934e2d7, 0xffff0053, 0xa9350054, 0x3fff0053,
	0xa936b6ce, 0xffff0053, 0xa9370057, 0x3fff0053,
	0xa938ef0f, 0xffff0053, 0xa9393fbd, 0x3fff0053,
	0xa93ae2d7, 0xffff0053, 0xa93b0054, 0x3fff0053,
	0xa93cb6ce, 0xffff0053, 0xa93d0057, 0x3fff0053,
	0xa93eef0f, 0xffff0053, 0xa93f3fbd, 0x3fff0053,
	0xa940e2d7, 0xffff0053, 0xa9410054, 0x3fff0053,
	0xa9420000, 0x03ff0053, 0xa94303ff, 0x03ff0053,
	0xa94403ff, 0x03ff0053, 0xa94503ff, 0x03ff0053,
	0xa94603ff, 0x03ff0053, 0xa94803b0, 0xffff0053,
	0xa9493fe0, 0x3fff0053, 0xa94a851f, 0xffff0053,
	0xa94b00d6, 0x3fff0053, 0xa94c0000, 0xffff0053,
	0xa94d0000, 0x3fff0053, 0xa94e03b0, 0xffff0053,
	0xa94f3fe0, 0x3fff0053, 0xa950851f, 0xffff0053,
	0xa95100d6, 0x3fff0053, 0xa9520000, 0xffff0053,
	0xa9530000, 0x3fff0053, 0xa95403b0, 0xffff0053,
	0xa9553fe0, 0x3fff0053, 0xa956851f, 0xffff0053,
	0xa95700d6, 0x3fff0053, 0xa9580000, 0xffff0053,
	0xa9590000, 0x3fff0053, 0xa95a03b0, 0xffff0053,
	0xa95b3fe0, 0x3fff0053, 0xa95c851f, 0xffff0053,
	0xa95d00d6, 0x3fff0053, 0xa95e0000, 0xffff0053,
	0xa95f0000, 0x3fff0053, 0xa9600000, 0x03ff0053,
	0xa96103ff, 0x03ff0053, 0xa96203ff, 0x03ff0053,
	0xa96303ff, 0x03ff0053, 0xa96403ff, 0x03ff0053,
	0xa9669dc2, 0xffff0053, 0xa9673fda, 0x3fff0053,
	0xa9689320, 0xffff0053, 0xa96900d6, 0x3fff0053,
	0xa96a0000, 0xffff0053, 0xa96b0000, 0x3fff0053,
	0xa96c9dc2, 0xffff0053, 0xa96d3fda, 0x3fff0053,
	0xa96e9320, 0xffff0053, 0xa96f00d6, 0x3fff0053,
	0xa9700000, 0xffff0053, 0xa9710000, 0x3fff0053,
	0xa9729dc2, 0xffff0053, 0xa9733fda, 0x3fff0053,
	0xa9749320, 0xffff0053, 0xa97500d6, 0x3fff0053,
	0xa9760000, 0xffff0053, 0xa9770000, 0x3fff0053,
	0xa9789dc2, 0xffff0053, 0xa9793fda, 0x3fff0053,
	0xa97a9320, 0xffff0053, 0xa97b00d6, 0x3fff0053,
	0xa97c0000, 0xffff0053, 0xa97d0000, 0x3fff0053,
	0xaa080000, 0xffff0053, 0xaa090000, 0xffff0053,
	0xaa0a0000, 0x00ff0053, 0xaa0a0000, 0xff000053,
	0xaa0b0000, 0xffff0053, 0xaa0c0000, 0xffff0053,
	0xaa0d0000, 0xffff0053, 0xaa0e0000, 0xffff0053,
	0xaa0f0000, 0x00ff0053, 0xaa100000, 0xffff0053,
	0xaa110000, 0xffff0053, 0xaa120000, 0x00ff0053,
	0xaa120000, 0xff000053, 0xaa130000, 0xffff0053,
	0xaa140000, 0xffff0053, 0xaa150000, 0xffff0053,
	0xaa160000, 0xffff0053, 0xaa170000, 0x00ff0053,
	0xaa180000, 0xffff0053, 0xaa190000, 0xffff0053,
	0xaa1a0000, 0x00ff0053, 0xaa1a0000, 0xff000053,
	0xaa1b0000, 0xffff0053, 0xaa1c0000, 0xffff0053,
	0xaa1d0000, 0xffff0053, 0xaa1e0000, 0xffff0053,
	0xaa1f0000, 0x00ff0053, 0xaa200000, 0xffff0053,
	0xaa210000, 0xffff0053, 0xaa220000, 0x00ff0053,
	0xaa220000, 0xff000053, 0xaa230000, 0xffff0053,
	0xaa240000, 0xffff0053, 0xaa250000, 0xffff0053,
	0xaa260000, 0xffff0053, 0xaa270000, 0x00ff0053,
	0xaa280000, 0xffff0053, 0xaa290000, 0xffff0053,
	0xaa2a0000, 0x00ff0053, 0xaa2a0000, 0xff000053,
	0xaa2b0000, 0xffff0053, 0xaa2c0000, 0xffff0053,
	0xaa2d0000, 0xffff0053, 0xaa2e0000, 0xffff0053,
	0xaa2f0000, 0x00ff0053, 0xaa300000, 0xffff0053,
	0xaa310000, 0xffff0053, 0xaa320000, 0x00ff0053,
	0xaa320000, 0xff000053, 0xaa330000, 0xffff0053,
	0xaa340000, 0xffff0053, 0xaa350000, 0xffff0053,
	0xaa360000, 0xffff0053, 0xaa370000, 0x00ff0053,
	0xaa380000, 0xffff0053, 0xaa390000, 0xffff0053,
	0xaa3a0000, 0x00ff0053, 0xaa3a0000, 0xff000053,
	0xaa3b0000, 0xffff0053, 0xaa3c0000, 0xffff0053,
	0xaa3d0000, 0xffff0053, 0xaa3e0000, 0xffff0053,
	0xaa3f0000, 0x00ff0053, 0xaa400000, 0xffff0053,
	0xaa410000, 0xffff0053, 0xaa420000, 0x00ff0053,
	0xaa420000, 0xff000053, 0xaa430000, 0xffff0053,
	0xaa440000, 0xffff0053, 0xaa450000, 0xffff0053,
	0xaa460000, 0xffff0053, 0xaa470000, 0x00ff0053,
	0xaa480000, 0xffff0053, 0xaa490000, 0xffff0053,
	0xaa4a0000, 0x00ff0053, 0xaa4a0000, 0xff000053,
	0xaa4b0000, 0xffff0053, 0xaa4c0000, 0xffff0053,
	0xaa4d0000, 0xffff0053, 0xaa4e0000, 0xffff0053,
	0xaa4f0000, 0x00ff0053, 0xaa500000, 0xffff0053,
	0xaa510000, 0xffff0053, 0xaa520000, 0x00ff0053,
	0xaa520000, 0xff000053, 0xaa530000, 0xffff0053,
	0xaa540000, 0xffff0053, 0xaa550000, 0xffff0053,
	0xaa560000, 0xffff0053, 0xaa570000, 0x00ff0053,
	0xaa580000, 0xffff0053, 0xaa590000, 0xffff0053,
	0xaa5a0000, 0x00ff0053, 0xaa5a0000, 0xff000053,
	0xaa5b0000, 0xffff0053, 0xaa5c0000, 0xffff0053,
	0xaa5d0000, 0xffff0053, 0xaa5e0000, 0xffff0053,
	0xaa5f0000, 0x00ff0053, 0xaa600000, 0xffff0053,
	0xaa610000, 0xffff0053, 0xaa620000, 0x00ff0053,
	0xaa620000, 0xff000053, 0xaa630000, 0xffff0053,
	0xaa640000, 0xffff0053, 0xaa650000, 0xffff0053,
	0xaa660000, 0xffff0053, 0xaa670000, 0x00ff0053,
	0xaa680000, 0xffff0053, 0xaa690000, 0xffff0053,
	0xaa6a0000, 0x00ff0053, 0xaa6a0000, 0xff000053,
	0xaa6b0000, 0xffff0053, 0xaa6c0000, 0xffff0053,
	0xaa6d0000, 0xffff0053, 0xaa6e0000, 0xffff0053,
	0xaa6f0000, 0x00ff0053, 0xaa700000, 0xffff0053,
	0xaa710000, 0xffff0053, 0xaa720000, 0x00ff0053,
	0xaa720000, 0xff000053, 0xaa730000, 0xffff0053,
	0xaa740000, 0xffff0053, 0xaa750000, 0xffff0053,
	0xaa760000, 0xffff0053, 0xaa770000, 0x00ff0053,
	0xaa780000, 0xffff0053, 0xaa790000, 0xffff0053,
	0xaa7a0000, 0x00ff0053, 0xaa7a0000, 0xff000053,
	0xaa7b0000, 0xffff0053, 0xaa7c0000, 0xffff0053,
	0xad010000, 0x00100053, 0xad010000, 0x03000053,
	0xad080000, 0x80000053, 0xad100000, 0x80000053,
	0xad080000, 0x1fff0053, 0xad090000, 0x1fff0053,
	0xad0a0000, 0x1fff0053, 0xad0b0000, 0x1fff0053,
	0xad0c0000, 0x1fff0053, 0xad0d0000, 0x1fff0053,
	0xad0e0000, 0x1fff0053, 0xad0f0000, 0x1fff0053,
	0xad100000, 0x00ff0053, 0xad110000, 0x00ff0053,
	0xad120000, 0x00ff0053, 0xad130000, 0x00ff0053,
	0xad140000, 0x00ff0053, 0xad150000, 0x00ff0053,
	0xad160000, 0x00ff0053, 0xad170000, 0x00ff0053,
	0xad180000, 0x00030053, 0xad190000, 0x00030053,
	0xad190000, 0x03000053, 0xad180000, 0x80000053,
	0xa9010000, 0x00010053, 0xa9010000, 0x00020053,
	0xae180001, 0x00030053, 0xac7b0000, 0x00800053,
	0xab060000, 0x00ff0053, 0xab070002, 0x00020053,
	0xab348001, 0x80010053, 0xac070000, 0x00200053,
	0xac7302d0, 0xffff0053, 0xac7401e0, 0xffff0053,
	0xab060000, 0x00ff0053, 0xac720000, 0x80000053,
	0xac790001, 0x00010053, 0xac320001, 0x00010053,
	0xac010000, 0x20000053, 0xac011000, 0x10000053,
	0xac018000, 0x80000053, 0xac020001, 0x00010053,
	0xac020000, 0x00020053, 0xac020004, 0x00040053,
	0xac020000, 0x00080053, 0xac020000, 0x00100053,
	0xac020000, 0x00200053, 0xac1f0005, 0x00070053,
	0xac010000, 0x00040053, 0xac082000, 0xffff0053,
	0xac09031f, 0xffff0053, 0xac0a0691, 0xffff0053,
	0xac0b2000, 0xffff0053, 0xac0cfc5b, 0xffff0053,
	0xac0d0443, 0xffff0053, 0xac0e2000, 0xffff0053,
	0xac0f010b, 0xffff0053, 0xac10ea57, 0xffff0053,
	0xac118000, 0xffff0053, 0xac12004d, 0xffff0053,
	0xac13f000, 0xffff0053, 0xac140004, 0xffff0053,
	0xac151000, 0xffff0053, 0xac16ff5b, 0xffff0053,
	0xac1bffff, 0xffff0053, 0xac1c01ff, 0xffff0053,
	0xac070280, 0x03800053, 0xac170000, 0xffff0053,
	0xac18fff0, 0xffff0053, 0xac190010, 0xffff0053,
	0xac1a0001, 0x00010053, 0xac070000, 0x00020053,
	0xac070000, 0x000c0053, 0xac010000, 0x00080053,
	0xac070001, 0x00010053, 0xac010000, 0x00100053,
	0xac204000, 0xffff0053, 0xac21ffff, 0xffff0053,
	0xac22ffff, 0xffff0053, 0xac23ffff, 0xffff0053,
	0xac244000, 0xffff0053, 0xac25ffff, 0xffff0053,
	0xac26ffff, 0xffff0053, 0xac27ffff, 0xffff0053,
	0xac284000, 0xffff0053, 0xac070c00, 0x0c000053,
	0xac010000, 0x00200053, 0xac070000, 0x00100053,
	0xab440000, 0x80000053, 0xac010000, 0x00400053,
	0xac070000, 0x30000053, 0xac290666, 0xffff0053,
	0xac2a0666, 0xffff0053, 0xac2b0333, 0xffff0053,
	0xac2c4748, 0xffff0053, 0xac2db262, 0xffff0053,
	0xac2e0656, 0xffff0053, 0xac2f0ce4, 0xffff0053,
	0xac3005b7, 0xffff0053, 0xac31ed65, 0xffff0053,
	0xac010000, 0x00800053, 0xac010000, 0x00010053,
	0xac5d0000, 0x00040053, 0xac5d0000, 0x00080053,
	0xac5d0000, 0x00010053, 0xac5d0000, 0x00020053,
	0xac720000, 0x00030053, 0xac708000, 0x80000053,
	0xac718000, 0x80000053, 0xac718000, 0x80000053,
	0xac718000, 0x80000053, 0xac718000, 0x80000053,
};

uint32_t idk_ut_5005_mix_ipt_sdr_msys_sub_ml_tbl[] = {
	0x59010001, 0x00010053, 0x59010000, 0x00020053,
	0x59297fff, 0xffff0053, 0x592a0c7c, 0xffff0053,
	0x592b1a45, 0xffff0053, 0x592c7fff, 0xffff0053,
	0x592df16d, 0xffff0053, 0x592e110d, 0xffff0053,
	0x592f7fff, 0xffff0053, 0x5930042d, 0xffff0053,
	0x5931a95c, 0xffff0053, 0x59070000, 0x30000053,
	0x59010000, 0x00040053, 0x59010000, 0x00080053,
	0x59205ccf, 0xffff0053, 0x5921b0a4, 0xffff0053,
	0x5922028c, 0xffff0053, 0x5923ec83, 0xffff0053,
	0x592426af, 0xffff0053, 0x5925fcce, 0xffff0053,
	0x5926002b, 0xffff0053, 0x5927fc5f, 0xffff0053,
	0x59281375, 0xffff0053, 0x59070400, 0x0c000053,
	0x59460000, 0xffff0053, 0x59470190, 0xffff0053,
	0x5943051e, 0xffff0053, 0x59440000, 0xffff0053,
	0x59010000, 0x00100053, 0x59070000, 0x00010053,
	0x59010000, 0x00200053, 0x59081749, 0xffff0053,
	0x59094e53, 0xffff0053, 0x590a07e7, 0xffff0053,
	0x590bf329, 0xffff0053, 0x590cd4d2, 0xffff0053,
	0x590d3803, 0xffff0053, 0x590e3803, 0xffff0053,
	0x590fcd1f, 0xffff0053, 0x5910fadc, 0xffff0053,
	0x59110100, 0x1fff0053, 0x59130800, 0x1fff0053,
	0x59150800, 0x1fff0053, 0x59070180, 0x01800053,
	0x59170000, 0x0fff0053, 0x59190000, 0xffff0053,
	0x591a0001, 0x00010053, 0x59010040, 0x00400053,
	0x59040000, 0x00010053, 0x591f0000, 0x00030053,
	0x51010000, 0x00040053, 0x51084000, 0xffff0053,
	0x51090000, 0xffff0053, 0x510a64c8, 0xffff0053,
	0x510b4000, 0xffff0053, 0x510cf403, 0xffff0053,
	0x510de208, 0xffff0053, 0x510e4000, 0xffff0053,
	0x510f76c2, 0xffff0053, 0x51100000, 0xffff0053,
	0x51116400, 0xffff0053, 0x51120032, 0xffff0053,
	0x51130580, 0xffff0053, 0x5114ffeb, 0xffff0053,
	0x51156100, 0xffff0053, 0x5116003b, 0xffff0053,
	0x511bffff, 0xffff0053, 0x511c003f, 0xffff0053,
	0x51070000, 0x03800053, 0x51170000, 0xffff0053,
	0x5118ff00, 0xffff0053, 0x51190101, 0xffff0053,
	0x511a0001, 0x00010053, 0x51070002, 0x00020053,
	0x51070000, 0x000c0053, 0x51010000, 0x00080053,
	0x51070000, 0x00010053, 0x51010000, 0x00100053,
	0x51202705, 0xffff0053, 0x512150ce, 0xffff0053,
	0x5122082b, 0xffff0053, 0x512313ef, 0xffff0053,
	0x51245f0d, 0xffff0053, 0x51250d01, 0xffff0053,
	0x51260361, 0xffff0053, 0x51271106, 0xffff0053,
	0x51286b97, 0xffff0053, 0x51070000, 0x0c000053,
	0x51010000, 0x00200053, 0x51010000, 0x00400053,
	0x51070000, 0x30000053, 0x51290666, 0xffff0053,
	0x512a0666, 0xffff0053, 0x512b0333, 0xffff0053,
	0x512c4748, 0xffff0053, 0x512db262, 0xffff0053,
	0x512e0656, 0xffff0053, 0x512f0ce4, 0xffff0053,
	0x513005b7, 0xffff0053, 0x5131ed65, 0xffff0053,
	0x51010000, 0x00800053, 0x51010000, 0x00010053,
	0x51720000, 0x00030053, 0x515d0000, 0x00040053,
	0x515d0000, 0x00080053, 0x515d0000, 0x00010053,
	0x515d0000, 0x00020053, 0x51790001, 0x00010053,
	0x517a0000, 0x000c0053, 0x517d0000, 0x00ff0053,
	0x51320001, 0x00010053, 0x517401e0, 0x1fff0053,
	0x51070000, 0x00200053, 0x59480001, 0x00010053,
	0x59480002, 0x00020053, 0x59480000, 0x00040053,
	0x59480100, 0x01000053, 0x59480010, 0x00100053,
	0x59720001, 0x00010053, 0x59720000, 0x00020053,
	0x597b0000, 0x10000053, 0x51708000, 0x80000053,
	0x51718000, 0x80000053, 0x51718000, 0x80000053,
};

uint32_t idk_ut_5005_mix_ipt_ipt_dsys_sub_ml_tbl[] = {
	0xae020000, 0xffff0053, 0xae030000, 0x00ff0053,
	0xae040000, 0xffff0053, 0xae050000, 0x00ff0053,
	0xae060000, 0xffff0053, 0xae070000, 0x00ff0053,
	0xae0a0000, 0xffff0053, 0xae0b0000, 0x00ff0053,
	0xae0c0000, 0xffff0053, 0xae0d0000, 0x00ff0053,
	0xae0e0000, 0xffff0053, 0xae0f0000, 0x00ff0053,
	0xae120000, 0xffff0053, 0xae130000, 0x00ff0053,
	0xae140000, 0xffff0053, 0xae150000, 0x00ff0053,
	0xae160000, 0xffff0053, 0xae170000, 0x00ff0053,
	0xae010000, 0x03ff0053, 0xae090000, 0x03ff0053,
	0xae110000, 0x03ff0053, 0xae010000, 0x80000053,
	0xad010000, 0x00040053, 0xad010000, 0x00080053,
	0xad010000, 0x00020053, 0xa9080000, 0x03ff0053,
	0xa9090006, 0x03ff0053, 0xa90a005f, 0x03ff0053,
	0xa90b015f, 0x03ff0053, 0xa90c025f, 0x03ff0053,
	0xa90d035f, 0x03ff0053, 0xa90e03ff, 0x03ff0053,
	0xa90f03ff, 0x03ff0053, 0xa91003ff, 0x03ff0053,
	0xa9125b55, 0xffff0053, 0xa9130000, 0x3fff0053,
	0xa91441c0, 0xffff0053, 0xa9150113, 0x3fff0053,
	0xa916b4e0, 0xffff0053, 0xa91716a0, 0x3fff0053,
	0xa9187d24, 0xffff0053, 0xa9190001, 0x3fff0053,
	0xa91aeed4, 0xffff0053, 0xa91b00a6, 0x3fff0053,
	0xa91c6400, 0xffff0053, 0xa91d3ea8, 0x3fff0053,
	0xa91edc91, 0xffff0053, 0xa91f0002, 0x3fff0053,
	0xa920d2cd, 0xffff0053, 0xa921007d, 0x3fff0053,
	0xa922f955, 0xffff0053, 0xa9233fd6, 0x3fff0053,
	0xa9244e44, 0xffff0053, 0xa9250007, 0x3fff0053,
	0xa926c09b, 0xffff0053, 0xa927005d, 0x3fff0053,
	0xa928e7c4, 0xffff0053, 0xa929000d, 0x3fff0053,
	0xa92a8fdf, 0xffff0053, 0xa92b3ffc, 0x3fff0053,
	0xa92cda67, 0xffff0053, 0xa92d0086, 0x3fff0053,
	0xa92ebc0a, 0xffff0053, 0xa92f3fe6, 0x3fff0053,
	0xa930b6ce, 0xffff0053, 0xa9310057, 0x3fff0053,
	0xa932ef0f, 0xffff0053, 0xa9333fbd, 0x3fff0053,
	0xa934e2d7, 0xffff0053, 0xa9350054, 0x3fff0053,
	0xa936b6ce, 0xffff0053, 0xa9370057, 0x3fff0053,
	0xa938ef0f, 0xffff0053, 0xa9393fbd, 0x3fff0053,
	0xa93ae2d7, 0xffff0053, 0xa93b0054, 0x3fff0053,
	0xa93cb6ce, 0xffff0053, 0xa93d0057, 0x3fff0053,
	0xa93eef0f, 0xffff0053, 0xa93f3fbd, 0x3fff0053,
	0xa940e2d7, 0xffff0053, 0xa9410054, 0x3fff0053,
	0xa9420000, 0x03ff0053, 0xa94303ff, 0x03ff0053,
	0xa94403ff, 0x03ff0053, 0xa94503ff, 0x03ff0053,
	0xa94603ff, 0x03ff0053, 0xa94803b0, 0xffff0053,
	0xa9493fe0, 0x3fff0053, 0xa94a851f, 0xffff0053,
	0xa94b00d6, 0x3fff0053, 0xa94c0000, 0xffff0053,
	0xa94d0000, 0x3fff0053, 0xa94e03b0, 0xffff0053,
	0xa94f3fe0, 0x3fff0053, 0xa950851f, 0xffff0053,
	0xa95100d6, 0x3fff0053, 0xa9520000, 0xffff0053,
	0xa9530000, 0x3fff0053, 0xa95403b0, 0xffff0053,
	0xa9553fe0, 0x3fff0053, 0xa956851f, 0xffff0053,
	0xa95700d6, 0x3fff0053, 0xa9580000, 0xffff0053,
	0xa9590000, 0x3fff0053, 0xa95a03b0, 0xffff0053,
	0xa95b3fe0, 0x3fff0053, 0xa95c851f, 0xffff0053,
	0xa95d00d6, 0x3fff0053, 0xa95e0000, 0xffff0053,
	0xa95f0000, 0x3fff0053, 0xa9600000, 0x03ff0053,
	0xa96103ff, 0x03ff0053, 0xa96203ff, 0x03ff0053,
	0xa96303ff, 0x03ff0053, 0xa96403ff, 0x03ff0053,
	0xa9669dc2, 0xffff0053, 0xa9673fda, 0x3fff0053,
	0xa9689320, 0xffff0053, 0xa96900d6, 0x3fff0053,
	0xa96a0000, 0xffff0053, 0xa96b0000, 0x3fff0053,
	0xa96c9dc2, 0xffff0053, 0xa96d3fda, 0x3fff0053,
	0xa96e9320, 0xffff0053, 0xa96f00d6, 0x3fff0053,
	0xa9700000, 0xffff0053, 0xa9710000, 0x3fff0053,
	0xa9729dc2, 0xffff0053, 0xa9733fda, 0x3fff0053,
	0xa9749320, 0xffff0053, 0xa97500d6, 0x3fff0053,
	0xa9760000, 0xffff0053, 0xa9770000, 0x3fff0053,
	0xa9789dc2, 0xffff0053, 0xa9793fda, 0x3fff0053,
	0xa97a9320, 0xffff0053, 0xa97b00d6, 0x3fff0053,
	0xa97c0000, 0xffff0053, 0xa97d0000, 0x3fff0053,
	0xaa080000, 0xffff0053, 0xaa090000, 0xffff0053,
	0xaa0a0000, 0x00ff0053, 0xaa0a0000, 0xff000053,
	0xaa0b0000, 0xffff0053, 0xaa0c0000, 0xffff0053,
	0xaa0d0000, 0xffff0053, 0xaa0e0000, 0xffff0053,
	0xaa0f0000, 0x00ff0053, 0xaa100000, 0xffff0053,
	0xaa110000, 0xffff0053, 0xaa120000, 0x00ff0053,
	0xaa120000, 0xff000053, 0xaa130000, 0xffff0053,
	0xaa140000, 0xffff0053, 0xaa150000, 0xffff0053,
	0xaa160000, 0xffff0053, 0xaa170000, 0x00ff0053,
	0xaa180000, 0xffff0053, 0xaa190000, 0xffff0053,
	0xaa1a0000, 0x00ff0053, 0xaa1a0000, 0xff000053,
	0xaa1b0000, 0xffff0053, 0xaa1c0000, 0xffff0053,
	0xaa1d0000, 0xffff0053, 0xaa1e0000, 0xffff0053,
	0xaa1f0000, 0x00ff0053, 0xaa200000, 0xffff0053,
	0xaa210000, 0xffff0053, 0xaa220000, 0x00ff0053,
	0xaa220000, 0xff000053, 0xaa230000, 0xffff0053,
	0xaa240000, 0xffff0053, 0xaa250000, 0xffff0053,
	0xaa260000, 0xffff0053, 0xaa270000, 0x00ff0053,
	0xaa280000, 0xffff0053, 0xaa290000, 0xffff0053,
	0xaa2a0000, 0x00ff0053, 0xaa2a0000, 0xff000053,
	0xaa2b0000, 0xffff0053, 0xaa2c0000, 0xffff0053,
	0xaa2d0000, 0xffff0053, 0xaa2e0000, 0xffff0053,
	0xaa2f0000, 0x00ff0053, 0xaa300000, 0xffff0053,
	0xaa310000, 0xffff0053, 0xaa320000, 0x00ff0053,
	0xaa320000, 0xff000053, 0xaa330000, 0xffff0053,
	0xaa340000, 0xffff0053, 0xaa350000, 0xffff0053,
	0xaa360000, 0xffff0053, 0xaa370000, 0x00ff0053,
	0xaa380000, 0xffff0053, 0xaa390000, 0xffff0053,
	0xaa3a0000, 0x00ff0053, 0xaa3a0000, 0xff000053,
	0xaa3b0000, 0xffff0053, 0xaa3c0000, 0xffff0053,
	0xaa3d0000, 0xffff0053, 0xaa3e0000, 0xffff0053,
	0xaa3f0000, 0x00ff0053, 0xaa400000, 0xffff0053,
	0xaa410000, 0xffff0053, 0xaa420000, 0x00ff0053,
	0xaa420000, 0xff000053, 0xaa430000, 0xffff0053,
	0xaa440000, 0xffff0053, 0xaa450000, 0xffff0053,
	0xaa460000, 0xffff0053, 0xaa470000, 0x00ff0053,
	0xaa480000, 0xffff0053, 0xaa490000, 0xffff0053,
	0xaa4a0000, 0x00ff0053, 0xaa4a0000, 0xff000053,
	0xaa4b0000, 0xffff0053, 0xaa4c0000, 0xffff0053,
	0xaa4d0000, 0xffff0053, 0xaa4e0000, 0xffff0053,
	0xaa4f0000, 0x00ff0053, 0xaa500000, 0xffff0053,
	0xaa510000, 0xffff0053, 0xaa520000, 0x00ff0053,
	0xaa520000, 0xff000053, 0xaa530000, 0xffff0053,
	0xaa540000, 0xffff0053, 0xaa550000, 0xffff0053,
	0xaa560000, 0xffff0053, 0xaa570000, 0x00ff0053,
	0xaa580000, 0xffff0053, 0xaa590000, 0xffff0053,
	0xaa5a0000, 0x00ff0053, 0xaa5a0000, 0xff000053,
	0xaa5b0000, 0xffff0053, 0xaa5c0000, 0xffff0053,
	0xaa5d0000, 0xffff0053, 0xaa5e0000, 0xffff0053,
	0xaa5f0000, 0x00ff0053, 0xaa600000, 0xffff0053,
	0xaa610000, 0xffff0053, 0xaa620000, 0x00ff0053,
	0xaa620000, 0xff000053, 0xaa630000, 0xffff0053,
	0xaa640000, 0xffff0053, 0xaa650000, 0xffff0053,
	0xaa660000, 0xffff0053, 0xaa670000, 0x00ff0053,
	0xaa680000, 0xffff0053, 0xaa690000, 0xffff0053,
	0xaa6a0000, 0x00ff0053, 0xaa6a0000, 0xff000053,
	0xaa6b0000, 0xffff0053, 0xaa6c0000, 0xffff0053,
	0xaa6d0000, 0xffff0053, 0xaa6e0000, 0xffff0053,
	0xaa6f0000, 0x00ff0053, 0xaa700000, 0xffff0053,
	0xaa710000, 0xffff0053, 0xaa720000, 0x00ff0053,
	0xaa720000, 0xff000053, 0xaa730000, 0xffff0053,
	0xaa740000, 0xffff0053, 0xaa750000, 0xffff0053,
	0xaa760000, 0xffff0053, 0xaa770000, 0x00ff0053,
	0xaa780000, 0xffff0053, 0xaa790000, 0xffff0053,
	0xaa7a0000, 0x00ff0053, 0xaa7a0000, 0xff000053,
	0xaa7b0000, 0xffff0053, 0xaa7c0000, 0xffff0053,
	0xad010000, 0x00100053, 0xad010000, 0x03000053,
	0xad080000, 0x80000053, 0xad100000, 0x80000053,
	0xad080000, 0x1fff0053, 0xad090000, 0x1fff0053,
	0xad0a0000, 0x1fff0053, 0xad0b0000, 0x1fff0053,
	0xad0c0000, 0x1fff0053, 0xad0d0000, 0x1fff0053,
	0xad0e0000, 0x1fff0053, 0xad0f0000, 0x1fff0053,
	0xad100000, 0x00ff0053, 0xad110000, 0x00ff0053,
	0xad120000, 0x00ff0053, 0xad130000, 0x00ff0053,
	0xad140000, 0x00ff0053, 0xad150000, 0x00ff0053,
	0xad160000, 0x00ff0053, 0xad170000, 0x00ff0053,
	0xad180000, 0x00030053, 0xad190000, 0x00030053,
	0xad190000, 0x03000053, 0xad180000, 0x80000053,
	0xa9010000, 0x00010053, 0xa9010000, 0x00020053,
	0xae180001, 0x00030053, 0xac7b0000, 0x00800053,
	0xab060000, 0x00ff0053, 0xab070002, 0x00020053,
	0xab348001, 0x80010053, 0xac070000, 0x00200053,
	0xac7302d0, 0xffff0053, 0xac7401e0, 0xffff0053,
	0xab060000, 0x00ff0053, 0xac720000, 0x80000053,
	0xac790001, 0x00010053, 0xac320001, 0x00010053,
	0xac010000, 0x20000053, 0xac011000, 0x10000053,
	0xac018000, 0x80000053, 0xac020001, 0x00010053,
	0xac020000, 0x00020053, 0xac020004, 0x00040053,
	0xac020000, 0x00080053, 0xac020000, 0x00100053,
	0xac020000, 0x00200053, 0xac1f0005, 0x00070053,
	0xac010000, 0x00040053, 0xac082000, 0xffff0053,
	0xac09031f, 0xffff0053, 0xac0a0691, 0xffff0053,
	0xac0b2000, 0xffff0053, 0xac0cfc5b, 0xffff0053,
	0xac0d0443, 0xffff0053, 0xac0e2000, 0xffff0053,
	0xac0f010b, 0xffff0053, 0xac10ea57, 0xffff0053,
	0xac118000, 0xffff0053, 0xac12004d, 0xffff0053,
	0xac13f000, 0xffff0053, 0xac140004, 0xffff0053,
	0xac151000, 0xffff0053, 0xac16ff5b, 0xffff0053,
	0xac1bffff, 0xffff0053, 0xac1c01ff, 0xffff0053,
	0xac070280, 0x03800053, 0xac170000, 0xffff0053,
	0xac18fff0, 0xffff0053, 0xac190010, 0xffff0053,
	0xac1a0001, 0x00010053, 0xac070000, 0x00020053,
	0xac070000, 0x000c0053, 0xac010000, 0x00080053,
	0xac070001, 0x00010053, 0xac010000, 0x00100053,
	0xac204000, 0xffff0053, 0xac21ffff, 0xffff0053,
	0xac22ffff, 0xffff0053, 0xac23ffff, 0xffff0053,
	0xac244000, 0xffff0053, 0xac25ffff, 0xffff0053,
	0xac26ffff, 0xffff0053, 0xac27ffff, 0xffff0053,
	0xac284000, 0xffff0053, 0xac070c00, 0x0c000053,
	0xac010000, 0x00200053, 0xac070000, 0x00100053,
	0xab440000, 0x80000053, 0xac010000, 0x00400053,
	0xac070000, 0x30000053, 0xac290666, 0xffff0053,
	0xac2a0666, 0xffff0053, 0xac2b0333, 0xffff0053,
	0xac2c4748, 0xffff0053, 0xac2db262, 0xffff0053,
	0xac2e0656, 0xffff0053, 0xac2f0ce4, 0xffff0053,
	0xac3005b7, 0xffff0053, 0xac31ed65, 0xffff0053,
	0xac010000, 0x00800053, 0xac010000, 0x00010053,
	0xac5d0000, 0x00040053, 0xac5d0000, 0x00080053,
	0xac5d0000, 0x00010053, 0xac5d0000, 0x00020053,
	0xac720000, 0x00030053, 0xac708000, 0x80000053,
	0xac718000, 0x80000053, 0xac718000, 0x80000053,
	0xac718000, 0x80000053, 0xac718000, 0x80000053,
};

uint32_t idk_ut_5005_mix_ipt_ipt_msys_sub_ml_tbl[] = {
	0x59010001, 0x00010053, 0x59010000, 0x00020053,
	0x59297fff, 0xffff0053, 0x592a0c7c, 0xffff0053,
	0x592b1a45, 0xffff0053, 0x592c7fff, 0xffff0053,
	0x592df16d, 0xffff0053, 0x592e110d, 0xffff0053,
	0x592f7fff, 0xffff0053, 0x5930042d, 0xffff0053,
	0x5931a95c, 0xffff0053, 0x59070000, 0x30000053,
	0x59010000, 0x00040053, 0x59010000, 0x00080053,
	0x59204000, 0xffff0053, 0x59210000, 0xffff0053,
	0x59220000, 0xffff0053, 0x59230000, 0xffff0053,
	0x59244000, 0xffff0053, 0x59250000, 0xffff0053,
	0x59260000, 0xffff0053, 0x59270000, 0xffff0053,
	0x59284000, 0xffff0053, 0x59071000, 0x0c000053,
	0x59460000, 0xffff0053, 0x59479c40, 0xffff0053,
	0x59430000, 0xffff0053, 0x59440000, 0xffff0053,
	0x59010000, 0x00100053, 0x59070001, 0x00010053,
	0x59010000, 0x00200053, 0x59080666, 0xffff0053,
	0x59090666, 0xffff0053, 0x590a0333, 0xffff0053,
	0x590b4748, 0xffff0053, 0x590cb262, 0xffff0053,
	0x590d0656, 0xffff0053, 0x590e0ce4, 0xffff0053,
	0x590f05b7, 0xffff0053, 0x5910ed65, 0xffff0053,
	0x59110000, 0x1fff0053, 0x59130800, 0x1fff0053,
	0x59150800, 0x1fff0053, 0x59070000, 0x01800053,
	0x59170000, 0x0fff0053, 0x5919fff0, 0xffff0053,
	0x591a0000, 0x00010053, 0x59010000, 0x00400053,
	0x59040000, 0x00010053, 0x591f0000, 0x00030053,
	0x51010000, 0x00040053, 0x51084000, 0xffff0053,
	0x51090000, 0xffff0053, 0x510a64c8, 0xffff0053,
	0x510b4000, 0xffff0053, 0x510cf403, 0xffff0053,
	0x510de208, 0xffff0053, 0x510e4000, 0xffff0053,
	0x510f76c2, 0xffff0053, 0x51100000, 0xffff0053,
	0x51116400, 0xffff0053, 0x51120032, 0xffff0053,
	0x51130580, 0xffff0053, 0x5114ffeb, 0xffff0053,
	0x51156100, 0xffff0053, 0x5116003b, 0xffff0053,
	0x511bffff, 0xffff0053, 0x511c003f, 0xffff0053,
	0x51070000, 0x03800053, 0x51170000, 0xffff0053,
	0x5118ff00, 0xffff0053, 0x51190101, 0xffff0053,
	0x511a0001, 0x00010053, 0x51070002, 0x00020053,
	0x51070000, 0x000c0053, 0x51010000, 0x00080053,
	0x51070000, 0x00010053, 0x51010000, 0x00100053,
	0x51202705, 0xffff0053, 0x512150ce, 0xffff0053,
	0x5122082b, 0xffff0053, 0x512313ef, 0xffff0053,
	0x51245f0d, 0xffff0053, 0x51250d01, 0xffff0053,
	0x51260361, 0xffff0053, 0x51271106, 0xffff0053,
	0x51286b97, 0xffff0053, 0x51070000, 0x0c000053,
	0x51010000, 0x00200053, 0x51010000, 0x00400053,
	0x51070000, 0x30000053, 0x51290666, 0xffff0053,
	0x512a0666, 0xffff0053, 0x512b0333, 0xffff0053,
	0x512c4748, 0xffff0053, 0x512db262, 0xffff0053,
	0x512e0656, 0xffff0053, 0x512f0ce4, 0xffff0053,
	0x513005b7, 0xffff0053, 0x5131ed65, 0xffff0053,
	0x51010000, 0x00800053, 0x51010000, 0x00010053,
	0x51720000, 0x00030053, 0x515d0000, 0x00040053,
	0x515d0000, 0x00080053, 0x515d0000, 0x00010053,
	0x515d0000, 0x00020053, 0x51790001, 0x00010053,
	0x517a0000, 0x000c0053, 0x517d0000, 0x00ff0053,
	0x51320001, 0x00010053, 0x517401e0, 0x1fff0053,
	0x51070000, 0x00200053, 0x59480000, 0x00010053,
	0x59480000, 0x00020053, 0x59480000, 0x00040053,
	0x59480100, 0x01000053, 0x59480010, 0x00100053,
	0x59708000, 0x80000053, 0x59718000, 0x80000053,
	0x597401e0, 0xffff0053, 0x59720000, 0x00010053,
	0x59770001, 0x00ff0053, 0x59760003, 0x00070053,
	0x59780080, 0x0fff0053, 0x59720002, 0x00020053,
	0x597b0000, 0x10000053, 0x51708000, 0x80000053,
	0x51718000, 0x80000053, 0x51718000, 0x80000053,
	0x51718000, 0x80000053, 0x51718000, 0x80000053,
};

uint32_t idk_ut_5005_mix_ipt_sdr_dsys_all_ml_tbl[] = {
	0x96020000, 0xffff0053, 0x96030000, 0x00ff0053,
	0x96040000, 0xffff0053, 0x96050000, 0x00ff0053,
	0x96060000, 0xffff0053, 0x96070000, 0x00ff0053,
	0x960a0000, 0xffff0053, 0x960b0000, 0x00ff0053,
	0x960c0000, 0xffff0053, 0x960d0000, 0x00ff0053,
	0x960e0000, 0xffff0053, 0x960f0000, 0x00ff0053,
	0x96120000, 0xffff0053, 0x96130000, 0x00ff0053,
	0x96140000, 0xffff0053, 0x96150000, 0x00ff0053,
	0x96160000, 0xffff0053, 0x96170000, 0x00ff0053,
	0x96010000, 0x03ff0053, 0x96090000, 0x03ff0053,
	0x96110000, 0x03ff0053, 0x96010000, 0x80000053,
	0x95010000, 0x00040053, 0x95010000, 0x00080053,
	0x95010000, 0x00020053, 0x91080000, 0x03ff0053,
	0x91090006, 0x03ff0053, 0x910a005f, 0x03ff0053,
	0x910b015f, 0x03ff0053, 0x910c025f, 0x03ff0053,
	0x910d035f, 0x03ff0053, 0x910e03ff, 0x03ff0053,
	0x910f03ff, 0x03ff0053, 0x911003ff, 0x03ff0053,
	0x91125b55, 0xffff0053, 0x91130000, 0x3fff0053,
	0x911441c0, 0xffff0053, 0x91150113, 0x3fff0053,
	0x9116b4e0, 0xffff0053, 0x911716a0, 0x3fff0053,
	0x91187d24, 0xffff0053, 0x91190001, 0x3fff0053,
	0x911aeed4, 0xffff0053, 0x911b00a6, 0x3fff0053,
	0x911c6400, 0xffff0053, 0x911d3ea8, 0x3fff0053,
	0x911edc91, 0xffff0053, 0x911f0002, 0x3fff0053,
	0x9120d2cd, 0xffff0053, 0x9121007d, 0x3fff0053,
	0x9122f955, 0xffff0053, 0x91233fd6, 0x3fff0053,
	0x91244e44, 0xffff0053, 0x91250007, 0x3fff0053,
	0x9126c09b, 0xffff0053, 0x9127005d, 0x3fff0053,
	0x9128e7c4, 0xffff0053, 0x9129000d, 0x3fff0053,
	0x912a8fdf, 0xffff0053, 0x912b3ffc, 0x3fff0053,
	0x912cda67, 0xffff0053, 0x912d0086, 0x3fff0053,
	0x912ebc0a, 0xffff0053, 0x912f3fe6, 0x3fff0053,
	0x9130b6ce, 0xffff0053, 0x91310057, 0x3fff0053,
	0x9132ef0f, 0xffff0053, 0x91333fbd, 0x3fff0053,
	0x9134e2d7, 0xffff0053, 0x91350054, 0x3fff0053,
	0x9136b6ce, 0xffff0053, 0x91370057, 0x3fff0053,
	0x9138ef0f, 0xffff0053, 0x91393fbd, 0x3fff0053,
	0x913ae2d7, 0xffff0053, 0x913b0054, 0x3fff0053,
	0x913cb6ce, 0xffff0053, 0x913d0057, 0x3fff0053,
	0x913eef0f, 0xffff0053, 0x913f3fbd, 0x3fff0053,
	0x9140e2d7, 0xffff0053, 0x91410054, 0x3fff0053,
	0x91420000, 0x03ff0053, 0x914303ff, 0x03ff0053,
	0x914403ff, 0x03ff0053, 0x914503ff, 0x03ff0053,
	0x914603ff, 0x03ff0053, 0x914803b0, 0xffff0053,
	0x91493fe0, 0x3fff0053, 0x914a851f, 0xffff0053,
	0x914b00d6, 0x3fff0053, 0x914c0000, 0xffff0053,
	0x914d0000, 0x3fff0053, 0x914e03b0, 0xffff0053,
	0x914f3fe0, 0x3fff0053, 0x9150851f, 0xffff0053,
	0x915100d6, 0x3fff0053, 0x91520000, 0xffff0053,
	0x91530000, 0x3fff0053, 0x915403b0, 0xffff0053,
	0x91553fe0, 0x3fff0053, 0x9156851f, 0xffff0053,
	0x915700d6, 0x3fff0053, 0x91580000, 0xffff0053,
	0x91590000, 0x3fff0053, 0x915a03b0, 0xffff0053,
	0x915b3fe0, 0x3fff0053, 0x915c851f, 0xffff0053,
	0x915d00d6, 0x3fff0053, 0x915e0000, 0xffff0053,
	0x915f0000, 0x3fff0053, 0x91600000, 0x03ff0053,
	0x916103ff, 0x03ff0053, 0x916203ff, 0x03ff0053,
	0x916303ff, 0x03ff0053, 0x916403ff, 0x03ff0053,
	0x91669dc2, 0xffff0053, 0x91673fda, 0x3fff0053,
	0x91689320, 0xffff0053, 0x916900d6, 0x3fff0053,
	0x916a0000, 0xffff0053, 0x916b0000, 0x3fff0053,
	0x916c9dc2, 0xffff0053, 0x916d3fda, 0x3fff0053,
	0x916e9320, 0xffff0053, 0x916f00d6, 0x3fff0053,
	0x91700000, 0xffff0053, 0x91710000, 0x3fff0053,
	0x91729dc2, 0xffff0053, 0x91733fda, 0x3fff0053,
	0x91749320, 0xffff0053, 0x917500d6, 0x3fff0053,
	0x91760000, 0xffff0053, 0x91770000, 0x3fff0053,
	0x91789dc2, 0xffff0053, 0x91793fda, 0x3fff0053,
	0x917a9320, 0xffff0053, 0x917b00d6, 0x3fff0053,
	0x917c0000, 0xffff0053, 0x917d0000, 0x3fff0053,
	0x92080000, 0xffff0053, 0x92090000, 0xffff0053,
	0x920a0000, 0x00ff0053, 0x920a0000, 0xff000053,
	0x920b0000, 0xffff0053, 0x920c0000, 0xffff0053,
	0x920d0000, 0xffff0053, 0x920e0000, 0xffff0053,
	0x920f0000, 0x00ff0053, 0x92100000, 0xffff0053,
	0x92110000, 0xffff0053, 0x92120000, 0x00ff0053,
	0x92120000, 0xff000053, 0x92130000, 0xffff0053,
	0x92140000, 0xffff0053, 0x92150000, 0xffff0053,
	0x92160000, 0xffff0053, 0x92170000, 0x00ff0053,
	0x92180000, 0xffff0053, 0x92190000, 0xffff0053,
	0x921a0000, 0x00ff0053, 0x921a0000, 0xff000053,
	0x921b0000, 0xffff0053, 0x921c0000, 0xffff0053,
	0x921d0000, 0xffff0053, 0x921e0000, 0xffff0053,
	0x921f0000, 0x00ff0053, 0x92200000, 0xffff0053,
	0x92210000, 0xffff0053, 0x92220000, 0x00ff0053,
	0x92220000, 0xff000053, 0x92230000, 0xffff0053,
	0x92240000, 0xffff0053, 0x92250000, 0xffff0053,
	0x92260000, 0xffff0053, 0x92270000, 0x00ff0053,
	0x92280000, 0xffff0053, 0x92290000, 0xffff0053,
	0x922a0000, 0x00ff0053, 0x922a0000, 0xff000053,
	0x922b0000, 0xffff0053, 0x922c0000, 0xffff0053,
	0x922d0000, 0xffff0053, 0x922e0000, 0xffff0053,
	0x922f0000, 0x00ff0053, 0x92300000, 0xffff0053,
	0x92310000, 0xffff0053, 0x92320000, 0x00ff0053,
	0x92320000, 0xff000053, 0x92330000, 0xffff0053,
	0x92340000, 0xffff0053, 0x92350000, 0xffff0053,
	0x92360000, 0xffff0053, 0x92370000, 0x00ff0053,
	0x92380000, 0xffff0053, 0x92390000, 0xffff0053,
	0x923a0000, 0x00ff0053, 0x923a0000, 0xff000053,
	0x923b0000, 0xffff0053, 0x923c0000, 0xffff0053,
	0x923d0000, 0xffff0053, 0x923e0000, 0xffff0053,
	0x923f0000, 0x00ff0053, 0x92400000, 0xffff0053,
	0x92410000, 0xffff0053, 0x92420000, 0x00ff0053,
	0x92420000, 0xff000053, 0x92430000, 0xffff0053,
	0x92440000, 0xffff0053, 0x92450000, 0xffff0053,
	0x92460000, 0xffff0053, 0x92470000, 0x00ff0053,
	0x92480000, 0xffff0053, 0x92490000, 0xffff0053,
	0x924a0000, 0x00ff0053, 0x924a0000, 0xff000053,
	0x924b0000, 0xffff0053, 0x924c0000, 0xffff0053,
	0x924d0000, 0xffff0053, 0x924e0000, 0xffff0053,
	0x924f0000, 0x00ff0053, 0x92500000, 0xffff0053,
	0x92510000, 0xffff0053, 0x92520000, 0x00ff0053,
	0x92520000, 0xff000053, 0x92530000, 0xffff0053,
	0x92540000, 0xffff0053, 0x92550000, 0xffff0053,
	0x92560000, 0xffff0053, 0x92570000, 0x00ff0053,
	0x92580000, 0xffff0053, 0x92590000, 0xffff0053,
	0x925a0000, 0x00ff0053, 0x925a0000, 0xff000053,
	0x925b0000, 0xffff0053, 0x925c0000, 0xffff0053,
	0x925d0000, 0xffff0053, 0x925e0000, 0xffff0053,
	0x925f0000, 0x00ff0053, 0x92600000, 0xffff0053,
	0x92610000, 0xffff0053, 0x92620000, 0x00ff0053,
	0x92620000, 0xff000053, 0x92630000, 0xffff0053,
	0x92640000, 0xffff0053, 0x92650000, 0xffff0053,
	0x92660000, 0xffff0053, 0x92670000, 0x00ff0053,
	0x92680000, 0xffff0053, 0x92690000, 0xffff0053,
	0x926a0000, 0x00ff0053, 0x926a0000, 0xff000053,
	0x926b0000, 0xffff0053, 0x926c0000, 0xffff0053,
	0x926d0000, 0xffff0053, 0x926e0000, 0xffff0053,
	0x926f0000, 0x00ff0053, 0x92700000, 0xffff0053,
	0x92710000, 0xffff0053, 0x92720000, 0x00ff0053,
	0x92720000, 0xff000053, 0x92730000, 0xffff0053,
	0x92740000, 0xffff0053, 0x92750000, 0xffff0053,
	0x92760000, 0xffff0053, 0x92770000, 0x00ff0053,
	0x92780000, 0xffff0053, 0x92790000, 0xffff0053,
	0x927a0000, 0x00ff0053, 0x927a0000, 0xff000053,
	0x927b0000, 0xffff0053, 0x927c0000, 0xffff0053,
	0x95010000, 0x00100053, 0x95010000, 0x03000053,
	0x95080000, 0x80000053, 0x95100000, 0x80000053,
	0x95080000, 0x1fff0053, 0x95090000, 0x1fff0053,
	0x950a0000, 0x1fff0053, 0x950b0000, 0x1fff0053,
	0x950c0000, 0x1fff0053, 0x950d0000, 0x1fff0053,
	0x950e0000, 0x1fff0053, 0x950f0000, 0x1fff0053,
	0x95100000, 0x00ff0053, 0x95110000, 0x00ff0053,
	0x95120000, 0x00ff0053, 0x95130000, 0x00ff0053,
	0x95140000, 0x00ff0053, 0x95150000, 0x00ff0053,
	0x95160000, 0x00ff0053, 0x95170000, 0x00ff0053,
	0x95180000, 0x00030053, 0x95190000, 0x00030053,
	0x95190000, 0x03000053, 0x95180000, 0x80000053,
	0x91010000, 0x00010053, 0x91010000, 0x00020053,
	0x96180001, 0x00030053, 0x947b0000, 0x00800053,
	0x93060000, 0x00ff0053, 0x93070002, 0x00020053,
	0x93348001, 0x80010053, 0x94070000, 0x00200053,
	0x947302d0, 0xffff0053, 0x947401e0, 0xffff0053,
	0x93060000, 0x00ff0053, 0x94720000, 0x80000053,
	0x94790001, 0x00010053, 0x94320001, 0x00010053,
	0x94010000, 0x20000053, 0x94011000, 0x10000053,
	0x94018000, 0x80000053, 0x94020001, 0x00010053,
	0x94020000, 0x00020053, 0x94020004, 0x00040053,
	0x94020000, 0x00080053, 0x94020000, 0x00100053,
	0x94020000, 0x00200053, 0x941f0005, 0x00070053,
	0x94010000, 0x00040053, 0x94082000, 0xffff0053,
	0x9409031f, 0xffff0053, 0x940a0691, 0xffff0053,
	0x940b2000, 0xffff0053, 0x940cfc5b, 0xffff0053,
	0x940d0443, 0xffff0053, 0x940e2000, 0xffff0053,
	0x940f010b, 0xffff0053, 0x9410ea57, 0xffff0053,
	0x94118000, 0xffff0053, 0x9412004d, 0xffff0053,
	0x9413f000, 0xffff0053, 0x94140004, 0xffff0053,
	0x94151000, 0xffff0053, 0x9416ff5b, 0xffff0053,
	0x941bffff, 0xffff0053, 0x941c01ff, 0xffff0053,
	0x94070280, 0x03800053, 0x94170000, 0xffff0053,
	0x9418fff0, 0xffff0053, 0x94190010, 0xffff0053,
	0x941a0001, 0x00010053, 0x94070000, 0x00020053,
	0x94070000, 0x000c0053, 0x94010000, 0x00080053,
	0x94070001, 0x00010053, 0x94010000, 0x00100053,
	0x94204000, 0xffff0053, 0x9421ffff, 0xffff0053,
	0x9422ffff, 0xffff0053, 0x9423ffff, 0xffff0053,
	0x94244000, 0xffff0053, 0x9425ffff, 0xffff0053,
	0x9426ffff, 0xffff0053, 0x9427ffff, 0xffff0053,
	0x94284000, 0xffff0053, 0x94070c00, 0x0c000053,
	0x94010000, 0x00200053, 0x94070000, 0x00100053,
	0x93440000, 0x80000053, 0x94010000, 0x00400053,
	0x94070000, 0x30000053, 0x94290666, 0xffff0053,
	0x942a0666, 0xffff0053, 0x942b0333, 0xffff0053,
	0x942c4748, 0xffff0053, 0x942db262, 0xffff0053,
	0x942e0656, 0xffff0053, 0x942f0ce4, 0xffff0053,
	0x943005b7, 0xffff0053, 0x9431ed65, 0xffff0053,
	0x94010000, 0x00800053, 0x94010000, 0x00010053,
	0x945d0000, 0x00040053, 0x945d0000, 0x00080053,
	0x945d0000, 0x00010053, 0x945d0000, 0x00020053,
	0x94720000, 0x00030053, 0x94708000, 0x80000053,
	0x94718000, 0x80000053, 0x94718000, 0x80000053,
	0x94718000, 0x80000053, 0x94718000, 0x80000053,
	0xae020000, 0xffff0053, 0xae030000, 0x00ff0053,
	0xae040000, 0xffff0053, 0xae050000, 0x00ff0053,
	0xae060000, 0xffff0053, 0xae070000, 0x00ff0053,
	0xae0a0000, 0xffff0053, 0xae0b0000, 0x00ff0053,
	0xae0c0000, 0xffff0053, 0xae0d0000, 0x00ff0053,
	0xae0e0000, 0xffff0053, 0xae0f0000, 0x00ff0053,
	0xae120000, 0xffff0053, 0xae130000, 0x00ff0053,
	0xae140000, 0xffff0053, 0xae150000, 0x00ff0053,
	0xae160000, 0xffff0053, 0xae170000, 0x00ff0053,
	0xae010000, 0x03ff0053, 0xae090000, 0x03ff0053,
	0xae110000, 0x03ff0053, 0xae010000, 0x80000053,
	0xad010000, 0x00040053, 0xad010000, 0x00080053,
	0xad010000, 0x00020053, 0xa9080000, 0x03ff0053,
	0xa9090006, 0x03ff0053, 0xa90a005f, 0x03ff0053,
	0xa90b015f, 0x03ff0053, 0xa90c025f, 0x03ff0053,
	0xa90d035f, 0x03ff0053, 0xa90e03ff, 0x03ff0053,
	0xa90f03ff, 0x03ff0053, 0xa91003ff, 0x03ff0053,
	0xa9125b55, 0xffff0053, 0xa9130000, 0x3fff0053,
	0xa91441c0, 0xffff0053, 0xa9150113, 0x3fff0053,
	0xa916b4e0, 0xffff0053, 0xa91716a0, 0x3fff0053,
	0xa9187d24, 0xffff0053, 0xa9190001, 0x3fff0053,
	0xa91aeed4, 0xffff0053, 0xa91b00a6, 0x3fff0053,
	0xa91c6400, 0xffff0053, 0xa91d3ea8, 0x3fff0053,
	0xa91edc91, 0xffff0053, 0xa91f0002, 0x3fff0053,
	0xa920d2cd, 0xffff0053, 0xa921007d, 0x3fff0053,
	0xa922f955, 0xffff0053, 0xa9233fd6, 0x3fff0053,
	0xa9244e44, 0xffff0053, 0xa9250007, 0x3fff0053,
	0xa926c09b, 0xffff0053, 0xa927005d, 0x3fff0053,
	0xa928e7c4, 0xffff0053, 0xa929000d, 0x3fff0053,
	0xa92a8fdf, 0xffff0053, 0xa92b3ffc, 0x3fff0053,
	0xa92cda67, 0xffff0053, 0xa92d0086, 0x3fff0053,
	0xa92ebc0a, 0xffff0053, 0xa92f3fe6, 0x3fff0053,
	0xa930b6ce, 0xffff0053, 0xa9310057, 0x3fff0053,
	0xa932ef0f, 0xffff0053, 0xa9333fbd, 0x3fff0053,
	0xa934e2d7, 0xffff0053, 0xa9350054, 0x3fff0053,
	0xa936b6ce, 0xffff0053, 0xa9370057, 0x3fff0053,
	0xa938ef0f, 0xffff0053, 0xa9393fbd, 0x3fff0053,
	0xa93ae2d7, 0xffff0053, 0xa93b0054, 0x3fff0053,
	0xa93cb6ce, 0xffff0053, 0xa93d0057, 0x3fff0053,
	0xa93eef0f, 0xffff0053, 0xa93f3fbd, 0x3fff0053,
	0xa940e2d7, 0xffff0053, 0xa9410054, 0x3fff0053,
	0xa9420000, 0x03ff0053, 0xa94303ff, 0x03ff0053,
	0xa94403ff, 0x03ff0053, 0xa94503ff, 0x03ff0053,
	0xa94603ff, 0x03ff0053, 0xa94803b0, 0xffff0053,
	0xa9493fe0, 0x3fff0053, 0xa94a851f, 0xffff0053,
	0xa94b00d6, 0x3fff0053, 0xa94c0000, 0xffff0053,
	0xa94d0000, 0x3fff0053, 0xa94e03b0, 0xffff0053,
	0xa94f3fe0, 0x3fff0053, 0xa950851f, 0xffff0053,
	0xa95100d6, 0x3fff0053, 0xa9520000, 0xffff0053,
	0xa9530000, 0x3fff0053, 0xa95403b0, 0xffff0053,
	0xa9553fe0, 0x3fff0053, 0xa956851f, 0xffff0053,
	0xa95700d6, 0x3fff0053, 0xa9580000, 0xffff0053,
	0xa9590000, 0x3fff0053, 0xa95a03b0, 0xffff0053,
	0xa95b3fe0, 0x3fff0053, 0xa95c851f, 0xffff0053,
	0xa95d00d6, 0x3fff0053, 0xa95e0000, 0xffff0053,
	0xa95f0000, 0x3fff0053, 0xa9600000, 0x03ff0053,
	0xa96103ff, 0x03ff0053, 0xa96203ff, 0x03ff0053,
	0xa96303ff, 0x03ff0053, 0xa96403ff, 0x03ff0053,
	0xa9669dc2, 0xffff0053, 0xa9673fda, 0x3fff0053,
	0xa9689320, 0xffff0053, 0xa96900d6, 0x3fff0053,
	0xa96a0000, 0xffff0053, 0xa96b0000, 0x3fff0053,
	0xa96c9dc2, 0xffff0053, 0xa96d3fda, 0x3fff0053,
	0xa96e9320, 0xffff0053, 0xa96f00d6, 0x3fff0053,
	0xa9700000, 0xffff0053, 0xa9710000, 0x3fff0053,
	0xa9729dc2, 0xffff0053, 0xa9733fda, 0x3fff0053,
	0xa9749320, 0xffff0053, 0xa97500d6, 0x3fff0053,
	0xa9760000, 0xffff0053, 0xa9770000, 0x3fff0053,
	0xa9789dc2, 0xffff0053, 0xa9793fda, 0x3fff0053,
	0xa97a9320, 0xffff0053, 0xa97b00d6, 0x3fff0053,
	0xa97c0000, 0xffff0053, 0xa97d0000, 0x3fff0053,
	0xaa080000, 0xffff0053, 0xaa090000, 0xffff0053,
	0xaa0a0000, 0x00ff0053, 0xaa0a0000, 0xff000053,
	0xaa0b0000, 0xffff0053, 0xaa0c0000, 0xffff0053,
	0xaa0d0000, 0xffff0053, 0xaa0e0000, 0xffff0053,
	0xaa0f0000, 0x00ff0053, 0xaa100000, 0xffff0053,
	0xaa110000, 0xffff0053, 0xaa120000, 0x00ff0053,
	0xaa120000, 0xff000053, 0xaa130000, 0xffff0053,
	0xaa140000, 0xffff0053, 0xaa150000, 0xffff0053,
	0xaa160000, 0xffff0053, 0xaa170000, 0x00ff0053,
	0xaa180000, 0xffff0053, 0xaa190000, 0xffff0053,
	0xaa1a0000, 0x00ff0053, 0xaa1a0000, 0xff000053,
	0xaa1b0000, 0xffff0053, 0xaa1c0000, 0xffff0053,
	0xaa1d0000, 0xffff0053, 0xaa1e0000, 0xffff0053,
	0xaa1f0000, 0x00ff0053, 0xaa200000, 0xffff0053,
	0xaa210000, 0xffff0053, 0xaa220000, 0x00ff0053,
	0xaa220000, 0xff000053, 0xaa230000, 0xffff0053,
	0xaa240000, 0xffff0053, 0xaa250000, 0xffff0053,
	0xaa260000, 0xffff0053, 0xaa270000, 0x00ff0053,
	0xaa280000, 0xffff0053, 0xaa290000, 0xffff0053,
	0xaa2a0000, 0x00ff0053, 0xaa2a0000, 0xff000053,
	0xaa2b0000, 0xffff0053, 0xaa2c0000, 0xffff0053,
	0xaa2d0000, 0xffff0053, 0xaa2e0000, 0xffff0053,
	0xaa2f0000, 0x00ff0053, 0xaa300000, 0xffff0053,
	0xaa310000, 0xffff0053, 0xaa320000, 0x00ff0053,
	0xaa320000, 0xff000053, 0xaa330000, 0xffff0053,
	0xaa340000, 0xffff0053, 0xaa350000, 0xffff0053,
	0xaa360000, 0xffff0053, 0xaa370000, 0x00ff0053,
	0xaa380000, 0xffff0053, 0xaa390000, 0xffff0053,
	0xaa3a0000, 0x00ff0053, 0xaa3a0000, 0xff000053,
	0xaa3b0000, 0xffff0053, 0xaa3c0000, 0xffff0053,
	0xaa3d0000, 0xffff0053, 0xaa3e0000, 0xffff0053,
	0xaa3f0000, 0x00ff0053, 0xaa400000, 0xffff0053,
	0xaa410000, 0xffff0053, 0xaa420000, 0x00ff0053,
	0xaa420000, 0xff000053, 0xaa430000, 0xffff0053,
	0xaa440000, 0xffff0053, 0xaa450000, 0xffff0053,
	0xaa460000, 0xffff0053, 0xaa470000, 0x00ff0053,
	0xaa480000, 0xffff0053, 0xaa490000, 0xffff0053,
	0xaa4a0000, 0x00ff0053, 0xaa4a0000, 0xff000053,
	0xaa4b0000, 0xffff0053, 0xaa4c0000, 0xffff0053,
	0xaa4d0000, 0xffff0053, 0xaa4e0000, 0xffff0053,
	0xaa4f0000, 0x00ff0053, 0xaa500000, 0xffff0053,
	0xaa510000, 0xffff0053, 0xaa520000, 0x00ff0053,
	0xaa520000, 0xff000053, 0xaa530000, 0xffff0053,
	0xaa540000, 0xffff0053, 0xaa550000, 0xffff0053,
	0xaa560000, 0xffff0053, 0xaa570000, 0x00ff0053,
	0xaa580000, 0xffff0053, 0xaa590000, 0xffff0053,
	0xaa5a0000, 0x00ff0053, 0xaa5a0000, 0xff000053,
	0xaa5b0000, 0xffff0053, 0xaa5c0000, 0xffff0053,
	0xaa5d0000, 0xffff0053, 0xaa5e0000, 0xffff0053,
	0xaa5f0000, 0x00ff0053, 0xaa600000, 0xffff0053,
	0xaa610000, 0xffff0053, 0xaa620000, 0x00ff0053,
	0xaa620000, 0xff000053, 0xaa630000, 0xffff0053,
	0xaa640000, 0xffff0053, 0xaa650000, 0xffff0053,
	0xaa660000, 0xffff0053, 0xaa670000, 0x00ff0053,
	0xaa680000, 0xffff0053, 0xaa690000, 0xffff0053,
	0xaa6a0000, 0x00ff0053, 0xaa6a0000, 0xff000053,
	0xaa6b0000, 0xffff0053, 0xaa6c0000, 0xffff0053,
	0xaa6d0000, 0xffff0053, 0xaa6e0000, 0xffff0053,
	0xaa6f0000, 0x00ff0053, 0xaa700000, 0xffff0053,
	0xaa710000, 0xffff0053, 0xaa720000, 0x00ff0053,
	0xaa720000, 0xff000053, 0xaa730000, 0xffff0053,
	0xaa740000, 0xffff0053, 0xaa750000, 0xffff0053,
	0xaa760000, 0xffff0053, 0xaa770000, 0x00ff0053,
	0xaa780000, 0xffff0053, 0xaa790000, 0xffff0053,
	0xaa7a0000, 0x00ff0053, 0xaa7a0000, 0xff000053,
	0xaa7b0000, 0xffff0053, 0xaa7c0000, 0xffff0053,
	0xad010000, 0x00100053, 0xad010000, 0x03000053,
	0xad080000, 0x80000053, 0xad100000, 0x80000053,
	0xad080000, 0x1fff0053, 0xad090000, 0x1fff0053,
	0xad0a0000, 0x1fff0053, 0xad0b0000, 0x1fff0053,
	0xad0c0000, 0x1fff0053, 0xad0d0000, 0x1fff0053,
	0xad0e0000, 0x1fff0053, 0xad0f0000, 0x1fff0053,
	0xad100000, 0x00ff0053, 0xad110000, 0x00ff0053,
	0xad120000, 0x00ff0053, 0xad130000, 0x00ff0053,
	0xad140000, 0x00ff0053, 0xad150000, 0x00ff0053,
	0xad160000, 0x00ff0053, 0xad170000, 0x00ff0053,
	0xad180000, 0x00030053, 0xad190000, 0x00030053,
	0xad190000, 0x03000053, 0xad180000, 0x80000053,
	0xa9010000, 0x00010053, 0xa9010000, 0x00020053,
	0xae180001, 0x00030053, 0xac7b0000, 0x00800053,
	0xab060000, 0x00ff0053, 0xab070002, 0x00020053,
	0xab348001, 0x80010053, 0xac070000, 0x00200053,
	0xac7302d0, 0xffff0053, 0xac7401e0, 0xffff0053,
	0xab060000, 0x00ff0053, 0xac720000, 0x80000053,
	0xac790001, 0x00010053, 0xac320001, 0x00010053,
	0xac010000, 0x20000053, 0xac011000, 0x10000053,
	0xac018000, 0x80000053, 0xac020001, 0x00010053,
	0xac020000, 0x00020053, 0xac020004, 0x00040053,
	0xac020000, 0x00080053, 0xac020000, 0x00100053,
	0xac020000, 0x00200053, 0xac1f0005, 0x00070053,
	0xac010000, 0x00040053, 0xac082000, 0xffff0053,
	0xac09031f, 0xffff0053, 0xac0a0691, 0xffff0053,
	0xac0b2000, 0xffff0053, 0xac0cfc5b, 0xffff0053,
	0xac0d0443, 0xffff0053, 0xac0e2000, 0xffff0053,
	0xac0f010b, 0xffff0053, 0xac10ea57, 0xffff0053,
	0xac118000, 0xffff0053, 0xac12004d, 0xffff0053,
	0xac13f000, 0xffff0053, 0xac140004, 0xffff0053,
	0xac151000, 0xffff0053, 0xac16ff5b, 0xffff0053,
	0xac1bffff, 0xffff0053, 0xac1c01ff, 0xffff0053,
	0xac070280, 0x03800053, 0xac170000, 0xffff0053,
	0xac18fff0, 0xffff0053, 0xac190010, 0xffff0053,
	0xac1a0001, 0x00010053, 0xac070000, 0x00020053,
	0xac070000, 0x000c0053, 0xac010000, 0x00080053,
	0xac070001, 0x00010053, 0xac010000, 0x00100053,
	0xac204000, 0xffff0053, 0xac21ffff, 0xffff0053,
	0xac22ffff, 0xffff0053, 0xac23ffff, 0xffff0053,
	0xac244000, 0xffff0053, 0xac25ffff, 0xffff0053,
	0xac26ffff, 0xffff0053, 0xac27ffff, 0xffff0053,
	0xac284000, 0xffff0053, 0xac070c00, 0x0c000053,
	0xac010000, 0x00200053, 0xac070000, 0x00100053,
	0xab440000, 0x80000053, 0xac010000, 0x00400053,
	0xac070000, 0x30000053, 0xac290666, 0xffff0053,
	0xac2a0666, 0xffff0053, 0xac2b0333, 0xffff0053,
	0xac2c4748, 0xffff0053, 0xac2db262, 0xffff0053,
	0xac2e0656, 0xffff0053, 0xac2f0ce4, 0xffff0053,
	0xac3005b7, 0xffff0053, 0xac31ed65, 0xffff0053,
	0xac010000, 0x00800053, 0xac010000, 0x00010053,
	0xac5d0000, 0x00040053, 0xac5d0000, 0x00080053,
	0xac5d0000, 0x00010053, 0xac5d0000, 0x00020053,
	0xac720000, 0x00030053, 0xac708000, 0x80000053,
	0xac718000, 0x80000053, 0xac718000, 0x80000053,
	0xac718000, 0x80000053, 0xac718000, 0x80000053,
};

uint32_t idk_ut_5005_mix_ipt_sdr_msys_all_ml_tbl[] = {
	0x59010001, 0x00010053, 0x59010000, 0x00020053,
	0x59297fff, 0xffff0053, 0x592a0c7c, 0xffff0053,
	0x592b1a45, 0xffff0053, 0x592c7fff, 0xffff0053,
	0x592df16d, 0xffff0053, 0x592e110d, 0xffff0053,
	0x592f7fff, 0xffff0053, 0x5930042d, 0xffff0053,
	0x5931a95c, 0xffff0053, 0x59070000, 0x30000053,
	0x59010000, 0x00040053, 0x59010000, 0x00080053,
	0x59205ccf, 0xffff0053, 0x5921b0a4, 0xffff0053,
	0x5922028c, 0xffff0053, 0x5923ec83, 0xffff0053,
	0x592426af, 0xffff0053, 0x5925fcce, 0xffff0053,
	0x5926002b, 0xffff0053, 0x5927fc5f, 0xffff0053,
	0x59281375, 0xffff0053, 0x59070400, 0x0c000053,
	0x59460000, 0xffff0053, 0x59470190, 0xffff0053,
	0x5943051e, 0xffff0053, 0x59440000, 0xffff0053,
	0x59010000, 0x00100053, 0x59070000, 0x00010053,
	0x59010000, 0x00200053, 0x59081749, 0xffff0053,
	0x59094e53, 0xffff0053, 0x590a07e7, 0xffff0053,
	0x590bf329, 0xffff0053, 0x590cd4d2, 0xffff0053,
	0x590d3803, 0xffff0053, 0x590e3803, 0xffff0053,
	0x590fcd1f, 0xffff0053, 0x5910fadc, 0xffff0053,
	0x59110100, 0x1fff0053, 0x59130800, 0x1fff0053,
	0x59150800, 0x1fff0053, 0x59070180, 0x01800053,
	0x59170000, 0x0fff0053, 0x59190000, 0xffff0053,
	0x591a0001, 0x00010053, 0x59010040, 0x00400053,
	0x59040000, 0x00010053, 0x591f0000, 0x00030053,
	0x49010000, 0x00040053, 0x49084000, 0xffff0053,
	0x49090000, 0xffff0053, 0x490a64c8, 0xffff0053,
	0x490b4000, 0xffff0053, 0x490cf403, 0xffff0053,
	0x490de208, 0xffff0053, 0x490e4000, 0xffff0053,
	0x490f76c2, 0xffff0053, 0x49100000, 0xffff0053,
	0x49116400, 0xffff0053, 0x49120032, 0xffff0053,
	0x49130580, 0xffff0053, 0x4914ffeb, 0xffff0053,
	0x49156100, 0xffff0053, 0x4916003b, 0xffff0053,
	0x491bffff, 0xffff0053, 0x491c003f, 0xffff0053,
	0x49070000, 0x03800053, 0x49170000, 0xffff0053,
	0x4918ff00, 0xffff0053, 0x49190101, 0xffff0053,
	0x491a0001, 0x00010053, 0x49070002, 0x00020053,
	0x49070000, 0x000c0053, 0x49010000, 0x00080053,
	0x49070000, 0x00010053, 0x49010000, 0x00100053,
	0x49202705, 0xffff0053, 0x492150ce, 0xffff0053,
	0x4922082b, 0xffff0053, 0x492313ef, 0xffff0053,
	0x49245f0d, 0xffff0053, 0x49250d01, 0xffff0053,
	0x49260361, 0xffff0053, 0x49271106, 0xffff0053,
	0x49286b97, 0xffff0053, 0x49070000, 0x0c000053,
	0x49010000, 0x00200053, 0x49010000, 0x00400053,
	0x49070000, 0x30000053, 0x49290666, 0xffff0053,
	0x492a0666, 0xffff0053, 0x492b0333, 0xffff0053,
	0x492c4748, 0xffff0053, 0x492db262, 0xffff0053,
	0x492e0656, 0xffff0053, 0x492f0ce4, 0xffff0053,
	0x493005b7, 0xffff0053, 0x4931ed65, 0xffff0053,
	0x49010000, 0x00800053, 0x49010000, 0x00010053,
	0x49720000, 0x00030053, 0x495d0000, 0x00040053,
	0x495d0000, 0x00080053, 0x495d0000, 0x00010053,
	0x495d0000, 0x00020053, 0x49790001, 0x00010053,
	0x497a0000, 0x000c0053, 0x497d0000, 0x00ff0053,
	0x49320001, 0x00010053, 0x497401e0, 0x1fff0053,
	0x49070000, 0x00200053, 0x59480001, 0x00010053,
	0x59480002, 0x00020053, 0x59480000, 0x00040053,
	0x59480100, 0x01000053, 0x59480010, 0x00100053,
	0x59720001, 0x00010053, 0x59720000, 0x00020053,
	0x597b0000, 0x10000053, 0x49708000, 0x80000053,
	0x49718000, 0x80000053, 0x49718000, 0x80000053,
	0x59010001, 0x00010053, 0x59010000, 0x00020053,
	0x59297fff, 0xffff0053, 0x592a0c7c, 0xffff0053,
	0x592b1a45, 0xffff0053, 0x592c7fff, 0xffff0053,
	0x592df16d, 0xffff0053, 0x592e110d, 0xffff0053,
	0x592f7fff, 0xffff0053, 0x5930042d, 0xffff0053,
	0x5931a95c, 0xffff0053, 0x59070000, 0x30000053,
	0x59010000, 0x00040053, 0x59010000, 0x00080053,
	0x59205ccf, 0xffff0053, 0x5921b0a4, 0xffff0053,
	0x5922028c, 0xffff0053, 0x5923ec83, 0xffff0053,
	0x592426af, 0xffff0053, 0x5925fcce, 0xffff0053,
	0x5926002b, 0xffff0053, 0x5927fc5f, 0xffff0053,
	0x59281375, 0xffff0053, 0x59070400, 0x0c000053,
	0x59460000, 0xffff0053, 0x59470190, 0xffff0053,
	0x5943051e, 0xffff0053, 0x59440000, 0xffff0053,
	0x59010000, 0x00100053, 0x59070000, 0x00010053,
	0x59010000, 0x00200053, 0x59081749, 0xffff0053,
	0x59094e53, 0xffff0053, 0x590a07e7, 0xffff0053,
	0x590bf329, 0xffff0053, 0x590cd4d2, 0xffff0053,
	0x590d3803, 0xffff0053, 0x590e3803, 0xffff0053,
	0x590fcd1f, 0xffff0053, 0x5910fadc, 0xffff0053,
	0x59110100, 0x1fff0053, 0x59130800, 0x1fff0053,
	0x59150800, 0x1fff0053, 0x59070180, 0x01800053,
	0x59170000, 0x0fff0053, 0x59190000, 0xffff0053,
	0x591a0001, 0x00010053, 0x59010040, 0x00400053,
	0x59040000, 0x00010053, 0x591f0000, 0x00030053,
	0x51010000, 0x00040053, 0x51084000, 0xffff0053,
	0x51090000, 0xffff0053, 0x510a64c8, 0xffff0053,
	0x510b4000, 0xffff0053, 0x510cf403, 0xffff0053,
	0x510de208, 0xffff0053, 0x510e4000, 0xffff0053,
	0x510f76c2, 0xffff0053, 0x51100000, 0xffff0053,
	0x51116400, 0xffff0053, 0x51120032, 0xffff0053,
	0x51130580, 0xffff0053, 0x5114ffeb, 0xffff0053,
	0x51156100, 0xffff0053, 0x5116003b, 0xffff0053,
	0x511bffff, 0xffff0053, 0x511c003f, 0xffff0053,
	0x51070000, 0x03800053, 0x51170000, 0xffff0053,
	0x5118ff00, 0xffff0053, 0x51190101, 0xffff0053,
	0x511a0001, 0x00010053, 0x51070002, 0x00020053,
	0x51070000, 0x000c0053, 0x51010000, 0x00080053,
	0x51070000, 0x00010053, 0x51010000, 0x00100053,
	0x51202705, 0xffff0053, 0x512150ce, 0xffff0053,
	0x5122082b, 0xffff0053, 0x512313ef, 0xffff0053,
	0x51245f0d, 0xffff0053, 0x51250d01, 0xffff0053,
	0x51260361, 0xffff0053, 0x51271106, 0xffff0053,
	0x51286b97, 0xffff0053, 0x51070000, 0x0c000053,
	0x51010000, 0x00200053, 0x51010000, 0x00400053,
	0x51070000, 0x30000053, 0x51290666, 0xffff0053,
	0x512a0666, 0xffff0053, 0x512b0333, 0xffff0053,
	0x512c4748, 0xffff0053, 0x512db262, 0xffff0053,
	0x512e0656, 0xffff0053, 0x512f0ce4, 0xffff0053,
	0x513005b7, 0xffff0053, 0x5131ed65, 0xffff0053,
	0x51010000, 0x00800053, 0x51010000, 0x00010053,
	0x51720000, 0x00030053, 0x515d0000, 0x00040053,
	0x515d0000, 0x00080053, 0x515d0000, 0x00010053,
	0x515d0000, 0x00020053, 0x51790001, 0x00010053,
	0x517a0000, 0x000c0053, 0x517d0000, 0x00ff0053,
	0x51320001, 0x00010053, 0x517401e0, 0x1fff0053,
	0x51070000, 0x00200053, 0x59480001, 0x00010053,
	0x59480002, 0x00020053, 0x59480000, 0x00040053,
	0x59480100, 0x01000053, 0x59480010, 0x00100053,
	0x59720001, 0x00010053, 0x59720000, 0x00020053,
	0x597b0000, 0x10000053, 0x51708000, 0x80000053,
	0x51718000, 0x80000053, 0x51718000, 0x80000053,
};

uint32_t idk_ut_5005_mix_ipt_ipt_dsys_all_ml_tbl[] = {
	0x96020000, 0xffff0053, 0x96030000, 0x00ff0053,
	0x96040000, 0xffff0053, 0x96050000, 0x00ff0053,
	0x96060000, 0xffff0053, 0x96070000, 0x00ff0053,
	0x960a0000, 0xffff0053, 0x960b0000, 0x00ff0053,
	0x960c0000, 0xffff0053, 0x960d0000, 0x00ff0053,
	0x960e0000, 0xffff0053, 0x960f0000, 0x00ff0053,
	0x96120000, 0xffff0053, 0x96130000, 0x00ff0053,
	0x96140000, 0xffff0053, 0x96150000, 0x00ff0053,
	0x96160000, 0xffff0053, 0x96170000, 0x00ff0053,
	0x96010000, 0x03ff0053, 0x96090000, 0x03ff0053,
	0x96110000, 0x03ff0053, 0x96010000, 0x80000053,
	0x95010000, 0x00040053, 0x95010000, 0x00080053,
	0x95010000, 0x00020053, 0x91080000, 0x03ff0053,
	0x91090006, 0x03ff0053, 0x910a005f, 0x03ff0053,
	0x910b015f, 0x03ff0053, 0x910c025f, 0x03ff0053,
	0x910d035f, 0x03ff0053, 0x910e03ff, 0x03ff0053,
	0x910f03ff, 0x03ff0053, 0x911003ff, 0x03ff0053,
	0x91125b55, 0xffff0053, 0x91130000, 0x3fff0053,
	0x911441c0, 0xffff0053, 0x91150113, 0x3fff0053,
	0x9116b4e0, 0xffff0053, 0x911716a0, 0x3fff0053,
	0x91187d24, 0xffff0053, 0x91190001, 0x3fff0053,
	0x911aeed4, 0xffff0053, 0x911b00a6, 0x3fff0053,
	0x911c6400, 0xffff0053, 0x911d3ea8, 0x3fff0053,
	0x911edc91, 0xffff0053, 0x911f0002, 0x3fff0053,
	0x9120d2cd, 0xffff0053, 0x9121007d, 0x3fff0053,
	0x9122f955, 0xffff0053, 0x91233fd6, 0x3fff0053,
	0x91244e44, 0xffff0053, 0x91250007, 0x3fff0053,
	0x9126c09b, 0xffff0053, 0x9127005d, 0x3fff0053,
	0x9128e7c4, 0xffff0053, 0x9129000d, 0x3fff0053,
	0x912a8fdf, 0xffff0053, 0x912b3ffc, 0x3fff0053,
	0x912cda67, 0xffff0053, 0x912d0086, 0x3fff0053,
	0x912ebc0a, 0xffff0053, 0x912f3fe6, 0x3fff0053,
	0x9130b6ce, 0xffff0053, 0x91310057, 0x3fff0053,
	0x9132ef0f, 0xffff0053, 0x91333fbd, 0x3fff0053,
	0x9134e2d7, 0xffff0053, 0x91350054, 0x3fff0053,
	0x9136b6ce, 0xffff0053, 0x91370057, 0x3fff0053,
	0x9138ef0f, 0xffff0053, 0x91393fbd, 0x3fff0053,
	0x913ae2d7, 0xffff0053, 0x913b0054, 0x3fff0053,
	0x913cb6ce, 0xffff0053, 0x913d0057, 0x3fff0053,
	0x913eef0f, 0xffff0053, 0x913f3fbd, 0x3fff0053,
	0x9140e2d7, 0xffff0053, 0x91410054, 0x3fff0053,
	0x91420000, 0x03ff0053, 0x914303ff, 0x03ff0053,
	0x914403ff, 0x03ff0053, 0x914503ff, 0x03ff0053,
	0x914603ff, 0x03ff0053, 0x914803b0, 0xffff0053,
	0x91493fe0, 0x3fff0053, 0x914a851f, 0xffff0053,
	0x914b00d6, 0x3fff0053, 0x914c0000, 0xffff0053,
	0x914d0000, 0x3fff0053, 0x914e03b0, 0xffff0053,
	0x914f3fe0, 0x3fff0053, 0x9150851f, 0xffff0053,
	0x915100d6, 0x3fff0053, 0x91520000, 0xffff0053,
	0x91530000, 0x3fff0053, 0x915403b0, 0xffff0053,
	0x91553fe0, 0x3fff0053, 0x9156851f, 0xffff0053,
	0x915700d6, 0x3fff0053, 0x91580000, 0xffff0053,
	0x91590000, 0x3fff0053, 0x915a03b0, 0xffff0053,
	0x915b3fe0, 0x3fff0053, 0x915c851f, 0xffff0053,
	0x915d00d6, 0x3fff0053, 0x915e0000, 0xffff0053,
	0x915f0000, 0x3fff0053, 0x91600000, 0x03ff0053,
	0x916103ff, 0x03ff0053, 0x916203ff, 0x03ff0053,
	0x916303ff, 0x03ff0053, 0x916403ff, 0x03ff0053,
	0x91669dc2, 0xffff0053, 0x91673fda, 0x3fff0053,
	0x91689320, 0xffff0053, 0x916900d6, 0x3fff0053,
	0x916a0000, 0xffff0053, 0x916b0000, 0x3fff0053,
	0x916c9dc2, 0xffff0053, 0x916d3fda, 0x3fff0053,
	0x916e9320, 0xffff0053, 0x916f00d6, 0x3fff0053,
	0x91700000, 0xffff0053, 0x91710000, 0x3fff0053,
	0x91729dc2, 0xffff0053, 0x91733fda, 0x3fff0053,
	0x91749320, 0xffff0053, 0x917500d6, 0x3fff0053,
	0x91760000, 0xffff0053, 0x91770000, 0x3fff0053,
	0x91789dc2, 0xffff0053, 0x91793fda, 0x3fff0053,
	0x917a9320, 0xffff0053, 0x917b00d6, 0x3fff0053,
	0x917c0000, 0xffff0053, 0x917d0000, 0x3fff0053,
	0x92080000, 0xffff0053, 0x92090000, 0xffff0053,
	0x920a0000, 0x00ff0053, 0x920a0000, 0xff000053,
	0x920b0000, 0xffff0053, 0x920c0000, 0xffff0053,
	0x920d0000, 0xffff0053, 0x920e0000, 0xffff0053,
	0x920f0000, 0x00ff0053, 0x92100000, 0xffff0053,
	0x92110000, 0xffff0053, 0x92120000, 0x00ff0053,
	0x92120000, 0xff000053, 0x92130000, 0xffff0053,
	0x92140000, 0xffff0053, 0x92150000, 0xffff0053,
	0x92160000, 0xffff0053, 0x92170000, 0x00ff0053,
	0x92180000, 0xffff0053, 0x92190000, 0xffff0053,
	0x921a0000, 0x00ff0053, 0x921a0000, 0xff000053,
	0x921b0000, 0xffff0053, 0x921c0000, 0xffff0053,
	0x921d0000, 0xffff0053, 0x921e0000, 0xffff0053,
	0x921f0000, 0x00ff0053, 0x92200000, 0xffff0053,
	0x92210000, 0xffff0053, 0x92220000, 0x00ff0053,
	0x92220000, 0xff000053, 0x92230000, 0xffff0053,
	0x92240000, 0xffff0053, 0x92250000, 0xffff0053,
	0x92260000, 0xffff0053, 0x92270000, 0x00ff0053,
	0x92280000, 0xffff0053, 0x92290000, 0xffff0053,
	0x922a0000, 0x00ff0053, 0x922a0000, 0xff000053,
	0x922b0000, 0xffff0053, 0x922c0000, 0xffff0053,
	0x922d0000, 0xffff0053, 0x922e0000, 0xffff0053,
	0x922f0000, 0x00ff0053, 0x92300000, 0xffff0053,
	0x92310000, 0xffff0053, 0x92320000, 0x00ff0053,
	0x92320000, 0xff000053, 0x92330000, 0xffff0053,
	0x92340000, 0xffff0053, 0x92350000, 0xffff0053,
	0x92360000, 0xffff0053, 0x92370000, 0x00ff0053,
	0x92380000, 0xffff0053, 0x92390000, 0xffff0053,
	0x923a0000, 0x00ff0053, 0x923a0000, 0xff000053,
	0x923b0000, 0xffff0053, 0x923c0000, 0xffff0053,
	0x923d0000, 0xffff0053, 0x923e0000, 0xffff0053,
	0x923f0000, 0x00ff0053, 0x92400000, 0xffff0053,
	0x92410000, 0xffff0053, 0x92420000, 0x00ff0053,
	0x92420000, 0xff000053, 0x92430000, 0xffff0053,
	0x92440000, 0xffff0053, 0x92450000, 0xffff0053,
	0x92460000, 0xffff0053, 0x92470000, 0x00ff0053,
	0x92480000, 0xffff0053, 0x92490000, 0xffff0053,
	0x924a0000, 0x00ff0053, 0x924a0000, 0xff000053,
	0x924b0000, 0xffff0053, 0x924c0000, 0xffff0053,
	0x924d0000, 0xffff0053, 0x924e0000, 0xffff0053,
	0x924f0000, 0x00ff0053, 0x92500000, 0xffff0053,
	0x92510000, 0xffff0053, 0x92520000, 0x00ff0053,
	0x92520000, 0xff000053, 0x92530000, 0xffff0053,
	0x92540000, 0xffff0053, 0x92550000, 0xffff0053,
	0x92560000, 0xffff0053, 0x92570000, 0x00ff0053,
	0x92580000, 0xffff0053, 0x92590000, 0xffff0053,
	0x925a0000, 0x00ff0053, 0x925a0000, 0xff000053,
	0x925b0000, 0xffff0053, 0x925c0000, 0xffff0053,
	0x925d0000, 0xffff0053, 0x925e0000, 0xffff0053,
	0x925f0000, 0x00ff0053, 0x92600000, 0xffff0053,
	0x92610000, 0xffff0053, 0x92620000, 0x00ff0053,
	0x92620000, 0xff000053, 0x92630000, 0xffff0053,
	0x92640000, 0xffff0053, 0x92650000, 0xffff0053,
	0x92660000, 0xffff0053, 0x92670000, 0x00ff0053,
	0x92680000, 0xffff0053, 0x92690000, 0xffff0053,
	0x926a0000, 0x00ff0053, 0x926a0000, 0xff000053,
	0x926b0000, 0xffff0053, 0x926c0000, 0xffff0053,
	0x926d0000, 0xffff0053, 0x926e0000, 0xffff0053,
	0x926f0000, 0x00ff0053, 0x92700000, 0xffff0053,
	0x92710000, 0xffff0053, 0x92720000, 0x00ff0053,
	0x92720000, 0xff000053, 0x92730000, 0xffff0053,
	0x92740000, 0xffff0053, 0x92750000, 0xffff0053,
	0x92760000, 0xffff0053, 0x92770000, 0x00ff0053,
	0x92780000, 0xffff0053, 0x92790000, 0xffff0053,
	0x927a0000, 0x00ff0053, 0x927a0000, 0xff000053,
	0x927b0000, 0xffff0053, 0x927c0000, 0xffff0053,
	0x95010000, 0x00100053, 0x95010000, 0x03000053,
	0x95080000, 0x80000053, 0x95100000, 0x80000053,
	0x95080000, 0x1fff0053, 0x95090000, 0x1fff0053,
	0x950a0000, 0x1fff0053, 0x950b0000, 0x1fff0053,
	0x950c0000, 0x1fff0053, 0x950d0000, 0x1fff0053,
	0x950e0000, 0x1fff0053, 0x950f0000, 0x1fff0053,
	0x95100000, 0x00ff0053, 0x95110000, 0x00ff0053,
	0x95120000, 0x00ff0053, 0x95130000, 0x00ff0053,
	0x95140000, 0x00ff0053, 0x95150000, 0x00ff0053,
	0x95160000, 0x00ff0053, 0x95170000, 0x00ff0053,
	0x95180000, 0x00030053, 0x95190000, 0x00030053,
	0x95190000, 0x03000053, 0x95180000, 0x80000053,
	0x91010000, 0x00010053, 0x91010000, 0x00020053,
	0x96180001, 0x00030053, 0x947b0000, 0x00800053,
	0x93060000, 0x00ff0053, 0x93070002, 0x00020053,
	0x93348001, 0x80010053, 0x94070000, 0x00200053,
	0x947302d0, 0xffff0053, 0x947401e0, 0xffff0053,
	0x93060000, 0x00ff0053, 0x94720000, 0x80000053,
	0x94790001, 0x00010053, 0x94320001, 0x00010053,
	0x94010000, 0x20000053, 0x94011000, 0x10000053,
	0x94018000, 0x80000053, 0x94020001, 0x00010053,
	0x94020000, 0x00020053, 0x94020004, 0x00040053,
	0x94020000, 0x00080053, 0x94020000, 0x00100053,
	0x94020000, 0x00200053, 0x941f0005, 0x00070053,
	0x94010000, 0x00040053, 0x94082000, 0xffff0053,
	0x9409031f, 0xffff0053, 0x940a0691, 0xffff0053,
	0x940b2000, 0xffff0053, 0x940cfc5b, 0xffff0053,
	0x940d0443, 0xffff0053, 0x940e2000, 0xffff0053,
	0x940f010b, 0xffff0053, 0x9410ea57, 0xffff0053,
	0x94118000, 0xffff0053, 0x9412004d, 0xffff0053,
	0x9413f000, 0xffff0053, 0x94140004, 0xffff0053,
	0x94151000, 0xffff0053, 0x9416ff5b, 0xffff0053,
	0x941bffff, 0xffff0053, 0x941c01ff, 0xffff0053,
	0x94070280, 0x03800053, 0x94170000, 0xffff0053,
	0x9418fff0, 0xffff0053, 0x94190010, 0xffff0053,
	0x941a0001, 0x00010053, 0x94070000, 0x00020053,
	0x94070000, 0x000c0053, 0x94010000, 0x00080053,
	0x94070001, 0x00010053, 0x94010000, 0x00100053,
	0x94204000, 0xffff0053, 0x9421ffff, 0xffff0053,
	0x9422ffff, 0xffff0053, 0x9423ffff, 0xffff0053,
	0x94244000, 0xffff0053, 0x9425ffff, 0xffff0053,
	0x9426ffff, 0xffff0053, 0x9427ffff, 0xffff0053,
	0x94284000, 0xffff0053, 0x94070c00, 0x0c000053,
	0x94010000, 0x00200053, 0x94070000, 0x00100053,
	0x93440000, 0x80000053, 0x94010000, 0x00400053,
	0x94070000, 0x30000053, 0x94290666, 0xffff0053,
	0x942a0666, 0xffff0053, 0x942b0333, 0xffff0053,
	0x942c4748, 0xffff0053, 0x942db262, 0xffff0053,
	0x942e0656, 0xffff0053, 0x942f0ce4, 0xffff0053,
	0x943005b7, 0xffff0053, 0x9431ed65, 0xffff0053,
	0x94010000, 0x00800053, 0x94010000, 0x00010053,
	0x945d0000, 0x00040053, 0x945d0000, 0x00080053,
	0x945d0000, 0x00010053, 0x945d0000, 0x00020053,
	0x94720000, 0x00030053, 0x94708000, 0x80000053,
	0x94718000, 0x80000053, 0x94718000, 0x80000053,
	0x94718000, 0x80000053, 0x94718000, 0x80000053,
	0xae020000, 0xffff0053, 0xae030000, 0x00ff0053,
	0xae040000, 0xffff0053, 0xae050000, 0x00ff0053,
	0xae060000, 0xffff0053, 0xae070000, 0x00ff0053,
	0xae0a0000, 0xffff0053, 0xae0b0000, 0x00ff0053,
	0xae0c0000, 0xffff0053, 0xae0d0000, 0x00ff0053,
	0xae0e0000, 0xffff0053, 0xae0f0000, 0x00ff0053,
	0xae120000, 0xffff0053, 0xae130000, 0x00ff0053,
	0xae140000, 0xffff0053, 0xae150000, 0x00ff0053,
	0xae160000, 0xffff0053, 0xae170000, 0x00ff0053,
	0xae010000, 0x03ff0053, 0xae090000, 0x03ff0053,
	0xae110000, 0x03ff0053, 0xae010000, 0x80000053,
	0xad010000, 0x00040053, 0xad010000, 0x00080053,
	0xad010000, 0x00020053, 0xa9080000, 0x03ff0053,
	0xa9090006, 0x03ff0053, 0xa90a005f, 0x03ff0053,
	0xa90b015f, 0x03ff0053, 0xa90c025f, 0x03ff0053,
	0xa90d035f, 0x03ff0053, 0xa90e03ff, 0x03ff0053,
	0xa90f03ff, 0x03ff0053, 0xa91003ff, 0x03ff0053,
	0xa9125b55, 0xffff0053, 0xa9130000, 0x3fff0053,
	0xa91441c0, 0xffff0053, 0xa9150113, 0x3fff0053,
	0xa916b4e0, 0xffff0053, 0xa91716a0, 0x3fff0053,
	0xa9187d24, 0xffff0053, 0xa9190001, 0x3fff0053,
	0xa91aeed4, 0xffff0053, 0xa91b00a6, 0x3fff0053,
	0xa91c6400, 0xffff0053, 0xa91d3ea8, 0x3fff0053,
	0xa91edc91, 0xffff0053, 0xa91f0002, 0x3fff0053,
	0xa920d2cd, 0xffff0053, 0xa921007d, 0x3fff0053,
	0xa922f955, 0xffff0053, 0xa9233fd6, 0x3fff0053,
	0xa9244e44, 0xffff0053, 0xa9250007, 0x3fff0053,
	0xa926c09b, 0xffff0053, 0xa927005d, 0x3fff0053,
	0xa928e7c4, 0xffff0053, 0xa929000d, 0x3fff0053,
	0xa92a8fdf, 0xffff0053, 0xa92b3ffc, 0x3fff0053,
	0xa92cda67, 0xffff0053, 0xa92d0086, 0x3fff0053,
	0xa92ebc0a, 0xffff0053, 0xa92f3fe6, 0x3fff0053,
	0xa930b6ce, 0xffff0053, 0xa9310057, 0x3fff0053,
	0xa932ef0f, 0xffff0053, 0xa9333fbd, 0x3fff0053,
	0xa934e2d7, 0xffff0053, 0xa9350054, 0x3fff0053,
	0xa936b6ce, 0xffff0053, 0xa9370057, 0x3fff0053,
	0xa938ef0f, 0xffff0053, 0xa9393fbd, 0x3fff0053,
	0xa93ae2d7, 0xffff0053, 0xa93b0054, 0x3fff0053,
	0xa93cb6ce, 0xffff0053, 0xa93d0057, 0x3fff0053,
	0xa93eef0f, 0xffff0053, 0xa93f3fbd, 0x3fff0053,
	0xa940e2d7, 0xffff0053, 0xa9410054, 0x3fff0053,
	0xa9420000, 0x03ff0053, 0xa94303ff, 0x03ff0053,
	0xa94403ff, 0x03ff0053, 0xa94503ff, 0x03ff0053,
	0xa94603ff, 0x03ff0053, 0xa94803b0, 0xffff0053,
	0xa9493fe0, 0x3fff0053, 0xa94a851f, 0xffff0053,
	0xa94b00d6, 0x3fff0053, 0xa94c0000, 0xffff0053,
	0xa94d0000, 0x3fff0053, 0xa94e03b0, 0xffff0053,
	0xa94f3fe0, 0x3fff0053, 0xa950851f, 0xffff0053,
	0xa95100d6, 0x3fff0053, 0xa9520000, 0xffff0053,
	0xa9530000, 0x3fff0053, 0xa95403b0, 0xffff0053,
	0xa9553fe0, 0x3fff0053, 0xa956851f, 0xffff0053,
	0xa95700d6, 0x3fff0053, 0xa9580000, 0xffff0053,
	0xa9590000, 0x3fff0053, 0xa95a03b0, 0xffff0053,
	0xa95b3fe0, 0x3fff0053, 0xa95c851f, 0xffff0053,
	0xa95d00d6, 0x3fff0053, 0xa95e0000, 0xffff0053,
	0xa95f0000, 0x3fff0053, 0xa9600000, 0x03ff0053,
	0xa96103ff, 0x03ff0053, 0xa96203ff, 0x03ff0053,
	0xa96303ff, 0x03ff0053, 0xa96403ff, 0x03ff0053,
	0xa9669dc2, 0xffff0053, 0xa9673fda, 0x3fff0053,
	0xa9689320, 0xffff0053, 0xa96900d6, 0x3fff0053,
	0xa96a0000, 0xffff0053, 0xa96b0000, 0x3fff0053,
	0xa96c9dc2, 0xffff0053, 0xa96d3fda, 0x3fff0053,
	0xa96e9320, 0xffff0053, 0xa96f00d6, 0x3fff0053,
	0xa9700000, 0xffff0053, 0xa9710000, 0x3fff0053,
	0xa9729dc2, 0xffff0053, 0xa9733fda, 0x3fff0053,
	0xa9749320, 0xffff0053, 0xa97500d6, 0x3fff0053,
	0xa9760000, 0xffff0053, 0xa9770000, 0x3fff0053,
	0xa9789dc2, 0xffff0053, 0xa9793fda, 0x3fff0053,
	0xa97a9320, 0xffff0053, 0xa97b00d6, 0x3fff0053,
	0xa97c0000, 0xffff0053, 0xa97d0000, 0x3fff0053,
	0xaa080000, 0xffff0053, 0xaa090000, 0xffff0053,
	0xaa0a0000, 0x00ff0053, 0xaa0a0000, 0xff000053,
	0xaa0b0000, 0xffff0053, 0xaa0c0000, 0xffff0053,
	0xaa0d0000, 0xffff0053, 0xaa0e0000, 0xffff0053,
	0xaa0f0000, 0x00ff0053, 0xaa100000, 0xffff0053,
	0xaa110000, 0xffff0053, 0xaa120000, 0x00ff0053,
	0xaa120000, 0xff000053, 0xaa130000, 0xffff0053,
	0xaa140000, 0xffff0053, 0xaa150000, 0xffff0053,
	0xaa160000, 0xffff0053, 0xaa170000, 0x00ff0053,
	0xaa180000, 0xffff0053, 0xaa190000, 0xffff0053,
	0xaa1a0000, 0x00ff0053, 0xaa1a0000, 0xff000053,
	0xaa1b0000, 0xffff0053, 0xaa1c0000, 0xffff0053,
	0xaa1d0000, 0xffff0053, 0xaa1e0000, 0xffff0053,
	0xaa1f0000, 0x00ff0053, 0xaa200000, 0xffff0053,
	0xaa210000, 0xffff0053, 0xaa220000, 0x00ff0053,
	0xaa220000, 0xff000053, 0xaa230000, 0xffff0053,
	0xaa240000, 0xffff0053, 0xaa250000, 0xffff0053,
	0xaa260000, 0xffff0053, 0xaa270000, 0x00ff0053,
	0xaa280000, 0xffff0053, 0xaa290000, 0xffff0053,
	0xaa2a0000, 0x00ff0053, 0xaa2a0000, 0xff000053,
	0xaa2b0000, 0xffff0053, 0xaa2c0000, 0xffff0053,
	0xaa2d0000, 0xffff0053, 0xaa2e0000, 0xffff0053,
	0xaa2f0000, 0x00ff0053, 0xaa300000, 0xffff0053,
	0xaa310000, 0xffff0053, 0xaa320000, 0x00ff0053,
	0xaa320000, 0xff000053, 0xaa330000, 0xffff0053,
	0xaa340000, 0xffff0053, 0xaa350000, 0xffff0053,
	0xaa360000, 0xffff0053, 0xaa370000, 0x00ff0053,
	0xaa380000, 0xffff0053, 0xaa390000, 0xffff0053,
	0xaa3a0000, 0x00ff0053, 0xaa3a0000, 0xff000053,
	0xaa3b0000, 0xffff0053, 0xaa3c0000, 0xffff0053,
	0xaa3d0000, 0xffff0053, 0xaa3e0000, 0xffff0053,
	0xaa3f0000, 0x00ff0053, 0xaa400000, 0xffff0053,
	0xaa410000, 0xffff0053, 0xaa420000, 0x00ff0053,
	0xaa420000, 0xff000053, 0xaa430000, 0xffff0053,
	0xaa440000, 0xffff0053, 0xaa450000, 0xffff0053,
	0xaa460000, 0xffff0053, 0xaa470000, 0x00ff0053,
	0xaa480000, 0xffff0053, 0xaa490000, 0xffff0053,
	0xaa4a0000, 0x00ff0053, 0xaa4a0000, 0xff000053,
	0xaa4b0000, 0xffff0053, 0xaa4c0000, 0xffff0053,
	0xaa4d0000, 0xffff0053, 0xaa4e0000, 0xffff0053,
	0xaa4f0000, 0x00ff0053, 0xaa500000, 0xffff0053,
	0xaa510000, 0xffff0053, 0xaa520000, 0x00ff0053,
	0xaa520000, 0xff000053, 0xaa530000, 0xffff0053,
	0xaa540000, 0xffff0053, 0xaa550000, 0xffff0053,
	0xaa560000, 0xffff0053, 0xaa570000, 0x00ff0053,
	0xaa580000, 0xffff0053, 0xaa590000, 0xffff0053,
	0xaa5a0000, 0x00ff0053, 0xaa5a0000, 0xff000053,
	0xaa5b0000, 0xffff0053, 0xaa5c0000, 0xffff0053,
	0xaa5d0000, 0xffff0053, 0xaa5e0000, 0xffff0053,
	0xaa5f0000, 0x00ff0053, 0xaa600000, 0xffff0053,
	0xaa610000, 0xffff0053, 0xaa620000, 0x00ff0053,
	0xaa620000, 0xff000053, 0xaa630000, 0xffff0053,
	0xaa640000, 0xffff0053, 0xaa650000, 0xffff0053,
	0xaa660000, 0xffff0053, 0xaa670000, 0x00ff0053,
	0xaa680000, 0xffff0053, 0xaa690000, 0xffff0053,
	0xaa6a0000, 0x00ff0053, 0xaa6a0000, 0xff000053,
	0xaa6b0000, 0xffff0053, 0xaa6c0000, 0xffff0053,
	0xaa6d0000, 0xffff0053, 0xaa6e0000, 0xffff0053,
	0xaa6f0000, 0x00ff0053, 0xaa700000, 0xffff0053,
	0xaa710000, 0xffff0053, 0xaa720000, 0x00ff0053,
	0xaa720000, 0xff000053, 0xaa730000, 0xffff0053,
	0xaa740000, 0xffff0053, 0xaa750000, 0xffff0053,
	0xaa760000, 0xffff0053, 0xaa770000, 0x00ff0053,
	0xaa780000, 0xffff0053, 0xaa790000, 0xffff0053,
	0xaa7a0000, 0x00ff0053, 0xaa7a0000, 0xff000053,
	0xaa7b0000, 0xffff0053, 0xaa7c0000, 0xffff0053,
	0xad010000, 0x00100053, 0xad010000, 0x03000053,
	0xad080000, 0x80000053, 0xad100000, 0x80000053,
	0xad080000, 0x1fff0053, 0xad090000, 0x1fff0053,
	0xad0a0000, 0x1fff0053, 0xad0b0000, 0x1fff0053,
	0xad0c0000, 0x1fff0053, 0xad0d0000, 0x1fff0053,
	0xad0e0000, 0x1fff0053, 0xad0f0000, 0x1fff0053,
	0xad100000, 0x00ff0053, 0xad110000, 0x00ff0053,
	0xad120000, 0x00ff0053, 0xad130000, 0x00ff0053,
	0xad140000, 0x00ff0053, 0xad150000, 0x00ff0053,
	0xad160000, 0x00ff0053, 0xad170000, 0x00ff0053,
	0xad180000, 0x00030053, 0xad190000, 0x00030053,
	0xad190000, 0x03000053, 0xad180000, 0x80000053,
	0xa9010000, 0x00010053, 0xa9010000, 0x00020053,
	0xae180001, 0x00030053, 0xac7b0000, 0x00800053,
	0xab060000, 0x00ff0053, 0xab070002, 0x00020053,
	0xab348001, 0x80010053, 0xac070000, 0x00200053,
	0xac7302d0, 0xffff0053, 0xac7401e0, 0xffff0053,
	0xab060000, 0x00ff0053, 0xac720000, 0x80000053,
	0xac790001, 0x00010053, 0xac320001, 0x00010053,
	0xac010000, 0x20000053, 0xac011000, 0x10000053,
	0xac018000, 0x80000053, 0xac020001, 0x00010053,
	0xac020000, 0x00020053, 0xac020004, 0x00040053,
	0xac020000, 0x00080053, 0xac020000, 0x00100053,
	0xac020000, 0x00200053, 0xac1f0005, 0x00070053,
	0xac010000, 0x00040053, 0xac082000, 0xffff0053,
	0xac09031f, 0xffff0053, 0xac0a0691, 0xffff0053,
	0xac0b2000, 0xffff0053, 0xac0cfc5b, 0xffff0053,
	0xac0d0443, 0xffff0053, 0xac0e2000, 0xffff0053,
	0xac0f010b, 0xffff0053, 0xac10ea57, 0xffff0053,
	0xac118000, 0xffff0053, 0xac12004d, 0xffff0053,
	0xac13f000, 0xffff0053, 0xac140004, 0xffff0053,
	0xac151000, 0xffff0053, 0xac16ff5b, 0xffff0053,
	0xac1bffff, 0xffff0053, 0xac1c01ff, 0xffff0053,
	0xac070280, 0x03800053, 0xac170000, 0xffff0053,
	0xac18fff0, 0xffff0053, 0xac190010, 0xffff0053,
	0xac1a0001, 0x00010053, 0xac070000, 0x00020053,
	0xac070000, 0x000c0053, 0xac010000, 0x00080053,
	0xac070001, 0x00010053, 0xac010000, 0x00100053,
	0xac204000, 0xffff0053, 0xac21ffff, 0xffff0053,
	0xac22ffff, 0xffff0053, 0xac23ffff, 0xffff0053,
	0xac244000, 0xffff0053, 0xac25ffff, 0xffff0053,
	0xac26ffff, 0xffff0053, 0xac27ffff, 0xffff0053,
	0xac284000, 0xffff0053, 0xac070c00, 0x0c000053,
	0xac010000, 0x00200053, 0xac070000, 0x00100053,
	0xab440000, 0x80000053, 0xac010000, 0x00400053,
	0xac070000, 0x30000053, 0xac290666, 0xffff0053,
	0xac2a0666, 0xffff0053, 0xac2b0333, 0xffff0053,
	0xac2c4748, 0xffff0053, 0xac2db262, 0xffff0053,
	0xac2e0656, 0xffff0053, 0xac2f0ce4, 0xffff0053,
	0xac3005b7, 0xffff0053, 0xac31ed65, 0xffff0053,
	0xac010000, 0x00800053, 0xac010000, 0x00010053,
	0xac5d0000, 0x00040053, 0xac5d0000, 0x00080053,
	0xac5d0000, 0x00010053, 0xac5d0000, 0x00020053,
	0xac720000, 0x00030053, 0xac708000, 0x80000053,
	0xac718000, 0x80000053, 0xac718000, 0x80000053,
	0xac718000, 0x80000053, 0xac718000, 0x80000053,
};

uint32_t idk_ut_5005_mix_ipt_ipt_msys_all_ml_tbl[] = {
	0x59010001, 0x00010053, 0x59010000, 0x00020053,
	0x59297fff, 0xffff0053, 0x592a0c7c, 0xffff0053,
	0x592b1a45, 0xffff0053, 0x592c7fff, 0xffff0053,
	0x592df16d, 0xffff0053, 0x592e110d, 0xffff0053,
	0x592f7fff, 0xffff0053, 0x5930042d, 0xffff0053,
	0x5931a95c, 0xffff0053, 0x59070000, 0x30000053,
	0x59010000, 0x00040053, 0x59010000, 0x00080053,
	0x59204000, 0xffff0053, 0x59210000, 0xffff0053,
	0x59220000, 0xffff0053, 0x59230000, 0xffff0053,
	0x59244000, 0xffff0053, 0x59250000, 0xffff0053,
	0x59260000, 0xffff0053, 0x59270000, 0xffff0053,
	0x59284000, 0xffff0053, 0x59071000, 0x0c000053,
	0x59460000, 0xffff0053, 0x59479c40, 0xffff0053,
	0x59430000, 0xffff0053, 0x59440000, 0xffff0053,
	0x59010000, 0x00100053, 0x59070001, 0x00010053,
	0x59010000, 0x00200053, 0x59080666, 0xffff0053,
	0x59090666, 0xffff0053, 0x590a0333, 0xffff0053,
	0x590b4748, 0xffff0053, 0x590cb262, 0xffff0053,
	0x590d0656, 0xffff0053, 0x590e0ce4, 0xffff0053,
	0x590f05b7, 0xffff0053, 0x5910ed65, 0xffff0053,
	0x59110000, 0x1fff0053, 0x59130800, 0x1fff0053,
	0x59150800, 0x1fff0053, 0x59070000, 0x01800053,
	0x59170000, 0x0fff0053, 0x5919fff0, 0xffff0053,
	0x591a0000, 0x00010053, 0x59010000, 0x00400053,
	0x59040000, 0x00010053, 0x591f0000, 0x00030053,
	0x49010000, 0x00040053, 0x49084000, 0xffff0053,
	0x49090000, 0xffff0053, 0x490a64c8, 0xffff0053,
	0x490b4000, 0xffff0053, 0x490cf403, 0xffff0053,
	0x490de208, 0xffff0053, 0x490e4000, 0xffff0053,
	0x490f76c2, 0xffff0053, 0x49100000, 0xffff0053,
	0x49116400, 0xffff0053, 0x49120032, 0xffff0053,
	0x49130580, 0xffff0053, 0x4914ffeb, 0xffff0053,
	0x49156100, 0xffff0053, 0x4916003b, 0xffff0053,
	0x491bffff, 0xffff0053, 0x491c003f, 0xffff0053,
	0x49070000, 0x03800053, 0x49170000, 0xffff0053,
	0x4918ff00, 0xffff0053, 0x49190101, 0xffff0053,
	0x491a0001, 0x00010053, 0x49070002, 0x00020053,
	0x49070000, 0x000c0053, 0x49010000, 0x00080053,
	0x49070000, 0x00010053, 0x49010000, 0x00100053,
	0x49202705, 0xffff0053, 0x492150ce, 0xffff0053,
	0x4922082b, 0xffff0053, 0x492313ef, 0xffff0053,
	0x49245f0d, 0xffff0053, 0x49250d01, 0xffff0053,
	0x49260361, 0xffff0053, 0x49271106, 0xffff0053,
	0x49286b97, 0xffff0053, 0x49070000, 0x0c000053,
	0x49010000, 0x00200053, 0x49010000, 0x00400053,
	0x49070000, 0x30000053, 0x49290666, 0xffff0053,
	0x492a0666, 0xffff0053, 0x492b0333, 0xffff0053,
	0x492c4748, 0xffff0053, 0x492db262, 0xffff0053,
	0x492e0656, 0xffff0053, 0x492f0ce4, 0xffff0053,
	0x493005b7, 0xffff0053, 0x4931ed65, 0xffff0053,
	0x49010000, 0x00800053, 0x49010000, 0x00010053,
	0x49720000, 0x00030053, 0x495d0000, 0x00040053,
	0x495d0000, 0x00080053, 0x495d0000, 0x00010053,
	0x495d0000, 0x00020053, 0x49790001, 0x00010053,
	0x497a0000, 0x000c0053, 0x497d0000, 0x00ff0053,
	0x49320001, 0x00010053, 0x497401e0, 0x1fff0053,
	0x49070000, 0x00200053, 0x59480000, 0x00010053,
	0x59480000, 0x00020053, 0x59480000, 0x00040053,
	0x59480100, 0x01000053, 0x59480010, 0x00100053,
	0x59708000, 0x80000053, 0x59718000, 0x80000053,
	0x597401e0, 0xffff0053, 0x59720000, 0x00010053,
	0x59770001, 0x00ff0053, 0x59760003, 0x00070053,
	0x59780080, 0x0fff0053, 0x59720002, 0x00020053,
	0x597b0000, 0x10000053, 0x49708000, 0x80000053,
	0x49718000, 0x80000053, 0x49718000, 0x80000053,
	0x49718000, 0x80000053, 0x49718000, 0x80000053,
	0x59010001, 0x00010053, 0x59010000, 0x00020053,
	0x59297fff, 0xffff0053, 0x592a0c7c, 0xffff0053,
	0x592b1a45, 0xffff0053, 0x592c7fff, 0xffff0053,
	0x592df16d, 0xffff0053, 0x592e110d, 0xffff0053,
	0x592f7fff, 0xffff0053, 0x5930042d, 0xffff0053,
	0x5931a95c, 0xffff0053, 0x59070000, 0x30000053,
	0x59010000, 0x00040053, 0x59010000, 0x00080053,
	0x59204000, 0xffff0053, 0x59210000, 0xffff0053,
	0x59220000, 0xffff0053, 0x59230000, 0xffff0053,
	0x59244000, 0xffff0053, 0x59250000, 0xffff0053,
	0x59260000, 0xffff0053, 0x59270000, 0xffff0053,
	0x59284000, 0xffff0053, 0x59071000, 0x0c000053,
	0x59460000, 0xffff0053, 0x59479c40, 0xffff0053,
	0x59430000, 0xffff0053, 0x59440000, 0xffff0053,
	0x59010000, 0x00100053, 0x59070001, 0x00010053,
	0x59010000, 0x00200053, 0x59080666, 0xffff0053,
	0x59090666, 0xffff0053, 0x590a0333, 0xffff0053,
	0x590b4748, 0xffff0053, 0x590cb262, 0xffff0053,
	0x590d0656, 0xffff0053, 0x590e0ce4, 0xffff0053,
	0x590f05b7, 0xffff0053, 0x5910ed65, 0xffff0053,
	0x59110000, 0x1fff0053, 0x59130800, 0x1fff0053,
	0x59150800, 0x1fff0053, 0x59070000, 0x01800053,
	0x59170000, 0x0fff0053, 0x5919fff0, 0xffff0053,
	0x591a0000, 0x00010053, 0x59010000, 0x00400053,
	0x59040000, 0x00010053, 0x591f0000, 0x00030053,
	0x51010000, 0x00040053, 0x51084000, 0xffff0053,
	0x51090000, 0xffff0053, 0x510a64c8, 0xffff0053,
	0x510b4000, 0xffff0053, 0x510cf403, 0xffff0053,
	0x510de208, 0xffff0053, 0x510e4000, 0xffff0053,
	0x510f76c2, 0xffff0053, 0x51100000, 0xffff0053,
	0x51116400, 0xffff0053, 0x51120032, 0xffff0053,
	0x51130580, 0xffff0053, 0x5114ffeb, 0xffff0053,
	0x51156100, 0xffff0053, 0x5116003b, 0xffff0053,
	0x511bffff, 0xffff0053, 0x511c003f, 0xffff0053,
	0x51070000, 0x03800053, 0x51170000, 0xffff0053,
	0x5118ff00, 0xffff0053, 0x51190101, 0xffff0053,
	0x511a0001, 0x00010053, 0x51070002, 0x00020053,
	0x51070000, 0x000c0053, 0x51010000, 0x00080053,
	0x51070000, 0x00010053, 0x51010000, 0x00100053,
	0x51202705, 0xffff0053, 0x512150ce, 0xffff0053,
	0x5122082b, 0xffff0053, 0x512313ef, 0xffff0053,
	0x51245f0d, 0xffff0053, 0x51250d01, 0xffff0053,
	0x51260361, 0xffff0053, 0x51271106, 0xffff0053,
	0x51286b97, 0xffff0053, 0x51070000, 0x0c000053,
	0x51010000, 0x00200053, 0x51010000, 0x00400053,
	0x51070000, 0x30000053, 0x51290666, 0xffff0053,
	0x512a0666, 0xffff0053, 0x512b0333, 0xffff0053,
	0x512c4748, 0xffff0053, 0x512db262, 0xffff0053,
	0x512e0656, 0xffff0053, 0x512f0ce4, 0xffff0053,
	0x513005b7, 0xffff0053, 0x5131ed65, 0xffff0053,
	0x51010000, 0x00800053, 0x51010000, 0x00010053,
	0x51720000, 0x00030053, 0x515d0000, 0x00040053,
	0x515d0000, 0x00080053, 0x515d0000, 0x00010053,
	0x515d0000, 0x00020053, 0x51790001, 0x00010053,
	0x517a0000, 0x000c0053, 0x517d0000, 0x00ff0053,
	0x51320001, 0x00010053, 0x517401e0, 0x1fff0053,
	0x51070000, 0x00200053, 0x59480000, 0x00010053,
	0x59480000, 0x00020053, 0x59480000, 0x00040053,
	0x59480100, 0x01000053, 0x59480010, 0x00100053,
	0x59708000, 0x80000053, 0x59718000, 0x80000053,
	0x597401e0, 0xffff0053, 0x59720000, 0x00010053,
	0x59770001, 0x00ff0053, 0x59760003, 0x00070053,
	0x59780080, 0x0fff0053, 0x59720002, 0x00020053,
	0x597b0000, 0x10000053, 0x51708000, 0x80000053,
	0x51718000, 0x80000053, 0x51718000, 0x80000053,
	0x51718000, 0x80000053, 0x51718000, 0x80000053,
};
#endif
